video_id,title,title_parsed,parsed_committee,parsed_date,has_start_time,start_eastern,actual_start_utc,actual_end_utc,duration_iso,published_at
0qw66jgoxgA,House Ways and Means (01/07/2025),yes,Ways and Means,2025-01-07,yes,2025-01-07 09:59:07,2025-01-07T14:59:07Z,2025-01-07T19:07:41Z,PT4H8M32S,2025-01-07T19:19:18Z
5eY8R4UfzAk,House Commerce and Consumer Affairs (01/07/2025),yes,Commerce and Consumer Affairs,2025-01-07,yes,2025-01-07 09:59:01,2025-01-07T14:59:01Z,2025-01-07T20:57:45Z,PT5H58M39S,2025-01-07T21:16:11Z
THUSm2A7C3M,House Session (01/08/2025),yes,Session,2025-01-08,yes,2025-01-08 09:58:21,2025-01-08T14:58:21Z,2025-01-08T17:25:54Z,PT2H27M26S,2025-01-08T17:38:02Z
qMhIyXj9AhI,House Session (01/09/2025),yes,Session,2025-01-09,yes,2025-01-09 11:29:11,2025-01-09T16:29:11Z,2025-01-09T18:11:11Z,PT1H41M51S,2025-01-09T18:29:01Z
gey2yTUlulY,House Municipal and County Government (01/13/2025),yes,Municipal and County Government,2025-01-13,yes,2025-01-13 09:59:01,2025-01-13T14:59:01Z,2025-01-13T19:38:12Z,PT4H39M10S,2025-01-13T19:57:33Z
NDGQlpCyCoQ,House Ways and Means (01/13/2025),yes,Ways and Means,2025-01-13,yes,2025-01-13 08:59:01,2025-01-13T13:59:01Z,2025-01-13T20:06:01Z,PT6H7M7S,2025-01-13T20:25:38Z
CT3rahQ1s2A,"House Science, Technology and Energy (01/13/2025)",yes,"Science, Technology and Energy",2025-01-13,yes,2025-01-13 09:00:51,2025-01-13T14:00:51Z,2025-01-13T20:32:01Z,PT6H31M16S,2025-01-13T20:52:15Z
ShykU-tv9Hw,House Ways and Means (01/14/2025),yes,Ways and Means,2025-01-14,yes,2025-01-14 08:59:06,2025-01-14T13:59:06Z,2025-01-14T20:07:11Z,PT6H8M13S,2025-01-14T20:29:40Z
WqxRBHeh01Y,House Commerce and Consumer Affairs (01/14/2025),yes,Commerce and Consumer Affairs,2025-01-14,yes,2025-01-14 09:59:06,2025-01-14T14:59:06Z,2025-01-14T20:23:29Z,PT5H24M20S,2025-01-14T20:43:10Z
_wDRbu58z94,House Environment and Agriculture (01/14/2025),yes,Environment and Agriculture,2025-01-14,yes,2025-01-14 10:27:32,2025-01-14T15:27:32Z,2025-01-14T21:06:52Z,PT5H39M30S,2025-01-14T21:24:52Z
dFsSa_rBmDg,"House Science, Technology and Energy (01/14/2025)",yes,"Science, Technology and Energy",2025-01-14,yes,2025-01-14 08:59:37,2025-01-14T13:59:37Z,2025-01-14T21:48:21Z,PT7H49M1S,2025-01-14T22:19:56Z
guz5dRysbxU,House Public Works and Highways (01/14/2025),yes,Public Works and Highways,2025-01-14,yes,2025-01-14 09:58:52,2025-01-14T14:58:52Z,2025-01-14T15:55:30Z,PT56M56S,2025-01-15T04:00:35Z
kmsfOj51iK8,House Committee on Housing (01/14/2025),yes,Committee on Housing,2025-01-14,yes,2025-01-14 09:58:52,2025-01-14T14:58:52Z,2025-01-14T16:37:00Z,PT1H38M16S,2025-01-15T04:44:35Z
mrcygBINWjM,House Education Funding (01/14/2025),yes,Education Funding,2025-01-14,yes,2025-01-14 09:58:51,2025-01-14T14:58:51Z,2025-01-14T17:13:27Z,PT2H14M36S,2025-01-15T05:26:30Z
RAfQR4SVzIk,House Transportation (01/14/2025),yes,Transportation,2025-01-14,yes,2025-01-14 09:58:56,2025-01-14T14:58:56Z,2025-01-14T17:53:36Z,PT2H54M56S,2025-01-15T06:07:29Z
xMvunDjrOoE,"House Resources, Recreation and Development (01/15/2025)",yes,"Resources, Recreation and Development",2025-01-15,yes,2025-01-15 09:29:11,2025-01-15T14:29:11Z,2025-01-15T18:36:17Z,PT4H7M20S,2025-01-15T18:47:19Z
kroZ5gD73Xw,House Executive Departments and Administration (01/15/2025),yes,Executive Departments and Administration,2025-01-15,yes,2025-01-15 09:59:31,2025-01-15T14:59:31Z,2025-01-15T19:53:09Z,PT4H53M36S,2025-01-15T20:10:40Z
delPtmOeKmc,House Judiciary (01/15/2025),yes,Judiciary,2025-01-15,yes,2025-01-15 09:59:26,2025-01-15T14:59:26Z,2025-01-15T20:20:55Z,PT5H21M35S,2025-01-15T20:39:45Z
9ccqlbN4A1E,House Commerce and Consumer Affairs (01/15/2025),yes,Commerce and Consumer Affairs,2025-01-15,yes,2025-01-15 09:59:06,2025-01-15T14:59:06Z,2025-01-15T20:39:17Z,PT5H40M7S,2025-01-15T20:53:46Z
EyOi37y9mNU,House Education Policy and Administration (01/15/2025),yes,Education Policy and Administration,2025-01-15,yes,2025-01-15 08:57:36,2025-01-15T13:57:36Z,2025-01-15T21:04:43Z,PT7H6M54S,2025-01-15T21:24:43Z
GZB3GMBfvVw,House Criminal Justice and Public Safety (01/15/2025),yes,Criminal Justice and Public Safety,2025-01-15,yes,2025-01-15 09:59:26,2025-01-15T14:59:26Z,2025-01-15T17:09:38Z,PT2H10M21S,2025-01-16T05:28:31Z
hwjmIbRKozA,House Executive Departments and Administration (01/16/2025),yes,Executive Departments and Administration,2025-01-16,yes,2025-01-16 09:59:02,2025-01-16T14:59:02Z,2025-01-16T20:02:30Z,PT5H3M15S,2025-01-16T20:22:56Z
N93AUvPyrZY,House Education Funding (01/16/2025),yes,Education Funding,2025-01-16,yes,2025-01-16 12:44:56,2025-01-16T17:44:56Z,2025-01-16T22:54:30Z,PT5H9M38S,2025-01-16T23:08:27Z
x2uoivYMRo0,House Finance (01/16/2025),yes,Finance,2025-01-16,yes,2025-01-16 09:59:06,2025-01-16T14:59:06Z,2025-01-16T16:29:47Z,PT1H30M56S,2025-01-17T04:39:15Z
BDdHQ0SK0h8,House Finance Division III (01/16/2025),yes,Finance Division III,2025-01-16,yes,2025-01-16 12:29:16,2025-01-16T17:29:16Z,2025-01-16T18:01:41Z,PT32M36S,2025-01-17T06:08:05Z
CBQ8f-rFCtM,House Finance Division II (01/16/2025),yes,Finance Division II,2025-01-16,yes,2025-01-16 12:58:16,2025-01-16T17:58:16Z,2025-01-16T18:39:26Z,PT41M11S,2025-01-17T06:46:39Z
cyJJBwAdkDs,House Finance Division I (01/16/2025),yes,Finance Division I,2025-01-16,yes,2025-01-16 12:59:08,2025-01-16T17:59:08Z,2025-01-16T18:48:29Z,PT49M22S,2025-01-17T06:53:42Z
Y74-_qlNuFA,"House Health, Human Services and Elderly Affairs (01/16/2025)",yes,"Health, Human Services and Elderly Affairs",2025-01-16,yes,2025-01-16 12:58:16,2025-01-16T17:58:16Z,2025-01-16T20:35:32Z,PT2H37M10S,2025-01-17T08:45:35Z
qr9182T1AaI,House State-Federal Relations and Veterans Affairs (01/17/2025),yes,State-Federal Relations and Veterans Affairs,2025-01-17,yes,2025-01-17 08:59:41,2025-01-17T13:59:41Z,2025-01-17T21:37:00Z,PT7H37M21S,2025-01-17T21:55:15Z
6x8B73i2VRI,JLCAR Administrative Rules (01/17/25),yes,JLCAR Administrative Rules,2025-01-17,yes,2025-01-17 08:58:26,2025-01-17T13:58:26Z,2025-01-17T14:23:23Z,PT25M6S,2025-01-18T02:33:52Z
WDR-rkoQxy4,House Ways and Means (01/21/2025),yes,Ways and Means,2025-01-21,yes,2025-01-21 09:57:36,2025-01-21T14:57:36Z,2025-01-21T19:32:11Z,PT4H34M32S,2025-01-21T19:45:30Z
U-NbBdIbl54,House Committee on Housing (01/21/2025),yes,Committee on Housing,2025-01-21,yes,2025-01-21 09:59:01,2025-01-21T14:59:01Z,2025-01-21T20:56:23Z,PT5H57M36S,2025-01-21T21:15:23Z
UtfK_9GfH6c,House Education Funding (01/21/2025),yes,Education Funding,2025-01-21,yes,2025-01-21 09:28:56,2025-01-21T14:28:56Z,2025-01-21T20:54:48Z,PT6H25M57S,2025-01-21T21:16:21Z
4zIMaHZgMBQ,House Transportation (01/21/2025),yes,Transportation,2025-01-21,yes,2025-01-21 09:59:06,2025-01-21T14:59:06Z,2025-01-21T21:01:27Z,PT6H2M7S,2025-01-21T21:18:22Z
KXfYukBps8c,"House Labor, Industrial and Rehabilitative Services (01/21/2025)",yes,"Labor, Industrial and Rehabilitative Services",2025-01-21,yes,2025-01-21 09:57:36,2025-01-21T14:57:36Z,2025-01-21T21:04:04Z,PT6H6M26S,2025-01-21T21:26:53Z
E56B-ltYLK0,House Environment and Agriculture (01/21/2025),yes,Environment and Agriculture,2025-01-21,yes,2025-01-21 09:59:11,2025-01-21T14:59:11Z,2025-01-21T21:23:47Z,PT6H24M42S,2025-01-21T21:40:32Z
S20bcbWajKg,"House Science, Technology and Energy (01/21/2025)",yes,"Science, Technology and Energy",2025-01-21,yes,2025-01-21 10:29:11,2025-01-21T15:29:11Z,2025-01-21T21:23:32Z,PT5H54M26S,2025-01-21T21:44:41Z
TIJI_8mWYd4,House Children and Family Law (01/21/2025),yes,Children and Family Law,2025-01-21,yes,2025-01-21 09:57:31,2025-01-21T14:57:31Z,2025-01-21T21:25:40Z,PT6H28M11S,2025-01-21T21:46:11Z
K2KXtfeW5Zs,House Election Law (01/21/2025),yes,Election Law,2025-01-21,yes,2025-01-21 09:57:32,2025-01-21T14:57:32Z,2025-01-21T17:49:17Z,PT2H51M46S,2025-01-22T06:08:06Z
qrZvQUfFF80,"House Health, Human Services and Elderly Affairs (01/22/2025)",yes,"Health, Human Services and Elderly Affairs",2025-01-22,yes,2025-01-22 09:29:01,2025-01-22T14:29:01Z,2025-01-22T19:17:19Z,PT4H48M9S,2025-01-22T19:30:05Z
shIzGgRpcMA,House Ways and Means (01/22/2025),yes,Ways and Means,2025-01-22,yes,2025-01-22 09:58:41,2025-01-22T14:58:41Z,2025-01-22T19:19:08Z,PT4H20M36S,2025-01-22T19:31:14Z
YDPdFFbYjvI,House Commerce and Consumer Affairs (01/22/2025),yes,Commerce and Consumer Affairs,2025-01-22,yes,2025-01-22 09:58:46,2025-01-22T14:58:46Z,2025-01-22T19:24:18Z,PT4H25M38S,2025-01-22T19:36:53Z
j7Cv_FWmmxg,"House Resources, Recreation and Development (01/22/2025)",yes,"Resources, Recreation and Development",2025-01-22,yes,2025-01-22 09:58:46,2025-01-22T14:58:46Z,2025-01-22T19:47:55Z,PT4H49M18S,2025-01-22T20:03:33Z
kbzjf-gf41I,House Executive Departments and Administration (01/22/2025),yes,Executive Departments and Administration,2025-01-22,yes,2025-01-22 09:58:42,2025-01-22T14:58:42Z,2025-01-22T20:32:27Z,PT5H33M36S,2025-01-22T20:49:17Z
0ImOu5wiGS8,"House Labor, Industrial and Rehabilitative Services (01/22/2025)",yes,"Labor, Industrial and Rehabilitative Services",2025-01-22,yes,2025-01-22 09:58:16,2025-01-22T14:58:16Z,2025-01-22T20:43:43Z,PT5H45M41S,2025-01-22T21:04:00Z
FyqXXCaLeV0,House Education Policy and Administration (01/22/2025),yes,Education Policy and Administration,2025-01-22,yes,2025-01-22 09:29:01,2025-01-22T14:29:01Z,2025-01-22T20:43:05Z,PT6H13M48S,2025-01-22T21:04:31Z
oGPhS8kUmo8,House Finance Division I (01/22/2025),yes,Finance Division I,2025-01-22,yes,2025-01-22 08:58:41,2025-01-22T13:58:41Z,2025-01-22T21:10:12Z,PT7H11M36S,2025-01-22T21:29:25Z
jPuyJ-rdt6E,House Judiciary (01/22/2025),yes,Judiciary,2025-01-22,yes,2025-01-22 09:59:01,2025-01-22T14:59:01Z,2025-01-22T21:40:48Z,PT6H41M49S,2025-01-22T22:13:50Z
Za7S6XVhhtU,House Criminal Justice and Public Safety (01/22/2025),yes,Criminal Justice and Public Safety,2025-01-22,yes,2025-01-22 09:58:21,2025-01-22T14:58:21Z,2025-01-22T21:58:38Z,PT7H21S,2025-01-22T22:26:34Z
jmw3zbvTHuY,House Legislative Administration (01/23/2025),yes,Legislative Administration,2025-01-23,yes,2025-01-23 09:59:06,2025-01-23T14:59:06Z,2025-01-23T19:57:34Z,PT4H58M7S,2025-01-23T20:14:42Z
HZB8ltC4WEk,House Education Policy and Administration (01/23/2025),yes,Education Policy and Administration,2025-01-23,yes,2025-01-23 09:58:51,2025-01-23T14:58:51Z,2025-01-23T20:41:01Z,PT5H41M44S,2025-01-23T20:59:08Z
IpQTZAfcyLw,House Commerce and Consumer Affairs (01/23/2025),yes,Commerce and Consumer Affairs,2025-01-23,yes,2025-01-23 09:58:46,2025-01-23T14:58:46Z,2025-01-23T20:51:33Z,PT5H52M44S,2025-01-23T21:14:17Z
8hRrB7Epv7g,House Criminal Justice and Public Safety (01/23/2025),yes,Criminal Justice and Public Safety,2025-01-23,yes,2025-01-23 09:59:06,2025-01-23T14:59:06Z,2025-01-23T21:06:19Z,PT6H6M55S,2025-01-23T21:24:36Z
57Ol8cJ5vOQ,House Executive Departments and Administration (01/23/2025),yes,Executive Departments and Administration,2025-01-23,yes,2025-01-23 09:59:01,2025-01-23T14:59:01Z,2025-01-23T21:27:20Z,PT6H28M4S,2025-01-23T21:50:25Z
sWrf_-OXWWE,House Municipal and County Government (01/23/2025),yes,Municipal and County Government,2025-01-23,yes,2025-01-23 09:29:04,2025-01-23T14:29:04Z,2025-01-23T21:41:07Z,PT7H12M12S,2025-01-23T22:01:29Z
duqspBlfRWo,House Finance (01/23/2025),yes,Finance,2025-01-23,yes,2025-01-23 09:58:56,2025-01-23T14:58:56Z,2025-01-23T17:52:00Z,PT2H53M11S,2025-01-24T06:10:02Z
27uWV8J5k84,"House Health, Human Services and Elderly Affairs (01/23/2025)",yes,"Health, Human Services and Elderly Affairs",2025-01-23,yes,2025-01-23 09:32:22,2025-01-23T14:32:22Z,2025-01-23T18:31:48Z,PT3H59M26S,2025-01-24T06:53:04Z
EuhcSyUb5QQ,House Education Funding (01/24/2025),yes,Education Funding,2025-01-24,yes,2025-01-24 09:29:31,2025-01-24T14:29:31Z,2025-01-24T18:44:14Z,PT4H14M46S,2025-01-24T18:53:25Z
AbQKalFVb9U,House State-Federal Relations and Veterans Affairs (01/24/2025),yes,State-Federal Relations and Veterans Affairs,2025-01-24,yes,2025-01-24 09:29:31,2025-01-24T14:29:31Z,2025-01-24T20:09:42Z,PT5H40M6S,2025-01-24T20:29:55Z
n6v-w4EAwFs,House Criminal Justice and Public Safety (01/24/2025),yes,Criminal Justice and Public Safety,2025-01-24,yes,2025-01-24 10:00:06,2025-01-24T15:00:06Z,2025-01-24T20:21:34Z,PT5H21M26S,2025-01-24T20:37:30Z
Xj12ZhCCEls,Health and Human Services Oversight Committee (01/24/2025),yes,Health and Human Services Oversight Committee,2025-01-24,yes,2025-01-24 12:59:01,2025-01-24T17:59:01Z,2025-01-24T19:53:47Z,PT1H55M1S,2025-01-25T08:03:15Z
GUQj2L0y12A,House Judiciary (01/27/2025),yes,Judiciary,2025-01-27,yes,2025-01-27 09:29:01,2025-01-27T14:29:01Z,2025-01-27T19:38:46Z,PT5H9M48S,2025-01-27T19:50:31Z
p0yjQsa09wU,House Education Policy and Administration (01/27/2025),yes,Education Policy and Administration,2025-01-27,yes,2025-01-27 09:59:16,2025-01-27T14:59:16Z,2025-01-27T19:41:02Z,PT4H41M51S,2025-01-27T19:55:43Z
x8MWUwsdpnw,House Ways and Means (01/27/2025),yes,Ways and Means,2025-01-27,yes,2025-01-27 09:59:21,2025-01-27T14:59:21Z,2025-01-27T20:25:52Z,PT5H26M31S,2025-01-27T20:45:04Z
VmcXdfkWIlE,"House Science, Technology and Energy (01/27/2025)",yes,"Science, Technology and Energy",2025-01-27,yes,2025-01-27 08:59:06,2025-01-27T13:59:06Z,2025-01-27T20:51:39Z,PT6H51M55S,2025-01-27T21:25:30Z
8AMOUj2Ydok,House Finance Division III (01/27/2025),yes,Finance Division III,2025-01-27,yes,2025-01-27 09:58:57,2025-01-27T14:58:57Z,2025-01-27T16:22:45Z,PT1H24M1S,2025-01-28T04:31:47Z
MtdryqI4E3E,House Finance Division II (01/27/2025),yes,Finance Division II,2025-01-27,yes,2025-01-27 12:58:56,2025-01-27T17:58:56Z,2025-01-27T19:37:58Z,PT1H39M11S,2025-01-28T08:11:04Z
0xTQFwCRWYw,House Election Law (01/28/2025),yes,Election Law,2025-01-28,yes,2025-01-28 09:58:31,2025-01-28T14:58:31Z,2025-01-28T19:54:52Z,PT4H56M31S,2025-01-28T20:10:26Z
TBh3Axic1Ng,House Finance Division III (01/28/2025),yes,Finance Division III,2025-01-28,yes,2025-01-28 10:58:26,2025-01-28T15:58:26Z,2025-01-28T20:06:27Z,PT4H8M16S,2025-01-28T20:19:04Z
eWp_onFE_Wo,"House Science, Technology and Energy (01/28/2025)",yes,"Science, Technology and Energy",2025-01-28,yes,2025-01-28 08:59:06,2025-01-28T13:59:06Z,2025-01-28T20:13:11Z,PT6H14M,2025-01-28T20:34:33Z
5mmszMTU7mw,House Transportation (01/28/2025),yes,Transportation,2025-01-28,yes,2025-01-28 09:58:32,2025-01-28T14:58:32Z,2025-01-28T20:25:31Z,PT5H27M1S,2025-01-28T20:39:24Z
_4URYN6-gj0,House Ways and Means (01/28/2025),yes,Ways and Means,2025-01-28,yes,2025-01-28 09:59:06,2025-01-28T14:59:06Z,2025-01-28T20:22:27Z,PT5H23M23S,2025-01-28T20:39:33Z
nroo4J23ZAw,House Education Funding (01/28/2025),yes,Education Funding,2025-01-28,yes,2025-01-28 09:59:01,2025-01-28T14:59:01Z,2025-01-28T20:31:39Z,PT5H32M43S,2025-01-28T20:47:34Z
xDiJ17mvLBc,House Children and Family Law (01/28/2025),yes,Children and Family Law,2025-01-28,yes,2025-01-28 09:59:01,2025-01-28T14:59:01Z,2025-01-28T20:42:37Z,PT5H43M36S,2025-01-28T20:56:25Z
LGPDV6HFn4w,House Environment and Agriculture (01/28/2025),yes,Environment and Agriculture,2025-01-28,yes,2025-01-28 09:58:26,2025-01-28T14:58:26Z,2025-01-28T21:05:49Z,PT6H7M31S,2025-01-28T21:25:09Z
5o4O8ZiG11o,House Committee on Housing (01/28/2025),yes,Committee on Housing,2025-01-28,yes,2025-01-28 09:58:31,2025-01-28T14:58:31Z,2025-01-28T21:23:14Z,PT6H10M46S,2025-01-28T21:38:47Z
jh5k9G36y08,"House Labor, Industrial and Rehabilitative Services (01/28/2025)",yes,"Labor, Industrial and Rehabilitative Services",2025-01-28,yes,2025-01-28 09:58:31,2025-01-28T14:58:31Z,2025-01-28T21:48:54Z,PT6H50M31S,2025-01-28T22:09:28Z
XrLmNzUWUmU,House Executive Departments and Administration (01/28/2025),yes,Executive Departments and Administration,2025-01-28,yes,2025-01-28 10:12:57,2025-01-28T15:12:57Z,2025-01-28T16:18:47Z,PT1H5M41S,2025-01-29T04:23:09Z
yPoVLJZ7xxk,House Public Works and Highways (01/28/2025),yes,Public Works and Highways,2025-01-28,yes,2025-01-28 09:58:31,2025-01-28T14:58:31Z,2025-01-28T17:28:55Z,PT2H30M26S,2025-01-29T05:45:26Z
5nxvfbIV0oE,House Commerce and Consumer Affairs (01/29/2025),yes,Commerce and Consumer Affairs,2025-01-29,yes,2025-01-29 09:58:41,2025-01-29T14:58:41Z,2025-01-29T19:42:55Z,PT4H44M21S,2025-01-29T19:53:24Z
btKMda6mgZM,House Executive Departments and Administration (01/29/2025),yes,Executive Departments and Administration,2025-01-29,yes,2025-01-29 09:58:45,2025-01-29T14:58:45Z,2025-01-29T19:46:00Z,PT4H47M27S,2025-01-29T20:06:57Z
21XKnado3PI,House Criminal Justice and Public Safety (01/29/2025),yes,Criminal Justice and Public Safety,2025-01-29,yes,2025-01-29 09:28:51,2025-01-29T14:28:51Z,2025-01-29T20:38:08Z,PT6H9M16S,2025-01-29T20:57:05Z
xcjDnwtyilc,"House Health, Human Services and Elderly Affairs (01/29/2025)",yes,"Health, Human Services and Elderly Affairs",2025-01-29,yes,2025-01-29 09:28:51,2025-01-29T14:28:51Z,2025-01-29T20:32:55Z,PT6H4M16S,2025-01-29T21:02:32Z
oGegP34IpG0,House Finance Division II (01/29/2025),yes,Finance Division II,2025-01-29,yes,2025-01-29 10:29:51,2025-01-29T15:29:51Z,2025-01-29T20:45:22Z,PT5H15M29S,2025-01-29T21:03:04Z
DL0c5Cz-CGw,House Education Policy and Administration (01/29/2025),yes,Education Policy and Administration,2025-01-29,yes,2025-01-29 09:35:41,2025-01-29T14:35:41Z,2025-01-29T21:00:09Z,PT6H24M27S,2025-01-29T21:20:06Z
-JkLHV1i0Fo,House Finance Division I (01/29/2025),yes,Finance Division I,2025-01-29,yes,2025-01-29 08:58:31,2025-01-29T13:58:31Z,2025-01-29T21:04:15Z,PT7H5M37S,2025-01-29T21:28:10Z
GDmg_KavO8Q,House Judiciary (01/29/2025),yes,Judiciary,2025-01-29,yes,2025-01-29 09:28:56,2025-01-29T14:28:56Z,2025-01-29T22:31:19Z,PT8H2M,2025-01-29T22:49:47Z
C6YkO_S7nmg,"House Resources, Recreation and Development (01/29/2025)",yes,"Resources, Recreation and Development",2025-01-29,yes,2025-01-29 10:13:41,2025-01-29T15:13:41Z,2025-01-29T16:09:07Z,PT55M41S,2025-01-30T04:13:58Z
cHPV9fPmJW8,House Commerce and Consumer Affairs (01/30/2025),yes,Commerce and Consumer Affairs,2025-01-30,yes,2025-01-30 09:59:02,2025-01-30T14:59:02Z,2025-01-30T19:09:49Z,PT4H10M36S,2025-01-30T19:21:57Z
if-YMJLi8vY,House Executive Departments and Administration (01/30/2025),yes,Executive Departments and Administration,2025-01-30,yes,2025-01-30 10:00:46,2025-01-30T15:00:46Z,2025-01-30T20:45:04Z,PT5H44M31S,2025-01-30T21:04:17Z
0mwuMat8uGI,House Education Funding (01/30/2025),yes,Education Funding,2025-01-30,yes,2025-01-30 09:28:36,2025-01-30T14:28:36Z,2025-01-30T20:54:37Z,PT6H26M6S,2025-01-30T21:15:34Z
4yzD9-88HgM,House Municipal and County Government (01/30/2025),yes,Municipal and County Government,2025-01-30,yes,2025-01-30 09:28:36,2025-01-30T14:28:36Z,2025-01-30T21:49:29Z,PT7H20M56S,2025-01-30T22:13:00Z
ZLW-OZCc7i4,House Criminal Justice and Public Safety (01/30/2025),yes,Criminal Justice and Public Safety,2025-01-30,yes,2025-01-30 10:00:37,2025-01-30T15:00:37Z,2025-01-30T22:16:38Z,PT7H16M16S,2025-01-30T22:47:12Z
p7phfjm6l2Y,Fiscal Committee (01/30/2025),yes,Fiscal Committee,2025-01-30,yes,2025-01-30 09:58:56,2025-01-30T14:58:56Z,2025-01-30T16:32:04Z,PT1H33M21S,2025-01-31T05:06:11Z
HZ2pDv6SMaU,House Judiciary (01/30/2025),yes,Judiciary,2025-01-30,yes,2025-01-30 09:59:01,2025-01-30T14:59:01Z,2025-01-30T17:09:29Z,PT2H10M41S,2025-01-31T05:19:36Z
1wemyHw06pM,House Finance Division III (01/30/2025),yes,Finance Division III,2025-01-30,yes,2025-01-30 12:58:56,2025-01-30T17:58:56Z,2025-01-30T19:53:47Z,PT1H54M51S,2025-01-31T08:16:07Z
xMJdqgyc7x8,House Criminal Justice and Public Safety (01/31/2025),yes,Criminal Justice and Public Safety,2025-01-31,yes,2025-01-31 10:00:21,2025-01-31T15:00:21Z,2025-01-31T20:51:45Z,PT5H51M31S,2025-01-31T21:08:14Z
XeJ6jF--vFs,House State-Federal Relations and Veterans Affairs (01/31/2025),yes,State-Federal Relations and Veterans Affairs,2025-01-31,yes,2025-01-31 08:58:36,2025-01-31T13:58:36Z,2025-01-31T20:50:25Z,PT6H51M47S,2025-01-31T21:26:43Z
80eAXpylhOE,House Education Funding (01/31/2025),yes,Education Funding,2025-01-31,yes,2025-01-31 09:58:56,2025-01-31T14:58:56Z,2025-01-31T17:16:58Z,PT2H18M10S,2025-02-01T05:34:31Z
f87voaqiQfg,House Education Policy and Administration (02/03/2025),yes,Education Policy and Administration,2025-02-03,yes,2025-02-03 09:28:56,2025-02-03T14:28:56Z,2025-02-03T19:20:27Z,PT4H51M36S,2025-02-03T19:41:17Z
M7ruWm1O7Go,House Judiciary (02/03/2025),yes,Judiciary,2025-02-03,yes,2025-02-03 09:29:06,2025-02-03T14:29:06Z,2025-02-03T19:56:02Z,PT5H5M53S,2025-02-03T20:10:40Z
NAmYaVoSexU,"House Science, Technology and Energy (02/03/2025)",yes,"Science, Technology and Energy",2025-02-03,yes,2025-02-03 09:08:17,2025-02-03T14:08:17Z,2025-02-03T21:55:09Z,PT7H47M6S,2025-02-03T22:25:15Z
WFGo88-K7No,House Ways and Means (02/03/2025),yes,Ways and Means,2025-02-03,yes,2025-02-03 09:59:06,2025-02-03T14:59:06Z,2025-02-03T18:58:10Z,PT3H59M3S,2025-02-04T07:13:55Z
QlowN4qOQ3A,House Finance Division II (02/03/2025),yes,Finance Division II,2025-02-03,yes,2025-02-03 12:58:21,2025-02-03T17:58:21Z,2025-02-03T20:02:55Z,PT2H4M45S,2025-02-04T08:17:55Z
JuPXvx-sD9o,House Finance Division III (02/03/2025),yes,Finance Division III,2025-02-03,yes,2025-02-03 12:59:01,2025-02-03T17:59:01Z,2025-02-03T20:29:28Z,PT2H30M40S,2025-02-04T08:51:46Z
0p4_gDRJgQM,House Ways and Means (02/04/2025),yes,Ways and Means,2025-02-04,yes,2025-02-04 09:57:36,2025-02-04T14:57:36Z,2025-02-04T19:23:56Z,PT4H26M9S,2025-02-04T19:39:07Z
zR1I4mc6_bo,House Children and Family Law (02/04/2025),yes,Children and Family Law,2025-02-04,yes,2025-02-04 09:58:21,2025-02-04T14:58:21Z,2025-02-04T19:42:50Z,PT4H44M16S,2025-02-04T19:57:05Z
BC4S3EWwIps,House Municipal and County Government (02/04/2025),yes,Municipal and County Government,2025-02-04,yes,2025-02-04 09:28:46,2025-02-04T14:28:46Z,2025-02-04T19:57:10Z,PT5H28M10S,2025-02-04T20:12:16Z
JEMJeKRBmKM,House Committee on Housing (02/04/2025),yes,Committee on Housing,2025-02-04,yes,2025-02-04 09:58:31,2025-02-04T14:58:31Z,2025-02-04T20:05:46Z,PT5H7M28S,2025-02-04T20:28:36Z
KCA825dw88Q,House Transportation (02/04/2025),yes,Transportation,2025-02-04,yes,2025-02-04 09:57:26,2025-02-04T14:57:26Z,2025-02-04T20:24:00Z,PT5H26M26S,2025-02-04T20:38:44Z
LJtnllAy6o4,House Education Funding (02/04/2025),yes,Education Funding,2025-02-04,yes,2025-02-04 09:44:26,2025-02-04T14:44:26Z,2025-02-04T20:26:16Z,PT5H42M2S,2025-02-04T20:40:36Z
Mv5W3-EENjU,"House Science, Technology and Energy (02/04/2025)",yes,"Science, Technology and Energy",2025-02-04,yes,2025-02-04 08:59:31,2025-02-04T13:59:31Z,2025-02-04T20:47:12Z,PT6H47M56S,2025-02-04T21:12:19Z
sYErSZaCIeY,House Election Law (02/04/2025),yes,Election Law,2025-02-04,yes,2025-02-04 09:56:46,2025-02-04T14:56:46Z,2025-02-04T21:16:27Z,PT6H19M55S,2025-02-04T21:31:23Z
cvkIeLci1rk,House Environment and Agriculture (02/04/2025),yes,Environment and Agriculture,2025-02-04,yes,2025-02-04 09:28:51,2025-02-04T14:28:51Z,2025-02-04T21:15:50Z,PT6H46M47S,2025-02-04T21:43:28Z
vTu-_lom3f0,"House Labor, Industrial and Rehabilitative Services (02/04/2025)",yes,"Labor, Industrial and Rehabilitative Services",2025-02-04,yes,2025-02-04 09:57:51,2025-02-04T14:57:51Z,2025-02-04T21:41:23Z,PT6H43M14S,2025-02-04T22:04:08Z
G_vXJwpPRfk,House Public Works and Highways (02/04/2025),yes,Public Works and Highways,2025-02-04,yes,2025-02-04 09:58:21,2025-02-04T14:58:21Z,2025-02-04T17:30:01Z,PT2H31M56S,2025-02-05T05:41:31Z
xaFddp68XnA,House Executive Departments and Administration (02/05/2025),yes,Executive Departments and Administration,2025-02-05,yes,2025-02-05 09:56:51,2025-02-05T14:56:51Z,2025-02-05T19:30:42Z,PT4H33M56S,2025-02-05T19:51:15Z
Rv07xvf8Qzg,"House Resources, Recreation and Development (02/05/2025)",yes,"Resources, Recreation and Development",2025-02-05,yes,2025-02-05 09:56:51,2025-02-05T14:56:51Z,2025-02-05T19:55:40Z,PT4H58M56S,2025-02-05T20:11:14Z
IBsKHrqKIYQ,House Judiciary (02/05/2025),yes,Judiciary,2025-02-05,yes,2025-02-05 09:29:07,2025-02-05T14:29:07Z,2025-02-05T20:22:45Z,PT5H53M46S,2025-02-05T20:41:18Z
4pD2U77rEvI,House Ways and Means (02/05/2025),yes,Ways and Means,2025-02-05,yes,2025-02-05 09:56:46,2025-02-05T14:56:46Z,2025-02-05T20:21:06Z,PT5H24M31S,2025-02-05T20:42:43Z
JNND9I7OgrM,House Commerce and Consumer Affairs (02/05/2025),yes,Commerce and Consumer Affairs,2025-02-05,yes,2025-02-05 09:56:51,2025-02-05T14:56:51Z,2025-02-05T20:40:15Z,PT5H43M26S,2025-02-05T20:54:58Z
iVH0Sw2xDXs,House Education Policy and Administration (02/05/2025),yes,Education Policy and Administration,2025-02-05,yes,2025-02-05 09:29:01,2025-02-05T14:29:01Z,2025-02-05T20:52:33Z,PT6H23M33S,2025-02-05T21:14:49Z
YPejzaqbY3k,House Fish and Game and Marine Resources (02/05/2025),yes,Fish and Game and Marine Resources,2025-02-05,yes,2025-02-05 08:59:02,2025-02-05T13:59:02Z,2025-02-05T21:03:21Z,PT7H4M14S,2025-02-05T21:25:38Z
DjdT1RgQQzs,"House Health, Human Services and Elderly Affairs (02/05/2025)",yes,"Health, Human Services and Elderly Affairs",2025-02-05,yes,2025-02-05 09:28:16,2025-02-05T14:28:16Z,2025-02-05T21:17:22Z,PT6H49M16S,2025-02-05T21:36:52Z
E8NC3NeKOVs,House Criminal Justice and Public Safety (02/05/2025),yes,Criminal Justice and Public Safety,2025-02-05,yes,2025-02-05 09:56:52,2025-02-05T14:56:52Z,2025-02-05T21:24:56Z,PT6H28M6S,2025-02-05T21:57:17Z
D7OpGlEETc4,House Finance Division I (02/05/2025),yes,Finance Division I,2025-02-05,yes,2025-02-05 09:27:41,2025-02-05T14:27:41Z,2025-02-05T21:42:27Z,PT7H14M56S,2025-02-05T21:59:08Z
uUsymrjKWJs,"House Health, Human Services and Elderly Affairs Work Session on HB 54 (02/05/2025)",yes,"Health, Human Services and Elderly Affairs Work Session on HB 54",2025-02-05,yes,2025-02-05 08:29:16,2025-02-05T13:29:16Z,2025-02-05T14:32:16Z,PT1H3M11S,2025-02-06T02:37:09Z
MIRUvNLl5tQ,House Finance Division II (02/05/2025),yes,Finance Division II,2025-02-05,yes,2025-02-05 12:58:21,2025-02-05T17:58:21Z,2025-02-05T20:01:20Z,PT2H3M,2025-02-06T08:10:19Z
yF8jNLxTeP0,House Session (02/06/2025),yes,Session,2025-02-06,yes,2025-02-06 09:59:07,2025-02-06T14:59:07Z,2025-02-06T19:35:55Z,PT4H36M36S,2025-02-06T19:56:49Z
qfAHKVVyQyc,House Executive Departments and Administration Work Session on HB 637 (02/06/2025),yes,Executive Departments and Administration Work Session on HB 637,2025-02-06,yes,2025-02-06 14:50:31,2025-02-06T19:50:31Z,2025-02-06T20:29:51Z,PT39M36S,2025-02-07T08:33:14Z
OuAUSrshv2s,"House Executive Departments and Administration Work Session on HB 145, HB 271 (02/06/2025)",yes,"Executive Departments and Administration Work Session on HB 145, HB 271",2025-02-06,yes,2025-02-06 14:48:22,2025-02-06T19:48:22Z,2025-02-06T21:04:17Z,PT1H16M6S,2025-02-07T09:21:34Z
rtcqgrTTVDc,House Education Funding (02/07/2025),yes,Education Funding,2025-02-07,yes,2025-02-07 09:28:51,2025-02-07T14:28:51Z,2025-02-07T20:34:26Z,PT6H5M36S,2025-02-07T20:52:18Z
zVUNWlwiMlQ,House State-Federal Relations and Veterans Affairs (02/07/2025),yes,State-Federal Relations and Veterans Affairs,2025-02-07,yes,2025-02-07 09:28:56,2025-02-07T14:28:56Z,2025-02-07T21:27:52Z,PT6H59M6S,2025-02-07T21:50:35Z
Nn_l5mAmLAI,House Criminal Justice and Public Safety (02/07/2025),yes,Criminal Justice and Public Safety,2025-02-07,yes,2025-02-07 09:29:18,2025-02-07T14:29:18Z,2025-02-07T21:40:20Z,PT7H11M46S,2025-02-07T22:03:59Z
zE2t823Zcjw,House Ways and Means (02/10/2025),yes,Ways and Means,2025-02-10,yes,2025-02-10 09:59:01,2025-02-10T14:59:01Z,2025-02-10T20:02:36Z,PT5H3M37S,2025-02-10T20:16:17Z
X-7y3XWOSwo,House Municipal and County Government (02/10/2025),yes,Municipal and County Government,2025-02-10,yes,2025-02-10 09:28:42,2025-02-10T14:28:42Z,2025-02-10T20:32:20Z,PT6H3M46S,2025-02-10T20:58:33Z
6-slZI9fN5c,House Education Policy and Administration (02/10/2025),yes,Education Policy and Administration,2025-02-10,yes,2025-02-10 09:28:26,2025-02-10T14:28:26Z,2025-02-10T21:43:52Z,PT7H15M25S,2025-02-10T22:08:09Z
xAFePV5Jckw,"House Science, Technology and Energy (02/10/2025)",yes,"Science, Technology and Energy",2025-02-10,yes,2025-02-10 08:59:11,2025-02-10T13:59:11Z,2025-02-10T21:51:45Z,PT7H52M32S,2025-02-10T22:27:36Z
bkSoJoRbcok,House Children and Family Law (02/10/2025),yes,Children and Family Law,2025-02-10,yes,2025-02-10 10:59:16,2025-02-10T15:59:16Z,2025-02-10T17:11:02Z,PT1H11M50S,2025-02-11T05:19:25Z
QiNUiqMuuZg,House Finance Division III (02/10/2024),yes,Finance Division III,2024-02-10,yes,2025-02-10 12:59:07,2025-02-10T17:59:07Z,2025-02-10T20:08:57Z,PT2H10M6S,2025-02-11T08:21:53Z
XzsSBwQn9Mc,House Committee on Housing (02/11/2025),yes,Committee on Housing,2025-02-11,yes,2025-02-11 09:58:31,2025-02-11T14:58:31Z,2025-02-11T19:23:11Z,PT4H24M56S,2025-02-11T19:33:04Z
hc2NxiNCzng,House Ways and Means (02/11/2025),yes,Ways and Means,2025-02-11,yes,2025-02-11 09:58:56,2025-02-11T14:58:56Z,2025-02-11T19:37:34Z,PT4H38M42S,2025-02-11T19:48:33Z
RWbxNPrwD2w,House Election Law (02/11/2025),yes,Election Law,2025-02-11,yes,2025-02-11 09:58:16,2025-02-11T14:58:16Z,2025-02-11T20:17:07Z,PT5H19M1S,2025-02-11T20:34:55Z
B-z0QEo2NLU,"House Science, Technology and Energy (02/11/2025)",yes,"Science, Technology and Energy",2025-02-11,yes,2025-02-11 09:00:01,2025-02-11T14:00:01Z,2025-02-11T20:20:31Z,PT6H20M41S,2025-02-11T20:35:10Z
-GdUEVWBxUs,House Commerce and Consumer Affairs (02/11/2025),yes,Commerce and Consumer Affairs,2025-02-11,yes,2025-02-11 09:58:56,2025-02-11T14:58:56Z,2025-02-11T20:48:28Z,PT5H49M22S,2025-02-11T21:08:36Z
0Y2d_XDakUY,House Education Funding (02/11/2025),yes,Education Funding,2025-02-11,yes,2025-02-11 09:58:31,2025-02-11T14:58:31Z,2025-02-11T20:54:36Z,PT5H56M16S,2025-02-11T21:09:10Z
Xssz7VzMRoY,House Environment and Agriculture (02/11/2025),yes,Environment and Agriculture,2025-02-11,yes,2025-02-11 09:02:11,2025-02-11T14:02:11Z,2025-02-11T20:58:01Z,PT6H53M58S,2025-02-11T21:14:22Z
PLlRw14DTXY,House Transportation (02/11/2025),yes,Transportation,2025-02-11,yes,2025-02-11 09:58:31,2025-02-11T14:58:31Z,2025-02-11T21:00:04Z,PT6H1M36S,2025-02-11T21:19:33Z
gZ7YBCboFwI,House Children and Family Law (02/11/2025),yes,Children and Family Law,2025-02-11,yes,2025-02-11 09:58:31,2025-02-11T14:58:31Z,2025-02-11T21:03:13Z,PT6H4M51S,2025-02-11T21:23:04Z
uWNMh2cBWes,"House Labor, Industrial and Rehabilitative Services (02/11/2025)",yes,"Labor, Industrial and Rehabilitative Services",2025-02-11,yes,2025-02-11 09:59:01,2025-02-11T14:59:01Z,2025-02-11T21:32:24Z,PT6H33M13S,2025-02-11T22:17:24Z
YlBYS1BRNVc,House Public Works and Highways (02/11/2025),yes,Public Works and Highways,2025-02-11,yes,2025-02-11 09:58:27,2025-02-11T14:58:27Z,2025-02-11T15:47:27Z,PT49M,2025-02-12T04:05:10Z
jcDwBXoyMF0,House Finance (02/11/2025),yes,Finance,2025-02-11,yes,2025-02-11 12:58:31,2025-02-11T17:58:31Z,2025-02-11T20:04:46Z,PT2H6M20S,2025-02-12T08:22:11Z
LxZ4z91O49Q,House Ways and Means (02/12/2025),yes,Ways and Means,2025-02-12,yes,2025-02-12 09:58:41,2025-02-12T14:58:41Z,2025-02-12T19:39:11Z,PT4H40M,2025-02-12T19:52:52Z
Sa0KwJGaJ3o,House Education Funding (02/12/2025),yes,Education Funding,2025-02-12,yes,2025-02-12 09:59:22,2025-02-12T14:59:22Z,2025-02-12T19:39:33Z,PT4H40M18S,2025-02-12T19:57:49Z
lvWxGrM3l80,House Executive Departments and Administration (02/12/2025),yes,Executive Departments and Administration,2025-02-12,yes,2025-02-12 09:58:21,2025-02-12T14:58:21Z,2025-02-12T20:32:51Z,PT5H34M34S,2025-02-12T20:57:11Z
EFb6GsQclz8,House Judiciary (02/12/2025),yes,Judiciary,2025-02-12,yes,2025-02-12 09:29:01,2025-02-12T14:29:01Z,2025-02-12T20:47:41Z,PT6H18M36S,2025-02-12T21:02:46Z
Y_D1tyC9y2Q,House Education Policy and Administration (02/12/2025),yes,Education Policy and Administration,2025-02-12,yes,2025-02-12 09:30:31,2025-02-12T14:30:31Z,2025-02-12T21:03:55Z,PT6H33M18S,2025-02-12T21:21:42Z
uD-XaNklqbI,House Criminal Justice and Public Safety (02/12/2025),yes,Criminal Justice and Public Safety,2025-02-12,yes,2025-02-12 09:58:01,2025-02-12T14:58:01Z,2025-02-12T21:08:36Z,PT6H10M46S,2025-02-12T21:29:07Z
f0HyxRD3fCA,"House Health, Human Services and Elderly Affairs (02/12/2025)",yes,"Health, Human Services and Elderly Affairs",2025-02-12,yes,2025-02-12 09:28:56,2025-02-12T14:28:56Z,2025-02-12T21:25:36Z,PT6H56M46S,2025-02-12T21:50:22Z
a7Qw_-t02jA,"House Resources, Recreation and Development (02/12/2025)",yes,"Resources, Recreation and Development",2025-02-12,yes,2025-02-12 10:09:52,2025-02-12T15:09:52Z,2025-02-12T21:18:37Z,PT6H8M56S,2025-02-12T21:51:02Z
wMOo22zFAnE,House Fish and Game and Marine Resources (02/12/2025),yes,Fish and Game and Marine Resources,2025-02-12,yes,2025-02-12 10:58:01,2025-02-12T15:58:01Z,2025-02-12T21:50:11Z,PT5H51M47S,2025-02-12T22:14:55Z
NebX_9ERcCE,House Commerce and Consumer Affairs (02/12/2025),yes,Commerce and Consumer Affairs,2025-02-12,yes,2025-02-12 09:59:11,2025-02-12T14:59:11Z,2025-02-12T16:50:47Z,PT1H51M46S,2025-02-13T04:58:12Z
eG9RfgCywec,House Commerce and Consumer Affairs Afternoon Subcommittee Work Session (02/12/2025),yes,Commerce and Consumer Affairs Afternoon Subcommittee Work Session,2025-02-12,yes,2025-02-12 13:25:07,2025-02-12T18:25:07Z,2025-02-12T19:51:40Z,PT1H26M41S,2025-02-13T07:58:31Z
7_HYL-xu3lE,House Session (02/13/2025),yes,Session,2025-02-13,yes,2025-02-13 09:58:11,2025-02-13T14:58:11Z,2025-02-13T19:41:56Z,PT4H43M26S,2025-02-13T20:05:24Z
s1hUKufeMFY,House Fish and Game and Marine Resources (02/14/2025),yes,Fish and Game and Marine Resources,2025-02-14,yes,2025-02-13 12:00:16,2025-02-13T17:00:16Z,2025-02-13T17:25:38Z,PT25M36S,2025-02-14T05:29:34Z
XZr2bO2ZA14,House Environment and Agriculture (02/14/2025),yes,Environment and Agriculture,2025-02-14,yes,2025-02-14 08:58:26,2025-02-14T13:58:26Z,2025-02-14T15:27:42Z,PT1H29M31S,2025-02-15T03:41:03Z
Oa9G0-FRQcM,House Finance Division III (02/14/2024),yes,Finance Division III,2024-02-14,yes,2025-02-14 09:59:21,2025-02-14T14:59:21Z,2025-02-14T16:03:31Z,PT1H4M15S,2025-02-15T04:12:24Z
e54AtRjsK48,House Election Law (02/14/2025),yes,Election Law,2025-02-14,yes,2025-02-14 09:29:06,2025-02-14T14:29:06Z,2025-02-14T17:24:11Z,PT2H55M15S,2025-02-15T06:22:08Z
C6M1pEWEEKs,House Finance (02/14/2025),yes,Finance,2025-02-14,yes,2025-02-14 14:26:26,2025-02-14T19:26:26Z,2025-02-14T20:20:07Z,PT53M45S,2025-02-15T08:30:47Z
cMM62uHY5bo,House Municipal and County Government (02/18/2025),yes,Municipal and County Government,2025-02-18,yes,2025-02-18 08:58:31,2025-02-18T13:58:31Z,2025-02-18T19:28:16Z,PT5H29M46S,2025-02-18T19:46:24Z
ffePRt2GN9A,House Children and Family Law (02/18/2025),yes,Children and Family Law,2025-02-18,yes,2025-02-18 09:58:21,2025-02-18T14:58:21Z,2025-02-18T19:59:41Z,PT5H1M21S,2025-02-18T20:11:17Z
KSAm4xuy-8o,"House Labor, Industrial and Rehabilitative Services (02/18/2025)",yes,"Labor, Industrial and Rehabilitative Services",2025-02-18,yes,2025-02-18 09:58:21,2025-02-18T14:58:21Z,2025-02-18T20:01:44Z,PT5H3M31S,2025-02-18T20:20:02Z
UdvljdEJjPA,House Election Law (02/18/2025),yes,Election Law,2025-02-18,yes,2025-02-18 09:58:21,2025-02-18T14:58:21Z,2025-02-18T20:33:00Z,PT5H34M46S,2025-02-18T20:52:11Z
qm6SXpDMfZw,House Transportation (02/18/2025),yes,Transportation,2025-02-18,yes,2025-02-18 09:29:01,2025-02-18T14:29:01Z,2025-02-18T20:35:07Z,PT6H6M6S,2025-02-18T20:56:57Z
XN_-Zczt6LQ,House Committee on Housing (02/18/2025),yes,Committee on Housing,2025-02-18,yes,2025-02-18 09:57:31,2025-02-18T14:57:31Z,2025-02-18T20:47:58Z,PT5H50M41S,2025-02-18T21:07:11Z
tGTxrTv7BA4,"House Science, Technology and Energy (02/18/2025)",yes,"Science, Technology and Energy",2025-02-18,yes,2025-02-18 08:59:01,2025-02-18T13:59:01Z,2025-02-18T21:03:20Z,PT7H4M9S,2025-02-18T21:26:57Z
sFsDDDUFXiI,House Education Policy and Administration (02/18/2025),yes,Education Policy and Administration,2025-02-18,yes,2025-02-18 09:29:03,2025-02-18T14:29:03Z,2025-02-18T21:30:26Z,PT7H1M29S,2025-02-18T21:54:37Z
0HNXQTQt3pY,House Environment and Agriculture (02/18/2025),yes,Environment and Agriculture,2025-02-18,yes,2025-02-18 09:28:56,2025-02-18T14:28:56Z,2025-02-18T21:44:20Z,PT7H15M22S,2025-02-18T22:09:04Z
joV1STb2q3U,House Finance (02/18/2025),yes,Finance,2025-02-18,yes,2025-02-18 09:57:21,2025-02-18T14:57:21Z,2025-02-18T15:28:48Z,PT31M30S,2025-02-19T03:31:01Z
H5qUbwH9CFs,House Commerce and Consumer Affairs (02/18/2025),yes,Commerce and Consumer Affairs,2025-02-18,yes,2025-02-18 09:57:36,2025-02-18T14:57:36Z,2025-02-18T16:56:29Z,PT1H58M56S,2025-02-19T05:05:19Z
2CnpMZzP5cA,House Education Funding (02/18/2025),yes,Education Funding,2025-02-18,yes,2025-02-18 10:28:06,2025-02-18T15:28:06Z,2025-02-18T17:05:22Z,PT1H36M56S,2025-02-19T05:18:15Z
CB5WaVuNzak,House Finance Division III (02/18/2025),yes,Finance Division III,2025-02-18,yes,2025-02-18 12:58:31,2025-02-18T17:58:31Z,2025-02-18T20:29:51Z,PT2H31M21S,2025-02-19T08:52:15Z
OsMsuGSqaGM,House Finance Division II (02/19/2025),yes,Finance Division II,2025-02-19,yes,2025-02-19 10:29:01,2025-02-19T15:29:01Z,2025-02-19T19:37:09Z,PT4H8M11S,2025-02-19T19:50:44Z
FezjqdrAhiQ,House Legislative Administration (02/19/2025),yes,Legislative Administration,2025-02-19,yes,2025-02-19 09:04:06,2025-02-19T14:04:06Z,2025-02-19T20:11:37Z,PT6H7M47S,2025-02-19T20:25:52Z
ysMj3sWAxWU,House Finance Division III (02/19/2025),yes,Finance Division III,2025-02-19,yes,2025-02-19 09:59:06,2025-02-19T14:59:06Z,2025-02-19T20:34:42Z,PT5H35M38S,2025-02-19T20:49:01Z
JpDi1meWOnc,House Judiciary (02/19/2025),yes,Judiciary,2025-02-19,yes,2025-02-19 09:00:36,2025-02-19T14:00:36Z,2025-02-19T20:29:51Z,PT6H29M29S,2025-02-19T21:01:53Z
fP6LJCQS0_U,House Finance Division I (02/19/2025),yes,Finance Division I,2025-02-19,yes,2025-02-19 09:59:06,2025-02-19T14:59:06Z,2025-02-19T21:08:49Z,PT6H5M42S,2025-02-19T21:30:29Z
OKXU7RziX_A,House Environment and Agriculture (02/19/2025),yes,Environment and Agriculture,2025-02-19,yes,2025-02-19 09:23:51,2025-02-19T14:23:51Z,2025-02-19T21:08:21Z,PT6H40M24S,2025-02-19T21:33:28Z
ossM67YJixA,House Education Policy and Administration (02/19/2025),yes,Education Policy and Administration,2025-02-19,yes,2025-02-19 09:23:56,2025-02-19T14:23:56Z,2025-02-19T21:15:05Z,PT6H47M27S,2025-02-19T21:34:56Z
wsILnPqtg_Q,"House Health, Human Services and Elderly Affairs (02/19/2025)",yes,"Health, Human Services and Elderly Affairs",2025-02-19,yes,2025-02-19 09:23:51,2025-02-19T14:23:51Z,2025-02-19T21:10:21Z,PT6H36M26S,2025-02-19T21:35:07Z
De050mMN97A,House Commerce and Consumer Affairs (02/19/2025),yes,Commerce and Consumer Affairs,2025-02-19,yes,2025-02-19 09:59:07,2025-02-19T14:59:07Z,2025-02-19T21:59:52Z,PT6H56M12S,2025-02-19T22:15:51Z
2ijad97NZOc,House Executive Departments and Administration (02/19/2025),yes,Executive Departments and Administration,2025-02-19,yes,2025-02-19 08:59:21,2025-02-19T13:59:21Z,2025-02-19T21:50:07Z,PT7H46M44S,2025-02-19T22:17:21Z
jIe0LMJdvyE,House Ways and Means (02/19/2025),yes,Ways and Means,2025-02-19,yes,2025-02-19 09:59:51,2025-02-19T14:59:51Z,2025-02-19T16:25:28Z,PT1H25M34S,2025-02-20T04:32:18Z
I08B0wgAPmg,House Municipal and County Government (02/19/2025),yes,Municipal and County Government,2025-02-19,yes,2025-02-19 09:59:06,2025-02-19T14:59:06Z,2025-02-19T17:10:56Z,PT2H12M6S,2025-02-20T05:21:40Z
KaNJiVdJBos,House Session (02/20/2025),yes,Session,2025-02-20,yes,2025-02-20 09:59:52,2025-02-20T14:59:52Z,2025-02-20T19:53:38Z,PT4H53M41S,2025-02-20T20:14:37Z
x5ibxgIn_T8,JLCAR Administrative Rules (02/21/2025),yes,JLCAR Administrative Rules,2025-02-21,yes,2025-02-21 08:58:51,2025-02-21T13:58:51Z,2025-02-21T14:28:12Z,PT29M36S,2025-02-22T02:31:04Z
16LJWUgtjXQ,Fiscal Committee (02/21/2025),yes,Fiscal Committee,2025-02-21,yes,2025-02-21 10:57:46,2025-02-21T15:57:46Z,2025-02-21T17:18:29Z,PT1H20M51S,2025-02-22T22:16:29Z
i2NMQh8Vzpk,House Election Law (02/21/2025),yes,Election Law,2025-02-21,yes,2025-02-21 09:29:11,2025-02-21T14:29:11Z,2025-02-21T17:22:26Z,PT2H53M26S,2025-02-22T22:25:40Z
fGM9xc0sabI,House Finance Division II (02/21/2025),yes,Finance Division II,2025-02-21,yes,2025-02-21 13:28:26,2025-02-21T18:28:26Z,2025-02-21T19:33:29Z,PT1H5M16S,2025-02-22T22:53:00Z
pR8x5u29ZNo,House Finance Division III (02/21/2025),yes,Finance Division III,2025-02-21,yes,2025-02-21 12:57:51,2025-02-21T17:57:51Z,2025-02-21T21:47:48Z,PT3H48M41S,2025-02-22T22:55:06Z
fwJbLRMWdnE,House Criminal Justice and Public Safety (02/21/2025),yes,Criminal Justice and Public Safety,2025-02-21,yes,2025-02-21 09:58:16,2025-02-21T14:58:16Z,2025-02-21T18:04:11Z,PT3H5M51S,2025-02-22T22:57:21Z
cq7GqDcrFac,Health and Human Services Oversight Committee (02/21/2025),yes,Health and Human Services Oversight Committee,2025-02-21,yes,2025-02-21 12:57:41,2025-02-21T17:57:41Z,2025-02-21T19:38:13Z,PT1H40M46S,2025-02-22T23:12:44Z
W8c2464053c,House Finance Division I (02/21/2025),yes,Finance Division I,2025-02-21,yes,2025-02-21 13:14:06,2025-02-21T18:14:06Z,2025-02-21T21:19:45Z,PT3H5M51S,2025-02-22T23:35:33Z
sPKB5l6volE,House Finance Division II (02/24/2025),yes,Finance Division II,2025-02-24,yes,2025-02-24 09:59:06,2025-02-24T14:59:06Z,2025-02-24T19:36:16Z,PT4H29M55S,2025-02-24T19:50:50Z
A8pAShPj4hE,House Finance Division I (02/24/2025),yes,Finance Division I,2025-02-24,yes,2025-02-24 09:59:16,2025-02-24T14:59:16Z,2025-02-24T20:54:09Z,PT5H47M58S,2025-02-24T21:09:43Z
GQHEaYwLByI,Capital Project Overview Committee (02/24/2025),yes,Capital Project Overview Committee,2025-02-24,yes,2025-02-24 08:58:31,2025-02-24T13:58:31Z,2025-02-24T14:27:19Z,PT28M56S,2025-02-25T02:33:51Z
apODp384r74,Long Range Capital Planning and Utilization Committee (02/24/2025),yes,Long Range Capital Planning and Utilization Committee,2025-02-24,yes,2025-02-24 09:28:16,2025-02-24T14:28:16Z,2025-02-24T15:16:42Z,PT48M30S,2025-02-25T03:24:27Z
z3ZVXZkfeVc,House Public Works and Highways (02/24/2025),yes,Public Works and Highways,2025-02-24,yes,2025-02-24 10:27:31,2025-02-24T15:27:31Z,2025-02-24T16:29:56Z,PT1H2M41S,2025-02-25T04:36:28Z
7lIOFcVQ1uY,House Education Funding (02/25/2025),yes,Education Funding,2025-02-25,yes,2025-02-25 09:58:28,2025-02-25T14:58:28Z,2025-02-25T19:48:24Z,PT4H47M42S,2025-02-25T20:01:57Z
r0PNz5aPMPw,House Election Law (02/25/2024),yes,Election Law,2024-02-25,yes,2025-02-25 08:58:47,2025-02-25T13:58:47Z,2025-02-25T20:41:45Z,PT6H40M4S,2025-02-25T21:05:01Z
CGwTFGFqqHg,House Finance Division I (02/26/2025),yes,Finance Division I,2025-02-26,yes,2025-02-26 09:57:27,2025-02-26T14:57:27Z,2025-02-26T21:01:02Z,PT6H3M46S,2025-02-26T21:21:57Z
VImfgdMHXt8,House Criminal Justice and Public Safety (02/26/2025),yes,Criminal Justice and Public Safety,2025-02-26,yes,2025-02-26 10:00:16,2025-02-26T15:00:16Z,2025-02-26T15:28:27Z,PT28M16S,2025-02-27T03:32:18Z
5zf-p_wy4rY,"House Health, Human Services and Elderly Affairs (02/26/2025)",yes,"Health, Human Services and Elderly Affairs",2025-02-26,yes,2025-02-26 09:28:56,2025-02-26T14:28:56Z,2025-02-26T18:21:24Z,PT3H52M27S,2025-02-27T07:02:43Z
y6lDD1UewsQ,House Finance Division III (02/26/2025),yes,Finance Division III,2025-02-26,yes,2025-02-26 12:59:11,2025-02-26T17:59:11Z,2025-02-26T21:01:38Z,PT3H2M31S,2025-02-27T09:29:53Z
k0nEWjL21-k,House Finance Division III (02/27/2025),yes,Finance Division III,2025-02-27,yes,2025-02-27 09:57:36,2025-02-27T14:57:36Z,2025-02-27T20:29:21Z,PT5H31M56S,2025-02-27T20:44:42Z
NG-uLHepMRg,House Finance Division I (02/27/2025),yes,Finance Division I,2025-02-27,yes,2025-02-27 09:59:41,2025-02-27T14:59:41Z,2025-02-27T20:25:47Z,PT5H26M4S,2025-02-27T20:48:08Z
1SigcuPF4dM,House Municipal and County Government (02/27/2025),yes,Municipal and County Government,2025-02-27,yes,2025-02-27 08:59:06,2025-02-27T13:59:06Z,2025-02-27T21:43:19Z,PT7H44M7S,2025-02-27T22:11:31Z
8la2BOIO07k,House Finance Division I (02/28/2025),yes,Finance Division I,2025-02-28,yes,2025-02-28 09:58:56,2025-02-28T14:58:56Z,2025-02-28T21:00:21Z,PT6H1M14S,2025-02-28T21:12:43Z
ZuIidWviVqQ,House Finance Division III (03/03/2025),yes,Finance Division III,2025-03-03,yes,2025-03-03 09:57:36,2025-03-03T14:57:36Z,2025-03-03T19:11:01Z,PT4H13M41S,2025-03-03T19:23:56Z
K8tmZdepavg,House Municipal and County Government (03/03/2025),yes,Municipal and County Government,2025-03-03,yes,2025-03-03 08:58:56,2025-03-03T13:58:56Z,2025-03-03T19:25:23Z,PT5H26M26S,2025-03-03T19:43:45Z
QP5MSKCNcKE,House Judiciary (03/03/2025),yes,Judiciary,2025-03-03,yes,2025-03-03 10:00:16,2025-03-03T15:00:16Z,2025-03-03T19:29:14Z,PT4H29M1S,2025-03-03T19:45:35Z
KJ0R3uGG-t8,House Finance Division I (03/03/2025),yes,Finance Division I,2025-03-03,yes,2025-03-03 09:58:51,2025-03-03T14:58:51Z,2025-03-03T20:08:30Z,PT5H9M33S,2025-03-03T20:27:45Z
BT_UOZZduJY,House Finance Division II (03/03/2025),yes,Finance Division II,2025-03-03,yes,2025-03-03 09:58:56,2025-03-03T14:58:56Z,2025-03-03T20:27:27Z,PT5H28M33S,2025-03-03T20:44:48Z
tdprKd1RnQg,"House Science, Technology and Energy (03/03/2025)",yes,"Science, Technology and Energy",2025-03-03,yes,2025-03-03 08:58:51,2025-03-03T13:58:51Z,2025-03-03T20:32:37Z,PT6H33M50S,2025-03-03T20:49:21Z
IIea0XVXPOQ,House Education Policy and Administration (03/03/2025),yes,Education Policy and Administration,2025-03-03,yes,2025-03-03 09:28:36,2025-03-03T14:28:36Z,2025-03-03T21:39:49Z,PT7H11M26S,2025-03-03T22:01:46Z
SaqvbK9-yCg,"House Health, Human Services and Elderly Affairs (03/03/2025)",yes,"Health, Human Services and Elderly Affairs",2025-03-03,yes,2025-03-03 08:57:36,2025-03-03T13:57:36Z,2025-03-03T21:50:27Z,PT7H52M56S,2025-03-03T22:16:25Z
EohPY7KXq_E,House Children and Family Law (03/03/2025),yes,Children and Family Law,2025-03-03,yes,2025-03-03 10:54:31,2025-03-03T15:54:31Z,2025-03-03T17:11:23Z,PT1H16M51S,2025-03-04T05:21:09Z
sm2z5yQ-XKQ,House Education Policy and Administration Subcommittee Work Session (03/03/2025),yes,Education Policy and Administration Subcommittee Work Session,2025-03-03,yes,2025-03-03 10:59:56,2025-03-03T15:59:56Z,2025-03-03T18:10:13Z,PT2H10M31S,2025-03-04T06:32:32Z
wFJXpIP0vYg,Public Higher Education Study Committee (03/03/2025),yes,Public Higher Education Study Committee,2025-03-03,yes,2025-03-03 12:58:51,2025-03-03T17:58:51Z,2025-03-03T19:30:24Z,PT1H31M45S,2025-03-04T07:43:36Z
bnmUBkr2HUk,House Executive Departments and Administration (03/03/2025),yes,Executive Departments and Administration,2025-03-03,yes,2025-03-03 12:57:16,2025-03-03T17:57:16Z,2025-03-03T19:58:52Z,PT2H1M36S,2025-03-04T08:33:07Z
5dZ2opjLvZc,House Election Law (03/04/2025),yes,Election Law,2025-03-04,yes,2025-03-04 09:59:16,2025-03-04T14:59:16Z,2025-03-04T19:13:06Z,PT4H10M15S,2025-03-04T19:27:14Z
l1kB7Y1CqbQ,House Children and Family Law (03/04/2025),yes,Children and Family Law,2025-03-04,yes,2025-03-04 09:59:21,2025-03-04T14:59:21Z,2025-03-04T19:25:48Z,PT4H22M22S,2025-03-04T19:40:35Z
bv21aHP5mxE,House Finance Division III (03/04/2025),yes,Finance Division III,2025-03-04,yes,2025-03-04 09:58:41,2025-03-04T14:58:41Z,2025-03-04T19:39:52Z,PT4H36M43S,2025-03-04T19:53:09Z
9SLNYU8OJNY,House Committee on Housing (03/04/2025),yes,Committee on Housing,2025-03-04,yes,2025-03-04 08:58:46,2025-03-04T13:58:46Z,2025-03-04T20:13:42Z,PT6H9M54S,2025-03-04T20:26:08Z
MJlU9oXw8lc,House Education Funding (03/04/2025),yes,Education Funding,2025-03-04,yes,2025-03-04 10:57:16,2025-03-04T15:57:16Z,2025-03-04T20:36:02Z,PT4H34M49S,2025-03-04T20:55:15Z
kHArMDelRWQ,House Environment and Agriculture (03/04/2025),yes,Environment and Agriculture,2025-03-04,yes,2025-03-04 09:28:37,2025-03-04T14:28:37Z,2025-03-04T21:03:24Z,PT6H30M39S,2025-03-04T21:20:38Z
P0ikPLRjuzA,House Public Works and Highways (03/04/2025),yes,Public Works and Highways,2025-03-04,yes,2025-03-04 09:57:26,2025-03-04T14:57:26Z,2025-03-04T21:07:29Z,PT6H6M22S,2025-03-04T21:25:27Z
VOFGaDjz2CM,House Municipal and County Government (03/04/2025),yes,Municipal and County Government,2025-03-04,yes,2025-03-04 10:27:51,2025-03-04T15:27:51Z,2025-03-04T16:27:06Z,PT58M44S,2025-03-05T04:42:21Z
HRbUSnS0A8E,House Ways and Means (03/04/2025),yes,Ways and Means,2025-03-04,yes,2025-03-04 09:59:11,2025-03-04T14:59:11Z,2025-03-04T16:58:17Z,PT1H59M6S,2025-03-05T05:11:09Z
0759GBgeev0,House Transportation (03/04/2025),yes,Transportation,2025-03-04,yes,2025-03-04 09:57:22,2025-03-04T14:57:22Z,2025-03-04T17:09:13Z,PT2H12M5S,2025-03-05T05:19:21Z
Z6FjZA6eNdM,House Commerce and Consumer Affairs (03/04/2025),yes,Commerce and Consumer Affairs,2025-03-04,yes,2025-03-04 09:59:06,2025-03-04T14:59:06Z,2025-03-04T18:08:49Z,PT3H9M45S,2025-03-05T06:37:17Z
pU3hvf_cc-E,"House Science, Technology and Energy (03/04/2025)",yes,"Science, Technology and Energy",2025-03-04,yes,2025-03-04 10:27:46,2025-03-04T15:27:46Z,2025-03-04T19:28:07Z,PT3H55M53S,2025-03-05T07:52:23Z
zkAwZXAho0k,House Finance Division III (03/05/2025),yes,Finance Division III,2025-03-05,yes,2025-03-05 08:59:21,2025-03-05T13:59:21Z,2025-03-05T18:27:31Z,PT4H28M21S,2025-03-05T18:37:35Z
wC0MOvbLYug,House Commerce and Consumer Affairs (03/05/2025),yes,Commerce and Consumer Affairs,2025-03-05,yes,2025-03-05 10:00:17,2025-03-05T15:00:17Z,2025-03-05T19:37:34Z,PT4H37M31S,2025-03-05T19:54:01Z
Aj-o6MlMrR0,House Environment and Agriculture (03/05/2025),yes,Environment and Agriculture,2025-03-05,yes,2025-03-05 09:39:46,2025-03-05T14:39:46Z,2025-03-05T19:55:14Z,PT5H15M36S,2025-03-05T20:08:39Z
8UGlZ8I1HzI,"House Health, Human Services and Elderly Affairs (03/05/2025)",yes,"Health, Human Services and Elderly Affairs",2025-03-05,yes,2025-03-05 09:28:56,2025-03-05T14:28:56Z,2025-03-05T20:07:47Z,PT5H39M6S,2025-03-05T20:20:37Z
rGcm8HTZVDE,House Judiciary (03/05/2025),yes,Judiciary,2025-03-05,yes,2025-03-05 08:58:41,2025-03-05T13:58:41Z,2025-03-05T20:09:00Z,PT6H10M21S,2025-03-05T20:22:28Z
omSuhNHHoUw,House Finance Division II (03/05/2025),yes,Finance Division II,2025-03-05,yes,2025-03-05 08:58:41,2025-03-05T13:58:41Z,2025-03-05T20:12:20Z,PT6H13M38S,2025-03-05T20:32:59Z
HuwkugNsxdo,House Finance Division I (03/05/2025),yes,Finance Division I,2025-03-05,yes,2025-03-05 09:58:56,2025-03-05T14:58:56Z,2025-03-05T20:59:51Z,PT6H58S,2025-03-05T21:13:20Z
GZIZz32LaFs,House Executive Departments and Administration (03/05/2025),yes,Executive Departments and Administration,2025-03-05,yes,2025-03-05 10:00:06,2025-03-05T15:00:06Z,2025-03-05T21:26:03Z,PT6H26M11S,2025-03-05T21:39:35Z
Td72csdTKN4,House Education Policy and Administration (03/05/2025),yes,Education Policy and Administration,2025-03-05,yes,2025-03-05 09:28:41,2025-03-05T14:28:41Z,2025-03-05T21:26:58Z,PT6H58M21S,2025-03-05T21:44:24Z
8My7LlVTFQc,House Criminal Justice and Public Safety (03/05/2025),yes,Criminal Justice and Public Safety,2025-03-05,yes,2025-03-05 10:00:16,2025-03-05T15:00:16Z,2025-03-05T17:18:40Z,PT2H18M25S,2025-03-06T05:29:20Z
VBO0pjCguK4,House Session (03/06/2025),yes,Session,2025-03-06,yes,2025-03-06 09:59:06,2025-03-06T14:59:06Z,2025-03-06T21:59:19Z,PT7H5S,2025-03-06T22:38:52Z
3grFgmTDMbw,House Finance Division II (03/07/2025),yes,Finance Division II,2025-03-07,yes,2025-03-07 08:58:16,2025-03-07T13:58:16Z,2025-03-07T20:24:01Z,PT6H25M56S,2025-03-07T20:44:08Z
ad92BTr-w-8,House Environment and Agriculture (03/07/2025),yes,Environment and Agriculture,2025-03-07,yes,2025-03-07 09:29:56,2025-03-07T14:29:56Z,2025-03-07T16:45:07Z,PT2H15M20S,2025-03-08T05:05:29Z
w2gWhVLOEtk,House Criminal Justice and Public Safety (03/07/2025),yes,Criminal Justice and Public Safety,2025-03-07,yes,2025-03-07 09:58:21,2025-03-07T14:58:21Z,2025-03-07T18:29:34Z,PT3H31M16S,2025-03-08T06:56:40Z
SlIudcMMOLA,House Election Law (03/07/2025),yes,Election Law,2025-03-07,yes,2025-03-07 12:58:46,2025-03-07T17:58:46Z,2025-03-07T21:31:53Z,PT3H33M21S,2025-03-08T09:51:27Z
dOIf1rkDk_s,House Finance Division I (03/07/2025),yes,Finance Division I,2025-03-07,yes,2025-03-07 13:13:51,2025-03-07T18:13:51Z,2025-03-07T21:49:01Z,PT3H35M7S,2025-03-08T10:13:39Z
2SRIfCi6J60,Education Policy and Administration (03/10/2025),yes,Education Policy and Administration,2025-03-10,yes,2025-03-10 09:28:51,2025-03-10T13:28:51Z,2025-03-10T18:06:40Z,PT4H37M42S,2025-03-10T18:23:17Z
sCO5y37TH-4,House Finance Division II (03/10/2025),yes,Finance Division II,2025-03-10,yes,2025-03-10 08:57:46,2025-03-10T12:57:46Z,2025-03-10T18:14:29Z,PT5H16M50S,2025-03-10T18:31:32Z
dcccGJn_s5w,"House Science, Technology and Energy (03/10/2025)",yes,"Science, Technology and Energy",2025-03-10,yes,2025-03-10 08:57:46,2025-03-10T12:57:46Z,2025-03-10T18:19:39Z,PT5H22M6S,2025-03-10T18:39:27Z
tjK27VMMRPM,House Municipal and County Government (03/10/2025),yes,Municipal and County Government,2025-03-10,yes,2025-03-10 09:28:56,2025-03-10T13:28:56Z,2025-03-10T19:09:32Z,PT5H40M41S,2025-03-10T19:22:53Z
yjdcEki7foM,House Finance Division I (03/10/2025),yes,Finance Division I,2025-03-10,yes,2025-03-10 09:59:42,2025-03-10T13:59:42Z,2025-03-10T19:52:10Z,PT5H52M31S,2025-03-10T20:12:52Z
zksa7MzraNo,House Ways and Means (03/10/2025),yes,Ways and Means,2025-03-10,yes,2025-03-10 09:59:36,2025-03-10T13:59:36Z,2025-03-10T20:15:00Z,PT6H15M21S,2025-03-10T20:34:43Z
SzEnNlYKRvg,House Public Works and Highways (03/10/2025),yes,Public Works and Highways,2025-03-10,yes,2025-03-10 09:58:51,2025-03-10T13:58:51Z,2025-03-10T20:21:21Z,PT6H22M30S,2025-03-10T20:52:03Z
brU7QnJRlGE,House Finance Division III (03/10/2025),yes,Finance Division III,2025-03-10,yes,2025-03-10 09:59:41,2025-03-10T13:59:41Z,2025-03-10T17:15:25Z,PT3H15M31S,2025-03-11T05:42:11Z
hvsReJIZvH4,House Executive Departments and Administration (03/10/2025),yes,Executive Departments and Administration,2025-03-10,yes,2025-03-10 13:29:06,2025-03-10T17:29:06Z,2025-03-10T17:49:17Z,PT20M21S,2025-03-11T05:51:34Z
LMxqiSxU40Q,House Judiciary (03/10/2025),yes,Judiciary,2025-03-10,yes,2025-03-10 12:59:01,2025-03-10T16:59:01Z,2025-03-10T18:59:45Z,PT2H1M,2025-03-11T07:06:47Z
Ea3o4uU2ZI0,House Election Law (03/11/2025),yes,Election Law,2025-03-11,yes,2025-03-11 08:58:51,2025-03-11T12:58:51Z,2025-03-11T14:58:06Z,PT1H59M24S,2025-03-12T03:04:15Z
H654uXAQiEw,House Finance Division I (03/11/2025),yes,Finance Division I,2025-03-11,yes,2025-03-11 09:58:58,2025-03-11T13:58:58Z,2025-03-11T16:06:46Z,PT2H7M51S,2025-03-12T04:18:30Z
-h65KB-w-4E,House Environment and Agriculture (03/11/2025),yes,Environment and Agriculture,2025-03-11,yes,2025-03-11 09:01:06,2025-03-11T13:01:06Z,2025-03-11T16:19:30Z,PT3H18M31S,2025-03-12T04:37:02Z
oftiZcoBlGk,House Finance Division III (03/11/2025),yes,Finance Division III,2025-03-11,yes,2025-03-11 09:58:21,2025-03-11T13:58:21Z,2025-03-11T16:54:30Z,PT2H54M19S,2025-03-12T05:17:42Z
yT0oP8faRro,House Judiciary (03/12/2025),yes,Judiciary,2025-03-12,yes,2025-03-12 09:29:18,2025-03-12T13:29:18Z,2025-03-12T19:18:49Z,PT5H49M58S,2025-03-12T19:36:21Z
vUuBkRSG5tA,House Commerce and Consumer Affairs (03/12/2025),yes,Commerce and Consumer Affairs,2025-03-12,yes,2025-03-12 09:58:46,2025-03-12T13:58:46Z,2025-03-12T19:57:23Z,PT5H58M42S,2025-03-12T20:19:07Z
QISV2KavL2M,"House Health, Human Services and Elderly Affairs (03/12/2025)",yes,"Health, Human Services and Elderly Affairs",2025-03-12,yes,2025-03-12 09:28:46,2025-03-12T13:28:46Z,2025-03-12T20:09:38Z,PT6H41M1S,2025-03-12T20:38:01Z
73sLapY1jRw,House Education Policy and Administration (03/12/2025),yes,Education Policy and Administration,2025-03-12,yes,2025-03-12 09:58:51,2025-03-12T13:58:51Z,2025-03-12T20:50:53Z,PT6H52M3S,2025-03-12T21:10:48Z
pbOuNVRfTVQ,House Finance (03/12/2025),yes,Finance,2025-03-12,yes,2025-03-12 13:57:26,2025-03-12T17:57:26Z,2025-03-12T22:51:49Z,PT4H54M23S,2025-03-12T23:04:07Z
l9xxEfWv9UQ,House Finance Division III (03/12/2025),yes,Finance Division III,2025-03-12,yes,2025-03-12 09:58:56,2025-03-12T13:58:56Z,2025-03-12T15:14:56Z,PT1H16M16S,2025-03-13T03:24:31Z
XOrGe2uUW9Q,House Education Funding (03/12/2025),yes,Education Funding,2025-03-12,yes,2025-03-12 10:28:21,2025-03-12T14:28:21Z,2025-03-12T15:35:58Z,PT1H7M50S,2025-03-13T03:41:36Z
JwPytjjDKRg,House Legislative Administration (03/12/2025),yes,Legislative Administration,2025-03-12,yes,2025-03-12 09:11:11,2025-03-12T13:11:11Z,2025-03-12T15:44:21Z,PT2H33M21S,2025-03-13T03:56:21Z
24xadOt0ixA,House Executive Departments and Administration (03/12/2025),yes,Executive Departments and Administration,2025-03-12,yes,2025-03-12 10:57:21,2025-03-12T14:57:21Z,2025-03-12T16:19:22Z,PT1H22M6S,2025-03-13T04:31:37Z
teiwdb3FQf8,House Session (03/13/2025),yes,Session,2025-03-13,yes,2025-03-13 09:57:36,2025-03-13T13:57:36Z,2025-03-13T22:22:25Z,PT8H24M50S,2025-03-13T22:41:25Z
QI53rubFqVQ,House Committee on Housing (03/13/2025),yes,Committee on Housing,2025-03-13,yes,2025-03-13 12:00:49,2025-03-13T16:00:49Z,2025-03-13T16:32:34Z,PT31M58S,2025-03-14T04:35:53Z
uXv_3lDAFGk,House Finance Division I (03/14/2025),yes,Finance Division I,2025-03-14,yes,2025-03-14 09:59:11,2025-03-14T13:59:11Z,2025-03-14T19:17:12Z,PT5H18M1S,2025-03-14T19:32:36Z
-AaP0NKGK4Q,House Public Works and Highways (03/14/2025),yes,Public Works and Highways,2025-03-14,yes,2025-03-14 09:58:56,2025-03-14T13:58:56Z,2025-03-14T15:42:35Z,PT1H43M51S,2025-03-15T03:52:06Z
wQeWH25qrFY,House Finance Division II (03/14/2025),yes,Finance Division II,2025-03-14,yes,2025-03-14 09:58:51,2025-03-14T13:58:51Z,2025-03-14T15:49:40Z,PT1H51M,2025-03-15T03:59:56Z
UHTU2W_DnSc,House Election Law (03/14/2025),yes,Election Law,2025-03-14,yes,2025-03-14 08:58:21,2025-03-14T12:58:21Z,2025-03-14T16:17:22Z,PT3H19M2S,2025-03-15T04:35:02Z
hZroaJWQonM,House Education Policy and Administration (03/17/2025),yes,Education Policy and Administration,2025-03-17,yes,2025-03-17 09:28:51,2025-03-17T13:28:51Z,2025-03-17T18:23:49Z,PT4H54M46S,2025-03-17T18:38:31Z
MP84h6G4Zck,House Finance Division I (03/17/2025),yes,Finance Division I,2025-03-17,yes,2025-03-17 09:58:16,2025-03-17T13:58:16Z,2025-03-17T20:06:56Z,PT6H8M51S,2025-03-17T20:33:53Z
rBQ2DL1Sp58,House Finance Division II (03/17/2025),yes,Finance Division II,2025-03-17,yes,2025-03-17 09:58:31,2025-03-17T13:58:31Z,2025-03-17T16:03:12Z,PT2H4M50S,2025-03-18T04:15:54Z
RrfPKD6-Ea8,House Finance Division III (03/17/2025),yes,Finance Division III,2025-03-17,yes,2025-03-17 09:58:51,2025-03-17T13:58:51Z,2025-03-17T16:23:52Z,PT2H25M15S,2025-03-18T04:34:27Z
KCdhN4ssAQQ,House Finance (03/17/2025),yes,Finance,2025-03-17,yes,2025-03-17 12:58:51,2025-03-17T16:58:51Z,2025-03-17T18:28:03Z,PT1H29M26S,2025-03-18T06:46:56Z
eBrLsD2BqaU,House Ways and Means (03/18/2025),yes,Ways and Means,2025-03-18,yes,2025-03-18 09:58:46,2025-03-18T13:58:46Z,2025-03-18T18:01:06Z,PT4H2M20S,2025-03-18T18:11:57Z
MajSLvZc55w,House Public Works and Highways (03/18/2025),yes,Public Works and Highways,2025-03-18,yes,2025-03-18 09:57:51,2025-03-18T13:57:51Z,2025-03-18T18:33:21Z,PT4H35M46S,2025-03-18T18:45:31Z
wApCTZ7dkBY,House Finance Division II (03/18/2025),yes,Finance Division II,2025-03-18,yes,2025-03-18 09:58:46,2025-03-18T13:58:46Z,2025-03-18T20:17:17Z,PT6H18M27S,2025-03-18T20:42:55Z
1W9HFrsJp5U,House Election Law Subcommittee Work Session (03/18/2025),yes,Election Law Subcommittee Work Session,2025-03-18,yes,2025-03-18 08:57:46,2025-03-18T12:57:46Z,2025-03-18T13:39:56Z,PT42M16S,2025-03-19T01:43:35Z
U0bi5rq9rWg,House Commerce and Consumer Affairs (03/18/2025),yes,Commerce and Consumer Affairs,2025-03-18,yes,2025-03-18 09:58:06,2025-03-18T13:58:06Z,2025-03-18T15:33:51Z,PT1H36M1S,2025-03-19T03:44:43Z
4WSNluu4das,House Election Law (03/18/2025),yes,Election Law,2025-03-18,yes,2025-03-18 09:58:01,2025-03-18T13:58:01Z,2025-03-18T16:08:44Z,PT2H10M47S,2025-03-19T04:25:53Z
iNXqo3xfdUc,House Environment and Agriculture (03/18/2025),yes,Environment and Agriculture,2025-03-18,yes,2025-03-18 10:28:41,2025-03-18T14:28:41Z,2025-03-18T17:03:24Z,PT2H34M51S,2025-03-19T05:18:00Z
kuMTconmAQU,House Finance Division III (03/18/2025),yes,Finance Division III,2025-03-18,yes,2025-03-18 12:58:51,2025-03-18T16:58:51Z,2025-03-18T18:01:24Z,PT1H2M41S,2025-03-19T06:06:16Z
JjZbq1Vh2ww,House Children and Family Law (03/18/2025),yes,Children and Family Law,2025-03-18,yes,2025-03-18 09:57:46,2025-03-18T13:57:46Z,2025-03-18T17:45:58Z,PT3H48M12S,2025-03-19T06:13:40Z
hUUEyxE9tS8,House Finance Division II (03/19/2025),yes,Finance Division II,2025-03-19,yes,2025-03-19 09:58:51,2025-03-19T13:58:51Z,2025-03-19T18:08:36Z,PT4H9M49S,2025-03-19T18:24:41Z
5GUUnIDwbh0,House Finance Division I (03/19/2025),yes,Finance Division I,2025-03-19,yes,2025-03-19 09:59:16,2025-03-19T13:59:16Z,2025-03-19T19:58:45Z,PT5H59M31S,2025-03-19T20:13:05Z
TQAaRKQJpUo,House Criminal Justice and Public Safety (03/19/2025),yes,Criminal Justice and Public Safety,2025-03-19,yes,2025-03-19 09:59:51,2025-03-19T13:59:51Z,2025-03-19T15:21:31Z,PT1H21M41S,2025-03-20T03:30:13Z
9exfGyCPrUE,House Commerce and Consumer Affairs (03/19/2025),yes,Commerce and Consumer Affairs,2025-03-19,yes,2025-03-19 09:59:51,2025-03-19T13:59:51Z,2025-03-19T15:59:22Z,PT1H59M31S,2025-03-20T04:06:41Z
F3lJKGH2vPc,"House Health, Human Services and Elderly Affairs (03/19/2025)",yes,"Health, Human Services and Elderly Affairs",2025-03-19,yes,2025-03-19 09:28:51,2025-03-19T13:28:51Z,2025-03-19T15:57:11Z,PT2H28M36S,2025-03-20T04:08:05Z
DZXDm-Mm-OM,House Legislative Administration (03/19/2025),yes,Legislative Administration,2025-03-19,yes,2025-03-19 12:59:21,2025-03-19T16:59:21Z,2025-03-19T18:23:03Z,PT1H23M50S,2025-03-20T06:28:38Z
rihk955Uvko,House Judiciary (03/19/2025),yes,Judiciary,2025-03-19,yes,2025-03-19 13:28:51,2025-03-19T17:28:51Z,2025-03-19T19:44:06Z,PT2H15M26S,2025-03-20T07:55:03Z
NtuomhcdZkE,House Session (03/20/2025),yes,Session,2025-03-20,yes,2025-03-20 09:57:51,2025-03-20T13:57:51Z,2025-03-20T22:32:05Z,PT8H34M21S,2025-03-20T23:04:47Z
W46d4rdzFt4,JLCAR Administrative Rules (03/21/2025),yes,JLCAR Administrative Rules,2025-03-21,yes,2025-03-21 08:56:06,2025-03-21T12:56:06Z,2025-03-21T13:10:25Z,PT14M36S,2025-03-21T13:13:13Z
GT7t0CP3OnU,Fiscal Committee (03/21/2025),yes,Fiscal Committee,2025-03-21,yes,2025-03-21 10:59:01,2025-03-21T14:59:01Z,2025-03-21T16:55:01Z,PT1H56M16S,2025-03-22T05:26:04Z
UzQSWVLIYvE,House Finance Division III (03/21/2025),yes,Finance Division III,2025-03-21,yes,2025-03-21 12:57:11,2025-03-21T16:57:11Z,2025-03-21T19:15:58Z,PT2H19M1S,2025-03-22T07:38:31Z
q43_R4mhYBU,House Finance Division II (03/21/2025),yes,Finance Division II,2025-03-21,yes,2025-03-21 13:01:01,2025-03-21T17:01:01Z,2025-03-21T19:47:18Z,PT2H46M20S,2025-03-22T08:05:03Z
FoQh5MauV-Y,House Finance Division I (03/21/2025),yes,Finance Division I,2025-03-21,yes,2025-03-21 13:14:01,2025-03-21T17:14:01Z,2025-03-21T20:30:59Z,PT3H17M6S,2025-03-22T08:57:36Z
ihveJB4cVFQ,House Finance Division II (03/24/2025),yes,Finance Division II,2025-03-24,yes,2025-03-24 09:57:41,2025-03-24T13:57:41Z,2025-03-24T18:40:10Z,PT4H41M47S,2025-03-24T18:59:09Z
e1KtF2Cvsu4,House Finance Division III (03/24/2025),yes,Finance Division III,2025-03-24,yes,2025-03-24 09:58:41,2025-03-24T13:58:41Z,2025-03-24T19:33:39Z,PT5H33M43S,2025-03-24T19:52:21Z
kAjdG9SbfnY,House Finance Division I (03/24/2025),yes,Finance Division I,2025-03-24,yes,2025-03-24 08:58:46,2025-03-24T12:58:46Z,2025-03-24T21:11:20Z,PT8H11M45S,2025-03-24T21:43:28Z
zfUkM2o2vGM,House Rules (03/24/2025),yes,Rules,2025-03-24,yes,2025-03-24 09:57:36,2025-03-24T13:57:36Z,2025-03-24T14:06:42Z,PT9M21S,2025-03-25T02:09:22Z
TQkT0G9DnSc,House Finance Division I (03/25/2025),yes,Finance Division I,2025-03-25,yes,2025-03-25 08:58:51,2025-03-25T12:58:51Z,2025-03-25T18:50:55Z,PT5H52M6S,2025-03-25T19:06:30Z
8Mtlx2J8PSI,House Finance Division III (03/25/2025),yes,Finance Division III,2025-03-25,yes,2025-03-25 09:59:01,2025-03-25T13:59:01Z,2025-03-25T21:49:39Z,PT7H50M46S,2025-03-25T22:07:48Z
MlcYcp2i_mo,House Public Works and Highways (03/25/2025),yes,Public Works and Highways,2025-03-25,yes,2025-03-25 09:59:01,2025-03-25T13:59:01Z,2025-03-25T15:23:40Z,PT1H24M46S,2025-03-26T03:32:58Z
7lt2vAbtpEE,House Children and Family Law (03/25/2025),yes,Children and Family Law,2025-03-25,yes,2025-03-25 09:59:01,2025-03-25T13:59:01Z,2025-03-25T15:36:42Z,PT1H37M55S,2025-03-26T03:46:17Z
rTU_3r4n-uM,House Executive Departments and Administration (03/25/2025),yes,Executive Departments and Administration,2025-03-25,yes,2025-03-25 10:00:16,2025-03-25T14:00:16Z,2025-03-25T15:24:24Z,PT1H24M16S,2025-03-26T03:46:57Z
8wDxGNg6fiM,House Ways and Means (03/25/2025),yes,Ways and Means,2025-03-25,yes,2025-03-25 09:58:56,2025-03-25T13:58:56Z,2025-03-25T15:36:33Z,PT1H37M46S,2025-03-26T03:48:48Z
e6bUHPVWUIg,House Finance Division II (03/25/2025),yes,Finance Division II,2025-03-25,yes,2025-03-25 10:00:21,2025-03-25T14:00:21Z,2025-03-25T15:49:31Z,PT1H49M20S,2025-03-26T03:58:53Z
5NhVPeBehr8,House Session (03/26/2025),yes,Session,2025-03-26,yes,2025-03-26 08:57:26,2025-03-26T12:57:26Z,2025-03-26T21:37:22Z,PT8H40M11S,2025-03-26T22:09:13Z
uVvh7EfGSTg,House Session (03/27/2025),yes,Session,2025-03-27,yes,2025-03-27 08:57:31,2025-03-27T12:57:31Z,2025-03-27T22:15:48Z,PT9H18M4S,2025-03-27T22:41:13Z
YRf_1KbJa5o,House Finance Division III (03/28/2025),yes,Finance Division III,2025-03-28,yes,2025-03-28 12:58:46,2025-03-28T16:58:46Z,2025-03-28T21:49:10Z,PT4H50M41S,2025-03-28T22:02:00Z
I2lebRtnSXE,House Finance Division II (03/28/2025),yes,Finance Division II,2025-03-28,yes,2025-03-28 12:58:06,2025-03-28T16:58:06Z,2025-03-28T18:05:11Z,PT1H7M16S,2025-03-29T06:31:43Z
XjfQz2hgciY,Health and Human Services Oversight Committee (03/28/2025),yes,Health and Human Services Oversight Committee,2025-03-28,yes,2025-03-28 12:58:01,2025-03-28T16:58:01Z,2025-03-28T18:59:42Z,PT2H1M56S,2025-03-29T07:30:11Z
2KwDZwPg-CQ,House Finance (03/31/2025),yes,Finance,2025-03-31,yes,2025-03-31 09:58:42,2025-03-31T13:58:42Z,2025-03-31T19:48:36Z,PT5H49M55S,2025-03-31T20:02:08Z
v-hn0l3BewY,House Education Funding (03/31/2025),yes,Education Funding,2025-03-31,yes,2025-03-31 09:59:36,2025-03-31T13:59:36Z,2025-03-31T16:24:09Z,PT2H24M41S,2025-04-01T04:40:19Z
EePBKd9GENc,House Finance (04/01/2025),yes,Finance,2025-04-01,yes,2025-04-01 09:58:51,2025-04-01T13:58:51Z,2025-04-01T21:07:16Z,PT7H8M24S,2025-04-01T21:28:43Z
jfcsdmWw8T4,House Ways and Means (04/01/2025),yes,Ways and Means,2025-04-01,yes,2025-04-01 09:57:46,2025-04-01T13:57:46Z,2025-04-01T16:12:59Z,PT2H15M21S,2025-04-02T04:35:48Z
O_6dZcipUfg,House Public Works and Highways (04/01/2025),yes,Public Works and Highways,2025-04-01,yes,2025-04-01 09:57:51,2025-04-01T13:57:51Z,2025-04-01T14:18:09Z,PT20M26S,2025-04-02T06:00:22Z
mCWAUH-AI7I,House Children and Family Law (04/01/2025),yes,Children and Family Law,2025-04-01,yes,2025-04-01 09:57:56,2025-04-01T13:57:56Z,2025-04-01T16:03:55Z,PT2H6M16S,2025-04-02T07:34:52Z
_rh04thjHS8,House Executive Departments and Administration (04/02/2025),yes,Executive Departments and Administration,2025-04-02,yes,2025-04-02 13:28:36,2025-04-02T17:28:36Z,2025-04-02T17:51:45Z,PT23M16S,2025-04-03T05:53:42Z
-N2AuijLfKE,House Finance (04/03/2025),yes,Finance,2025-04-03,yes,2025-04-03 12:58:41,2025-04-03T16:58:41Z,2025-04-03T17:44:19Z,PT45M51S,2025-04-04T05:53:19Z
tntKoC69z9E,Joint Legislative Performance Audit Oversight Committee (04/04/2025),yes,Joint Legislative Performance Audit Oversight Committee,2025-04-04,yes,2025-04-04 09:58:51,2025-04-04T13:58:51Z,2025-04-04T14:36:03Z,PT37M26S,2025-04-05T02:42:27Z
koYmA94moys,"House Science, Technology and Energy (04/07/2025)",yes,"Science, Technology and Energy",2025-04-07,yes,2025-04-07 08:58:31,2025-04-07T12:58:31Z,2025-04-07T18:32:39Z,PT5H31M50S,2025-04-07T18:50:59Z
17cinfG3Xbs,House Municipal and County Government (04/07/2025),yes,Municipal and County Government,2025-04-07,yes,2025-04-07 09:58:16,2025-04-07T13:58:16Z,2025-04-07T15:26:41Z,PT1H28M21S,2025-04-08T03:31:41Z
KNimSKNkuiI,House Ways and Means (04/07/2025),yes,Ways and Means,2025-04-07,yes,2025-04-07 09:57:16,2025-04-07T13:57:16Z,2025-04-07T15:45:24Z,PT1H48M21S,2025-04-08T03:54:14Z
5ASNdGpDyNU,House Education Policy and Administration (04/07/2025),yes,Education Policy and Administration,2025-04-07,yes,2025-04-07 09:58:56,2025-04-07T13:58:56Z,2025-04-07T17:13:55Z,PT3H15M,2025-04-08T05:33:27Z
m9DyNsE4EuU,House Children and Family Law (04/08/2025),yes,Children and Family Law,2025-04-08,yes,2025-04-08 09:57:01,2025-04-08T13:57:01Z,2025-04-08T18:29:48Z,PT4H32M54S,2025-04-08T18:39:42Z
SIw-hNAle3s,House Housing Committee (04/08/2025),yes,Housing Committee,2025-04-08,yes,2025-04-08 09:28:51,2025-04-08T13:28:51Z,2025-04-08T18:48:28Z,PT5H19M30S,2025-04-08T19:06:26Z
mihYm6f4mZU,"House Labor, Industrial and Rehabilitative Services (04/08/2025)",yes,"Labor, Industrial and Rehabilitative Services",2025-04-08,yes,2025-04-08 09:29:06,2025-04-08T13:29:06Z,2025-04-08T19:05:53Z,PT5H36M59S,2025-04-08T19:26:26Z
RguEeWfVGQQ,House Finance Committee Budget Briefing (04/08/2025),yes,Finance Committee Budget Briefing,2025-04-08,yes,2025-04-08 09:58:41,2025-04-08T13:58:41Z,2025-04-08T17:35:26Z,PT3H36M56S,2025-04-09T05:50:40Z
ODm7ou1RWA8,"House Health, Human Services and Elderly Affairs (04/09/2025)",yes,"Health, Human Services and Elderly Affairs",2025-04-09,yes,2025-04-09 09:28:41,2025-04-09T13:28:41Z,2025-04-09T18:15:27Z,PT4H46M44S,2025-04-09T18:25:27Z
BoTbhpcW5vw,House Criminal Justice and Public Safety (04/09/2025),yes,Criminal Justice and Public Safety,2025-04-09,yes,2025-04-09 09:58:36,2025-04-09T13:58:36Z,2025-04-09T19:05:52Z,PT5H7M14S,2025-04-09T19:24:27Z
8L3OlYGnXp4,House Judiciary (04/09/2025),yes,Judiciary,2025-04-09,yes,2025-04-09 09:58:36,2025-04-09T13:58:36Z,2025-04-09T19:07:41Z,PT5H9M11S,2025-04-09T19:29:25Z
Bnix1E0S-Fo,House Education Policy and Administration (04/09/2025),yes,Education Policy and Administration,2025-04-09,yes,2025-04-09 09:27:51,2025-04-09T13:27:51Z,2025-04-09T16:44:01Z,PT3H16M21S,2025-04-10T05:04:36Z
rxq1qh_cYT0,House Executive Departments and Administration (04/09/2025),yes,Executive Departments and Administration,2025-04-09,yes,2025-04-09 12:58:21,2025-04-09T16:58:21Z,2025-04-09T19:16:04Z,PT2H17M51S,2025-04-10T07:52:53Z
_6YHln7DHp8,House Session (04/10/2025),yes,Session,2025-04-10,yes,2025-04-10 09:57:46,2025-04-10T13:57:46Z,2025-04-10T23:17:05Z,PT9H19M26S,2025-04-10T23:39:28Z
F10ktTOjrQY,House Criminal Justice and Public Safety (04/11/2025),yes,Criminal Justice and Public Safety,2025-04-11,yes,2025-04-11 09:58:41,2025-04-11T13:58:41Z,2025-04-11T18:54:30Z,PT4H55M57S,2025-04-11T19:12:06Z
NQU7qtkKWzc,"House Science, Technology and Energy (04/14/2025)",yes,"Science, Technology and Energy",2025-04-14,yes,2025-04-14 09:00:36,2025-04-14T13:00:36Z,2025-04-14T20:11:58Z,PT7H10M44S,2025-04-14T20:45:24Z
eK4irWRtlRY,Capital Project Overview Committee (04/14/2025),yes,Capital Project Overview Committee,2025-04-14,yes,2025-04-14 08:57:37,2025-04-14T12:57:37Z,2025-04-14T13:18:19Z,PT20M56S,2025-04-15T01:30:37Z
yNR3qmzDZqs,Long Range Capital Planning and Utilization Committee (04/14/2025),yes,Long Range Capital Planning and Utilization Committee,2025-04-14,yes,2025-04-14 09:29:01,2025-04-14T13:29:01Z,2025-04-14T13:43:21Z,PT14M30S,2025-04-15T01:44:47Z
ZlJX8Z1-JQw,House Education Funding (04/14/2025),yes,Education Funding,2025-04-14,yes,2025-04-14 09:58:46,2025-04-14T13:58:46Z,2025-04-14T16:19:11Z,PT2H20M30S,2025-04-15T04:35:09Z
87-fF4Pi1YY,House Ways and Means (04/15/2025),yes,Ways and Means,2025-04-15,yes,2025-04-15 09:58:06,2025-04-15T13:58:06Z,2025-04-15T18:17:46Z,PT4H19M41S,2025-04-15T18:34:18Z
KHdtdvmzDf8,House Education Funding (04/15/2025),yes,Education Funding,2025-04-15,yes,2025-04-15 09:28:43,2025-04-15T13:28:43Z,2025-04-15T19:48:27Z,PT6H19M59S,2025-04-15T20:10:06Z
DprUOEUWIIA,House Committee on Housing (04/15/2025),yes,Committee on Housing,2025-04-15,yes,2025-04-15 09:58:46,2025-04-15T13:58:46Z,2025-04-15T20:22:51Z,PT6H24M14S,2025-04-15T20:41:19Z
siGXaGlEalI,House Environment and Agriculture (04/15/2025),yes,Environment and Agriculture,2025-04-15,yes,2025-04-15 09:29:11,2025-04-15T13:29:11Z,2025-04-15T15:37:47Z,PT2H8M44S,2025-04-16T03:59:49Z
6PNq44rqzDk,House Children and Family Law (04/15/2025),yes,Children and Family Law,2025-04-15,yes,2025-04-15 09:29:06,2025-04-15T13:29:06Z,2025-04-15T16:07:05Z,PT2H38M1S,2025-04-16T04:22:03Z
q6nvLh8QGNU,"House Resources, Recreation and Development (04/16/2025)",yes,"Resources, Recreation and Development",2025-04-16,yes,2025-04-16 09:58:46,2025-04-16T13:58:46Z,2025-04-16T18:18:32Z,PT4H19M44S,2025-04-16T18:30:00Z
YhtOStRz-s4,House Judiciary (04/16/2025),yes,Judiciary,2025-04-16,yes,2025-04-16 09:57:56,2025-04-16T13:57:56Z,2025-04-16T18:32:40Z,PT4H34M51S,2025-04-16T18:48:24Z
as5IvjR51o0,House Commerce and Consumer Affairs (04/16/2025),yes,Commerce and Consumer Affairs,2025-04-16,yes,2025-04-16 09:58:01,2025-04-16T13:58:01Z,2025-04-16T19:41:18Z,PT5H43M26S,2025-04-16T19:58:33Z
zclbHq9Ep6A,"House Health, Human Services and Elderly Affairs (04/16/2025)",yes,"Health, Human Services and Elderly Affairs",2025-04-16,yes,2025-04-16 09:30:31,2025-04-16T13:30:31Z,2025-04-16T20:29:24Z,PT6H59M6S,2025-04-16T20:55:41Z
JKiOo42yvYc,House Legislative Administration (04/16/2025),yes,Legislative Administration,2025-04-16,yes,2025-04-16 12:59:01,2025-04-16T16:59:01Z,2025-04-16T18:36:48Z,PT1H38M1S,2025-04-17T06:50:15Z
oOz232ZlUrU,House Executive Departments and Administration (04/16/2025),yes,Executive Departments and Administration,2025-04-16,yes,2025-04-16 13:13:46,2025-04-16T17:13:46Z,2025-04-16T20:47:16Z,PT3H33M31S,2025-04-17T10:43:33Z
7ikINmU2P6o,House Executive Departments and Administration (04/17/2025),yes,Executive Departments and Administration,2025-04-17,yes,2025-04-17 09:58:32,2025-04-17T13:58:32Z,2025-04-17T19:04:43Z,PT5H6M21S,2025-04-17T19:19:01Z
QtsAbUxIzmY,JLCAR Administrative Rules (04/18/2025),yes,JLCAR Administrative Rules,2025-04-18,yes,2025-04-18 08:55:17,2025-04-18T12:55:17Z,2025-04-18T13:25:26Z,PT30M26S,2025-04-19T01:31:19Z
Axb69qCkE2U,Fiscal Committee (04/18/2025),yes,Fiscal Committee,2025-04-18,yes,2025-04-18 10:58:56,2025-04-18T14:58:56Z,2025-04-18T16:43:15Z,PT1H44M26S,2025-04-19T04:51:34Z
mVfGDvFqaXo,"House Science, Technology and Energy (04/21/2025)",yes,"Science, Technology and Energy",2025-04-21,yes,2025-04-21 08:58:41,2025-04-21T12:58:41Z,2025-04-21T17:34:58Z,PT4H35M9S,2025-04-21T17:47:31Z
oaUVmY4eZHo,House Transportation (04/22/2025),yes,Transportation,2025-04-22,yes,2025-04-22 09:28:46,2025-04-22T13:28:46Z,2025-04-22T18:04:06Z,PT4H35M25S,2025-04-22T18:17:45Z
Uwolnpn11eI,House Election Law (04/22/2025),yes,Election Law,2025-04-22,yes,2025-04-22 09:58:41,2025-04-22T13:58:41Z,2025-04-22T19:24:42Z,PT5H26M1S,2025-04-22T19:37:36Z
j3DLtT7Od9w,House Ways and Means (04/22/2025),yes,Ways and Means,2025-04-22,yes,2025-04-22 09:59:06,2025-04-22T13:59:06Z,2025-04-22T19:36:56Z,PT5H37M39S,2025-04-22T19:57:09Z
8LfN8wUgzRs,House Judiciary (04/22/2025),yes,Judiciary,2025-04-22,yes,2025-04-22 08:56:57,2025-04-22T12:56:57Z,2025-04-22T14:08:40Z,PT1H11M50S,2025-04-23T02:16:07Z
FFhDp7CFX70,House Committee on Housing (04/22/2025),yes,Committee on Housing,2025-04-22,yes,2025-04-22 09:58:42,2025-04-22T13:58:42Z,2025-04-22T15:19:27Z,PT1H20M43S,2025-04-23T03:28:53Z
s2hnzw025pw,House Environment and Agriculture (04/22/2025),yes,Environment and Agriculture,2025-04-22,yes,2025-04-22 09:56:21,2025-04-22T13:56:21Z,2025-04-22T15:35:43Z,PT1H39M23S,2025-04-23T03:45:31Z
Cg6akmEHXGk,"House Labor, Industrial and Rehabilitative Services (04/22/2025)",yes,"Labor, Industrial and Rehabilitative Services",2025-04-22,yes,2025-04-22 09:59:01,2025-04-22T13:59:01Z,2025-04-22T17:12:01Z,PT3H13M2S,2025-04-23T05:24:26Z
LHyWXcd1iCY,House Committee on Housing Afternoon Subcommittee (04/22/2025),yes,Committee on Housing Afternoon Subcommittee,2025-04-22,yes,2025-04-22 12:58:41,2025-04-22T16:58:41Z,2025-04-22T17:55:27Z,PT56M56S,2025-04-23T06:04:23Z
PclB-ziLazc,House Commerce and Consumer Affairs (04/22/2025),yes,Commerce and Consumer Affairs,2025-04-22,yes,2025-04-22 13:12:11,2025-04-22T17:12:11Z,2025-04-22T19:22:24Z,PT2H10M26S,2025-04-23T07:36:03Z
2ocHguKXJss,House Education Policy and Administration (04/23/2025),yes,Education Policy and Administration,2025-04-23,yes,2025-04-23 09:29:01,2025-04-23T13:29:01Z,2025-04-23T18:13:09Z,PT4H44M16S,2025-04-23T18:31:55Z
e5_Uw-bA7Ng,"House Health, Human Services and Elderly Affairs (04/23/2025)",yes,"Health, Human Services and Elderly Affairs",2025-04-23,yes,2025-04-23 09:28:56,2025-04-23T13:28:56Z,2025-04-23T18:28:54Z,PT5H6S,2025-04-23T18:42:19Z
3VHR8p-iLvQ,House Executive Departments and Administration (04/23/2025),yes,Executive Departments and Administration,2025-04-23,yes,2025-04-23 10:58:46,2025-04-23T14:58:46Z,2025-04-23T19:43:58Z,PT4H45M16S,2025-04-23T20:08:01Z
QvOypzXEdiw,House Commerce and Consumer Affairs (04/23/2025),yes,Commerce and Consumer Affairs,2025-04-23,yes,2025-04-23 09:59:11,2025-04-23T13:59:11Z,2025-04-23T20:42:18Z,PT6H42M56S,2025-04-23T21:06:24Z
kSnmMVbqqls,House Criminal Justice and Public Safety (04/23/2025),yes,Criminal Justice and Public Safety,2025-04-23,yes,2025-04-23 09:58:51,2025-04-23T13:58:51Z,2025-04-23T16:28:24Z,PT2H29M46S,2025-04-24T04:46:41Z
Dv909ccvYVQ,House Judiciary (04/23/2025),yes,Judiciary,2025-04-23,yes,2025-04-23 09:55:36,2025-04-23T13:55:36Z,2025-04-23T16:35:28Z,PT2H40M1S,2025-04-24T04:52:27Z
9EqCaF5Q4C4,House Fish and Game and Marine Resources (04/23/2025),yes,Fish and Game and Marine Resources,2025-04-23,yes,2025-04-23 09:58:56,2025-04-23T13:58:56Z,2025-04-23T17:26:37Z,PT3H27M38S,2025-04-24T05:45:43Z
pthw5UVaNco,House Executive Departments and Administration (04/24/2025),yes,Executive Departments and Administration,2025-04-24,yes,2025-04-24 09:58:46,2025-04-24T13:58:46Z,2025-04-24T17:11:17Z,PT3H12M19S,2025-04-25T05:49:47Z
6D8Y5JkL9Kc,Health and Human Services Oversight Committee (04/25/2025),yes,Health and Human Services Oversight Committee,2025-04-25,yes,2025-04-25 12:55:31,2025-04-25T16:55:31Z,2025-04-25T19:10:23Z,PT2H15M6S,2025-04-26T07:34:31Z
sqm3NEa_hmE,House Education Funding (04/28/2025),yes,Education Funding,2025-04-28,yes,2025-04-28 09:55:36,2025-04-28T13:55:36Z,2025-04-28T15:52:17Z,PT1H56M45S,2025-04-29T04:15:03Z
d8ysoKFaC-A,House Municipal and County Government (04/28/2025),yes,Municipal and County Government,2025-04-28,yes,2025-04-28 09:31:56,2025-04-28T13:31:56Z,2025-04-28T16:14:32Z,PT2H42M41S,2025-04-29T04:24:23Z
sQDZbpKZO9s,House Public Works and Highways (04/29/2025),yes,Public Works and Highways,2025-04-29,yes,2025-04-29 09:58:46,2025-04-29T13:58:46Z,2025-04-29T15:13:40Z,PT1H15M11S,2025-04-30T03:20:06Z
_mALn58aQtE,House Commerce and Consumer Affairs (04/29/2025),yes,Commerce and Consumer Affairs,2025-04-29,yes,2025-04-29 09:57:41,2025-04-29T13:57:41Z,2025-04-29T15:14:02Z,PT1H16M20S,2025-04-30T03:26:45Z
ZuqipYp8l7E,House Ways and Means (04/29/2025),yes,Ways and Means,2025-04-29,yes,2025-04-29 09:57:46,2025-04-29T13:57:46Z,2025-04-29T16:33:28Z,PT2H35M51S,2025-04-30T04:49:57Z
hZBIUDXh1SQ,"House Health, Human Services and Elderly Affairs (04/30/2025)",yes,"Health, Human Services and Elderly Affairs",2025-04-30,yes,2025-04-30 09:28:46,2025-04-30T13:28:46Z,2025-04-30T15:46:57Z,PT2H18M26S,2025-05-01T03:56:43Z
ugYv_j7MRxE,House Committee on Housing (05/01/2025),yes,Committee on Housing,2025-05-01,yes,2025-05-01 11:38:46,2025-05-01T15:38:46Z,2025-05-01T16:01:12Z,PT22M40S,2025-05-02T04:03:38Z
80wwdWt8Lb4,House Session (05/01/2025),yes,Session,2025-05-01,yes,2025-05-01 09:57:31,2025-05-01T13:57:31Z,2025-05-01T15:54:13Z,PT1H56M56S,2025-05-02T04:24:13Z
yZzTnr9-hCA,House Transportation (05/01/2025),yes,Transportation,2025-05-01,yes,2025-05-01 11:39:51,2025-05-01T15:39:51Z,2025-05-01T16:48:27Z,PT1H8M46S,2025-05-02T04:53:06Z
lR061Jsd9Ss,House Education Funding (05/01/2025),yes,Education Funding,2025-05-01,yes,2025-05-01 13:00:01,2025-05-01T17:00:01Z,2025-05-01T19:13:10Z,PT2H13M16S,2025-05-02T07:27:47Z
wzxcT7R3goA,Legislative Performance Audit Oversight Committee (05/02/2025),yes,Legislative Performance Audit Oversight Committee,2025-05-02,yes,2025-05-02 09:58:56,2025-05-02T13:58:56Z,2025-05-02T14:51:32Z,PT52M45S,2025-05-03T03:02:42Z
sWE23eLSyrU,House Transportation (05/06/2025),yes,Transportation,2025-05-06,yes,2025-05-06 09:58:16,2025-05-06T13:58:16Z,2025-05-06T18:57:29Z,PT4H59M25S,2025-05-06T19:09:48Z
dAf1yhprPcA,House Ways and Means (05/06/2025),yes,Ways and Means,2025-05-06,yes,2025-05-06 09:58:22,2025-05-06T13:58:22Z,2025-05-06T14:46:29Z,PT48M11S,2025-05-07T02:53:49Z
74kr7i7WRT0,House Committee on Housing (05/06/2025),yes,Committee on Housing,2025-05-06,yes,2025-05-06 09:58:16,2025-05-06T13:58:16Z,2025-05-06T15:43:27Z,PT1H45M21S,2025-05-07T03:52:55Z
pKKp_XrvKUI,House Education Funding (05/06/2025),yes,Education Funding,2025-05-06,yes,2025-05-06 09:58:22,2025-05-06T13:58:22Z,2025-05-06T15:52:21Z,PT1H54M16S,2025-05-07T04:00:35Z
eZoJKsxbmd4,House Children and Family Law (05/06/2025),yes,Children and Family Law,2025-05-06,yes,2025-05-06 09:58:16,2025-05-06T13:58:16Z,2025-05-06T15:55:15Z,PT1H56M56S,2025-05-07T04:04:47Z
vTFJVoqtCSo,House Commerce and Consumer Affairs (05/06/2025),yes,Commerce and Consumer Affairs,2025-05-06,yes,2025-05-06 09:58:16,2025-05-06T13:58:16Z,2025-05-06T17:48:46Z,PT3H50M31S,2025-05-07T06:12:24Z
qVnDPLhA-TQ,House Judiciary (05/07/2025),yes,Judiciary,2025-05-07,yes,2025-05-07 09:57:32,2025-05-07T13:57:32Z,2025-05-07T14:16:45Z,PT19M16S,2025-05-08T02:18:15Z
gizItkNGMsk,House Commerce and Consumer Affairs (05/07/2025),yes,Commerce and Consumer Affairs,2025-05-07,yes,2025-05-07 09:57:26,2025-05-07T13:57:26Z,2025-05-07T15:29:32Z,PT1H32M1S,2025-05-08T03:37:06Z
XE5FundvuDo,House Education Policy and Administration (05/07/2025),yes,Education Policy and Administration,2025-05-07,yes,2025-05-07 09:29:36,2025-05-07T13:29:36Z,2025-05-07T15:28:03Z,PT1H58M26S,2025-05-08T03:49:15Z
8gFNudlxXDo,House Session (05/08/2025),yes,Session,2025-05-08,yes,2025-05-08 09:55:16,2025-05-08T13:55:16Z,2025-05-08T17:29:23Z,PT3H34M3S,2025-05-09T05:48:51Z
ntCEuWG-9C4,House Legislative Administration (05/08/2025),yes,Legislative Administration,2025-05-08,yes,2025-05-08 13:11:01,2025-05-08T17:11:01Z,2025-05-08T18:01:21Z,PT50M28S,2025-05-09T06:06:06Z
5t8yOsw9l_c,House Environment and Agriculture (05/08/2025),yes,Environment and Agriculture,2025-05-08,yes,2025-05-08 13:10:56,2025-05-08T17:10:56Z,2025-05-08T18:09:45Z,PT58M51S,2025-05-09T06:16:09Z
mSDBd0GUvkQ,House Criminal Justice and Public Safety (05/09/2025),yes,Criminal Justice and Public Safety,2025-05-09,yes,2025-05-09 09:58:36,2025-05-09T13:58:36Z,2025-05-09T17:13:20Z,PT3H14M51S,2025-05-10T05:45:13Z
WB8g-INb4ZQ,House Children and Family Law (05/13/2025),yes,Children and Family Law,2025-05-13,yes,2025-05-13 09:27:31,2025-05-13T13:27:31Z,2025-05-13T14:55:57Z,PT1H28M29S,2025-05-14T03:10:20Z
qXWda8kNyaE,House Environment and Agriculture (05/13/2025),yes,Environment and Agriculture,2025-05-13,yes,2025-05-13 10:00:26,2025-05-13T14:00:26Z,2025-05-13T15:11:27Z,PT1H10M58S,2025-05-14T03:18:40Z
GuqDCjJKYPA,House Finance Division I (05/13/2025),yes,Finance Division I,2025-05-13,yes,2025-05-13 09:58:46,2025-05-13T13:58:46Z,2025-05-13T15:48:07Z,PT1H49M31S,2025-05-14T03:57:22Z
o50gVbo_V2c,House Commerce and Consumer Affairs (05/13/2025),yes,Commerce and Consumer Affairs,2025-05-13,yes,2025-05-13 10:00:26,2025-05-13T14:00:26Z,2025-05-13T17:52:59Z,PT3H52M36S,2025-05-14T06:03:53Z
7kjkB5BU3yU,House Commerce and Consumer Affairs (05/14/2025),yes,Commerce and Consumer Affairs,2025-05-14,yes,2025-05-14 09:58:46,2025-05-14T13:58:46Z,2025-05-14T15:41:30Z,PT1H42M55S,2025-05-15T04:04:37Z
03tn0iTWpGk,JLCAR Administrative Rules (05/16/2025),yes,JLCAR Administrative Rules,2025-05-16,yes,2025-05-16 08:56:06,2025-05-16T12:56:06Z,2025-05-16T13:46:32Z,PT50M30S,2025-05-17T01:51:28Z
TkfgmZDA5Is,Fiscal Committee (05/16/2025),yes,Fiscal Committee,2025-05-16,yes,2025-05-16 10:56:41,2025-05-16T14:56:41Z,2025-05-16T15:28:09Z,PT31M35S,2025-05-17T03:30:34Z
XRy4D_vocBs,Health and Human Services Oversight Committee (05/16/2025),yes,Health and Human Services Oversight Committee,2025-05-16,yes,2025-05-16 12:57:21,2025-05-16T16:57:21Z,2025-05-16T19:07:41Z,PT2H10M26S,2025-05-17T07:22:17Z
BBbCrV4Lmxc,House Education Funding (05/20/2025),yes,Education Funding,2025-05-20,yes,2025-05-20 09:58:51,2025-05-20T13:58:51Z,2025-05-20T18:32:26Z,PT4H31M52S,2025-05-20T18:42:03Z
rmi1oi5DUl8,House Ways and Means (05/20/2025),yes,Ways and Means,2025-05-20,yes,2025-05-20 09:58:51,2025-05-20T13:58:51Z,2025-05-20T18:58:09Z,PT4H57M7S,2025-05-20T19:33:54Z
CY1QIUmrAys,House Environment and Agriculture (05/20/2025),yes,Environment and Agriculture,2025-05-20,yes,2025-05-20 10:28:56,2025-05-20T14:28:56Z,2025-05-20T14:51:02Z,PT22M11S,2025-05-21T02:54:03Z
oPi9QnrrI80,House Finance Division III (05/20/2025),yes,Finance Division III,2025-05-20,yes,2025-05-20 09:58:46,2025-05-20T13:58:46Z,2025-05-20T15:08:05Z,PT1H9M36S,2025-05-21T03:15:24Z
OZzvw_FUP70,House Education Policy and Administration (05/20/2025),yes,Education Policy and Administration,2025-05-20,yes,2025-05-20 09:26:36,2025-05-20T13:26:36Z,2025-05-20T16:07:40Z,PT2H41M12S,2025-05-21T04:22:27Z
D4ygoKHNrBE,House Finance Division I (05/20/2025),yes,Finance Division I,2025-05-20,yes,2025-05-20 13:12:26,2025-05-20T17:12:26Z,2025-05-20T17:31:31Z,PT19M16S,2025-05-21T05:34:53Z
zNvKHR0_IdQ,House Commerce and Consumer Affairs (05/20/2025),yes,Commerce and Consumer Affairs,2025-05-20,yes,2025-05-20 09:56:36,2025-05-20T13:56:36Z,2025-05-20T17:42:57Z,PT3H46M1S,2025-05-21T06:07:34Z
at3kp409cho,House Executive Departments and Administration (05/21/2025),yes,Executive Departments and Administration,2025-05-21,yes,2025-05-21 10:58:46,2025-05-21T14:58:46Z,2025-05-21T15:58:05Z,PT59M31S,2025-05-22T04:07:09Z
VvMpZmUoyw8,Joint Committee on Dedicated Funds (05/21/2025),yes,Joint Committee on Dedicated Funds,2025-05-21,yes,2025-05-21 09:58:56,2025-05-21T13:58:56Z,2025-05-21T16:14:15Z,PT2H15M21S,2025-05-22T04:29:44Z
mCayxebvIhg,House Commerce and Consumer Affairs (05/21/2025),yes,Commerce and Consumer Affairs,2025-05-21,yes,2025-05-21 09:58:56,2025-05-21T13:58:56Z,2025-05-21T16:29:08Z,PT2H30M15S,2025-05-22T04:42:11Z
9PkaEd8o-LE,House Committee on Housing (05/22/2025),yes,Committee on Housing,2025-05-22,yes,2025-05-22 14:26:16,2025-05-22T18:26:16Z,2025-05-22T18:34:58Z,PT8M56S,2025-05-22T18:37:51Z
YobZAwJsSQo,House Session (05/22/2025),yes,Session,2025-05-22,yes,2025-05-22 09:59:06,2025-05-22T13:59:06Z,2025-05-22T18:27:18Z,PT4H28M16S,2025-05-22T18:40:49Z
6mw0U21WX2k,House Finance Division III (05/22/2025),yes,Finance Division III,2025-05-22,yes,2025-05-22 14:29:26,2025-05-22T18:29:26Z,2025-05-22T19:00:17Z,PT31M6S,2025-05-23T07:03:31Z
3YoQOQAdBQI,House Criminal Justice and Public Safety (05/23/2025),yes,Criminal Justice and Public Safety,2025-05-23,yes,2025-05-23 09:59:11,2025-05-23T13:59:11Z,2025-05-23T18:12:15Z,PT4H12M56S,2025-05-23T18:25:48Z
GJqt9PIJvVU,Finance Division II (05/23/2025),yes,Finance Division II,2025-05-23,yes,2025-05-23 09:59:11,2025-05-23T13:59:11Z,2025-05-23T14:51:34Z,PT52M16S,2025-05-24T03:00:35Z
Mb-FQUk3I0E,Public Higher Education Study Committee (05/23/2025),yes,Public Higher Education Study Committee,2025-05-23,yes,2025-05-23 09:57:01,2025-05-23T13:57:01Z,2025-05-23T15:42:11Z,PT1H45M21S,2025-05-24T03:51:52Z
wJ52E0k9I_0,House Commerce and Consumer Affairs (05/27/2025),yes,Commerce and Consumer Affairs,2025-05-27,yes,2025-05-27 09:58:46,2025-05-27T13:58:46Z,2025-05-27T18:32:51Z,PT4H34M16S,2025-05-27T18:54:55Z
NNzxPjLnJTY,House Education Policy and Administration (05/27/2025),yes,Education Policy and Administration,2025-05-27,yes,2025-05-27 09:26:56,2025-05-27T13:26:56Z,2025-05-27T19:41:05Z,PT6H14M20S,2025-05-27T20:00:42Z
VhbT8ybTJbE,House Ways and Means (05/27/2025),yes,Ways and Means,2025-05-27,yes,2025-05-27 09:57:11,2025-05-27T13:57:11Z,2025-05-27T14:23:59Z,PT27M1S,2025-05-28T02:27:08Z
s7t-tlvCmw4,House Election Law (05/27/2025),yes,Election Law,2025-05-27,yes,2025-05-27 09:58:46,2025-05-27T13:58:46Z,2025-05-27T15:45:29Z,PT1H46M56S,2025-05-28T03:57:57Z
3SErUy2oWbk,House Finance (05/28/2025),yes,Finance,2025-05-28,yes,2025-05-28 09:58:16,2025-05-28T13:58:16Z,2025-05-28T15:24:33Z,PT1H26M25S,2025-05-29T03:30:26Z
Rzg89nvXSmU,House Education Funding (05/28/2025),yes,Education Funding,2025-05-28,yes,2025-05-28 12:56:36,2025-05-28T16:56:36Z,2025-05-28T18:17:46Z,PT1H21M16S,2025-05-29T06:27:44Z
B747DpYcc9E,House Session (06/05/2025),yes,Session,2025-06-05,yes,2025-06-05 09:57:51,2025-06-05T13:57:51Z,2025-06-05T22:45:11Z,PT8H47M26S,2025-06-06T00:32:54Z
nyosFRtCVZo,Legislative Performance Audit Oversight Committee (06/06/2025),yes,Legislative Performance Audit Oversight Committee,2025-06-06,yes,2025-06-06 09:56:31,2025-06-06T13:56:31Z,2025-06-06T15:04:51Z,PT1H8M36S,2025-06-07T03:09:24Z
u0QH1bxzeGc,Finance Budget Briefing (06/10/2025),yes,Finance Budget Briefing,2025-06-10,NO,,,,PT1H40M39S,2025-06-10T19:13:38Z
AiHHEc5CKZ8,"House Science, Technology and Energy (06/10/2025)",yes,"Science, Technology and Energy",2025-06-10,yes,2025-06-10 09:58:56,2025-06-10T13:58:56Z,2025-06-10T15:05:35Z,PT1H6M36S,2025-06-11T03:10:49Z
LP8BH--7AN8,Committee of Conference on HB 718 (06/12/2025),yes,Committee of Conference on HB 718,2025-06-12,yes,2025-06-12 13:58:46,2025-06-12T17:58:46Z,2025-06-12T18:10:01Z,PT11M26S,2025-06-12T18:12:22Z
YnRjE5qQj3w,House Session (06/12/2025),yes,Session,2025-06-12,yes,2025-06-12 09:58:41,2025-06-12T13:58:41Z,2025-06-12T17:18:02Z,PT3H19M10S,2025-06-13T05:37:48Z
aGy5YRZ4rdw,"Committee of Conference on HB 1, HB 2 (06/12/2025)",yes,"Committee of Conference on HB 1, HB 2",2025-06-12,yes,2025-06-12 13:57:31,2025-06-12T17:57:31Z,2025-06-12T20:28:43Z,PT2H31M21S,2025-06-13T08:44:36Z
Ifusbupkw_8,"Committee of Conference on HB 1, HB 2 (06/13/2025)",yes,"Committee of Conference on HB 1, HB 2",2025-06-13,yes,2025-06-13 09:58:31,2025-06-13T13:58:31Z,2025-06-13T19:20:09Z,PT5H21M46S,2025-06-13T19:34:15Z
dIumWRhMDrY,"Committee of Conference on HB 485, HB 710, HB 273, HB 132 (06/16/2025)",yes,"Committee of Conference on HB 485, HB 710, HB 273, HB 132",2025-06-16,yes,2025-06-16 09:28:46,2025-06-16T13:28:46Z,2025-06-16T19:06:18Z,PT5H37M41S,2025-06-16T19:33:16Z
V-RzUyKPaiU,"Committee of Conference on HB 118, HB 142, HB 701, HB 712 (06/16/2025)",yes,"Committee of Conference on HB 118, HB 142, HB 701, HB 712",2025-06-16,yes,2025-06-16 08:27:36,2025-06-16T12:27:36Z,2025-06-16T20:01:23Z,PT7H34M1S,2025-06-16T20:17:54Z
1SIDO6pM17w,"Committee of Conference on HB 1, HB 2 (06/16/2025)",yes,"Committee of Conference on HB 1, HB 2",2025-06-16,yes,2025-06-16 09:58:31,2025-06-16T13:58:31Z,2025-06-16T21:01:21Z,PT7H2M51S,2025-06-16T21:31:15Z
Sfczp-bEQtE,"Committee of Conference on HB 144, HB 67, HB 154, HB 464, HB 613 (06/16/2025)",yes,"Committee of Conference on HB 144, HB 67, HB 154, HB 464, HB 613",2025-06-16,yes,2025-06-16 08:56:56,2025-06-16T12:56:56Z,2025-06-16T14:59:25Z,PT2H2M41S,2025-06-17T03:11:58Z
tTb-MgXa_-I,"Committee of Conference on HB 557, HB 71 (06/16/2025)",yes,"Committee of Conference on HB 557, HB 71",2025-06-16,yes,2025-06-16 09:28:31,2025-06-16T13:28:31Z,2025-06-16T15:50:07Z,PT2H21M35S,2025-06-17T04:06:50Z
M_vQhPmdJHo,"Committee of Conference on HB 250, HB 617, HB 685, HB 60 (06/17/2025)",yes,"Committee of Conference on HB 250, HB 617, HB 685, HB 60",2025-06-17,yes,2025-06-17 08:28:11,2025-06-17T12:28:11Z,2025-06-17T17:37:45Z,PT5H9M34S,2025-06-17T17:57:53Z
FfXIizXUWiE,"Committee of Conference on HB 328, HB 737, HB 612 (06/17/2025)",yes,"Committee of Conference on HB 328, HB 737, HB 612",2025-06-17,yes,2025-06-17 10:00:36,2025-06-17T14:00:36Z,2025-06-17T18:48:23Z,PT4H47M41S,2025-06-17T19:00:29Z
yigq3bvDOyw,"Committee of Conference on HB 1, HB 2 (06/17/2025)",yes,"Committee of Conference on HB 1, HB 2",2025-06-17,yes,2025-06-17 09:58:46,2025-06-17T13:58:46Z,2025-06-17T20:12:10Z,PT6H13M12S,2025-06-17T20:24:41Z
fr7ji3roLIo,"Committee of Conference on HB 421, HB 701, HB 377, HB 712 (06/17/2025)",yes,"Committee of Conference on HB 421, HB 701, HB 377, HB 712",2025-06-17,yes,2025-06-17 12:27:36,2025-06-17T16:27:36Z,2025-06-17T20:50:36Z,PT4H22M51S,2025-06-17T21:00:08Z
dyFXwCevncA,"Committee of Conference on HB 428, HB 243, HB 560 (06/18/2025)",yes,"Committee of Conference on HB 428, HB 243, HB 560",2025-06-18,yes,2025-06-18 08:58:51,2025-06-18T12:58:51Z,2025-06-18T17:56:02Z,PT4H57M25S,2025-06-18T18:07:34Z
t5oz6oj4TgU,"Committee of Conference on HB 506, HB 776, HB 143 (06/18/2025)",yes,"Committee of Conference on HB 506, HB 776, HB 143",2025-06-18,yes,2025-06-18 09:58:26,2025-06-18T13:58:26Z,2025-06-18T18:19:23Z,PT4H21M6S,2025-06-18T18:35:03Z
SVoD154m_eg,"Committee of Conference on HB 1, HB 2 (06/18/2025)",yes,"Committee of Conference on HB 1, HB 2",2025-06-18,yes,2025-06-18 09:58:26,2025-06-18T13:58:26Z,2025-06-18T22:41:31Z,PT8H43M21S,2025-06-18T23:03:05Z
CWud45ZIilE,Committee of Conference on HB 701 (06/18/2025),yes,Committee of Conference on HB 701,2025-06-18,yes,2025-06-18 10:28:46,2025-06-18T14:28:46Z,2025-06-18T15:16:50Z,PT48M16S,2025-06-19T03:20:18Z
Bn6MAz1PlCk,"Committee of Conference on HB 1, HB 2 (06/19/2025)",yes,"Committee of Conference on HB 1, HB 2",2025-06-19,yes,2025-06-19 09:58:41,2025-06-19T13:58:41Z,2025-06-19T15:51:40Z,PT1H53M,2025-06-20T04:00:39Z
Pm-4I_LToKU,JLCAR Administrative Rules (06/20/2025),yes,JLCAR Administrative Rules,2025-06-20,yes,2025-06-20 08:58:01,2025-06-20T12:58:01Z,2025-06-20T13:18:53Z,PT21M5S,2025-06-21T01:22:29Z
rkNYDlDaFpI,Fiscal Committee (06/20/2025),yes,Fiscal Committee,2025-06-20,yes,2025-06-20 10:58:56,2025-06-20T14:58:56Z,2025-06-20T15:50:41Z,PT51M56S,2025-06-21T03:55:43Z
grqUmnBllc8,House Session (06/26/2025),yes,Session,2025-06-26,yes,2025-06-26 10:03:21,2025-06-26T14:03:21Z,2025-06-26T21:04:21Z,PT7H1M6S,2025-06-26T21:25:02Z
lRa7qF8p2rg,Capital Project Overview Committee (06/30/2025),yes,Capital Project Overview Committee,2025-06-30,yes,2025-06-30 08:57:56,2025-06-30T12:57:56Z,2025-06-30T13:27:25Z,PT29M36S,2025-07-01T01:31:23Z
xJf_udjSEuY,Long Range Capital Planning and Utilization Committee (06/30/2025),yes,Long Range Capital Planning and Utilization Committee,2025-06-30,yes,2025-06-30 09:28:16,2025-06-30T13:28:16Z,2025-06-30T13:58:36Z,PT30M26S,2025-07-01T02:02:08Z
sslDI-6FBak,JLCAR Administrative Rules (07/17/2025),yes,JLCAR Administrative Rules,2025-07-17,yes,2025-07-17 08:58:01,2025-07-17T12:58:01Z,2025-07-17T13:12:57Z,PT15M11S,2025-07-18T01:14:38Z
bxrBe9iZlq0,JLCAR Administrative Rules (08/21/2025),yes,JLCAR Administrative Rules,2025-08-21,yes,2025-08-21 08:57:21,2025-08-21T12:57:21Z,2025-08-21T13:26:27Z,PT29M16S,2025-08-22T01:33:13Z
Av1_t1MZ9sQ,Legislative Performance Audit Oversight Committee (09/05/2025),yes,Legislative Performance Audit Oversight Committee,2025-09-05,yes,2025-09-05 09:55:41,2025-09-05T13:55:41Z,2025-09-05T14:51:54Z,PT56M26S,2025-09-06T03:05:18Z
yWjvJLClgyA,Fiscal Committee (09/05/2025),yes,Fiscal Committee,2025-09-05,yes,2025-09-05 12:59:16,2025-09-05T16:59:16Z,2025-09-05T17:49:47Z,PT50M41S,2025-09-06T06:18:50Z
_9-BodhBRLc,House Environment and Agriculture (09/09/2025),yes,Environment and Agriculture,2025-09-09,yes,2025-09-09 10:28:36,2025-09-09T14:28:36Z,2025-09-09T15:17:07Z,PT48M26S,2025-09-12T02:04:42Z
It3M5VSOuao,House Education Funding (09/09/2025),yes,Education Funding,2025-09-09,yes,2025-09-09 09:58:51,2025-09-09T13:58:51Z,2025-09-09T16:05:32Z,PT2H6M56S,2025-09-12T09:07:03Z
-drt-ptsXks,House Judiciary (09/10/2025),yes,Judiciary,2025-09-10,yes,2025-09-10 09:57:41,2025-09-10T13:57:41Z,2025-09-10T15:19:18Z,PT1H21M36S,2025-09-12T22:13:03Z
M8W3R6vz2WU,House Commerce and Consumer Affairs (09/10/2025),yes,Commerce and Consumer Affairs,2025-09-10,yes,2025-09-10 09:58:46,2025-09-10T13:58:46Z,2025-09-10T16:30:13Z,PT2H31M41S,2025-09-12T23:40:30Z
DufmB6xxuFE,Committee to Study Long-Term Managed Care (09/12/2025),yes,Committee to Study Long-Term Managed Care,2025-09-12,yes,2025-09-12 13:57:36,2025-09-12T17:57:36Z,2025-09-12T19:17:28Z,PT1H19M51S,2025-09-13T07:22:35Z
z2fEYEYOrug,House Judiciary (09/15/2025),yes,Judiciary,2025-09-15,yes,2025-09-15 09:58:51,2025-09-15T13:58:51Z,2025-09-15T15:13:14Z,PT1H14M36S,2025-09-16T03:21:27Z
jzMNnW4rkNQ,Committee to Study Long-Term Managed Care (09/15/2025),yes,Committee to Study Long-Term Managed Care,2025-09-15,yes,2025-09-15 13:28:56,2025-09-15T17:28:56Z,2025-09-15T19:03:28Z,PT1H34M41S,2025-09-16T07:33:11Z
uo4ohBhBoFw,House Education Funding (09/16/2025),yes,Education Funding,2025-09-16,yes,2025-09-16 09:58:51,2025-09-16T13:58:51Z,2025-09-16T18:45:06Z,PT4H46M25S,2025-09-16T18:58:56Z
C_9Fi0k_OR8,House Election Law (09/16/2025),yes,Election Law,2025-09-16,yes,2025-09-16 09:58:56,2025-09-16T13:58:56Z,2025-09-16T15:49:36Z,PT1H50M50S,2025-09-17T04:02:03Z
TXmeaZJZgY8,Joint Committee on Dedicated Funds (09/17/2025),yes,Joint Committee on Dedicated Funds,2025-09-17,yes,2025-09-17 09:58:31,2025-09-17T13:58:31Z,2025-09-17T18:54:49Z,PT4H56M10S,2025-09-17T19:07:19Z
AAPUx52Xcmg,JLCAR Administrative Rules (09/18/2025),yes,JLCAR Administrative Rules,2025-09-18,yes,2025-09-18 08:55:51,2025-09-18T12:55:51Z,2025-09-18T13:24:20Z,PT28M40S,2025-09-19T01:27:41Z
JCscIrNS4BY,House Finance Division I (09/18/2025),yes,Finance Division I,2025-09-18,yes,2025-09-18 09:59:11,2025-09-18T13:59:11Z,2025-09-18T15:14:27Z,PT1H15M31S,2025-09-19T03:21:58Z
6_6FlW64pR4,House Education Funding (09/23/2025),yes,Education Funding,2025-09-23,yes,2025-09-23 09:58:26,2025-09-23T13:58:26Z,2025-09-23T18:30:09Z,PT4H31M51S,2025-09-23T18:44:06Z
kUcVxrXZTFk,House Committee on Housing (09/23/2025),yes,Committee on Housing,2025-09-23,yes,2025-09-23 09:58:41,2025-09-23T13:58:41Z,2025-09-23T14:15:44Z,PT17M16S,2025-09-24T02:18:17Z
j43bdgwLcSk,House Municipal and County Government (09/24/2025),yes,Municipal and County Government,2025-09-24,yes,2025-09-24 08:58:06,2025-09-24T12:58:06Z,2025-09-24T19:33:32Z,PT6H33M15S,2025-09-24T19:55:53Z
9K7au8KdAAo,"House Resources, Recreation and Development (09/24/2025)",yes,"Resources, Recreation and Development",2025-09-24,yes,2025-09-24 09:58:31,2025-09-24T13:58:31Z,2025-09-24T15:45:10Z,PT1H46M56S,2025-09-25T03:55:51Z
d1U9iThxYfQ,Joint Committee on Dedicated Funds (09/24/2025),yes,Joint Committee on Dedicated Funds,2025-09-24,yes,2025-09-24 09:59:16,2025-09-24T13:59:16Z,2025-09-24T16:05:53Z,PT2H6M21S,2025-09-25T04:15:06Z
fOkyv6xu5wc,Committee to Study Long-Term Managed Care (09/24/2025),yes,Committee to Study Long-Term Managed Care,2025-09-24,yes,2025-09-24 13:58:51,2025-09-24T17:58:51Z,2025-09-24T18:35:06Z,PT36M31S,2025-09-25T06:38:52Z
E7FuVLo4UM8,Health and Human Services Oversight Committee (09/26/2025),yes,Health and Human Services Oversight Committee,2025-09-26,yes,2025-09-26 12:59:01,2025-09-26T16:59:01Z,2025-09-26T18:53:53Z,PT1H55M6S,2025-09-27T07:08:38Z
slW8pAW3SC0,Capital Project Overview Committee (09/29/2025),yes,Capital Project Overview Committee,2025-09-29,yes,2025-09-29 08:58:46,2025-09-29T12:58:46Z,2025-09-29T13:28:19Z,PT29M46S,2025-09-30T01:30:43Z
OF174f6nb3Q,Long Range Capital Planning and Utilization Committee (09/29/2025),yes,Long Range Capital Planning and Utilization Committee,2025-09-29,yes,2025-09-29 09:29:06,2025-09-29T13:29:06Z,2025-09-29T13:57:23Z,PT28M31S,2025-09-30T02:00:10Z
l0U4VFedOAk,Committee to Study Long-Term Managed Care (09/29/2025),yes,Committee to Study Long-Term Managed Care,2025-09-29,yes,2025-09-29 09:59:21,2025-09-29T13:59:21Z,2025-09-29T14:54:52Z,PT55M26S,2025-09-30T02:59:07Z
jftOct10juw,Joint Committee on Tax Expenditure Review (09/29/2025),yes,Joint Committee on Tax Expenditure Review,2025-09-29,yes,2025-09-29 10:24:21,2025-09-29T14:24:21Z,2025-09-29T15:43:09Z,PT1H18M46S,2025-09-30T03:47:31Z
X9BQzGFs-5w,House Finance Division III (09/29/2025),yes,Finance Division III,2025-09-29,yes,2025-09-29 09:53:51,2025-09-29T13:53:51Z,2025-09-29T16:44:39Z,PT2H50M51S,2025-09-30T05:16:38Z
29br6qFo_fk,House Children and Family Law SubCommittee (09/30/25),yes,Children and Family Law SubCommittee,2025-09-30,yes,2025-09-30 11:18:01,2025-09-30T15:18:01Z,2025-09-30T15:21:26Z,PT3M20S,2025-09-30T15:23:35Z
CH61nIK5hH8,House Children and Family Law (09/30/2025),yes,Children and Family Law,2025-09-30,yes,2025-09-30 09:59:01,2025-09-30T13:59:01Z,2025-09-30T15:14:09Z,PT1H14M56S,2025-10-01T03:20:07Z
cMLFdtvJJKI,House Judiciary (09/30/2025),yes,Judiciary,2025-09-30,yes,2025-09-30 10:57:36,2025-09-30T14:57:36Z,2025-09-30T16:00:35Z,PT1H3M11S,2025-10-01T04:16:21Z
6FxEYKoKWZs,House Education Funding (09/30/2025),yes,Education Funding,2025-09-30,yes,2025-09-30 09:58:41,2025-09-30T13:58:41Z,2025-09-30T16:02:33Z,PT2H4M6S,2025-10-01T04:43:38Z
SK3FWwhn1Og,Commission to Study Costs of Special Education (09/30/2025),yes,Commission to Study Costs of Special Education,2025-09-30,yes,2025-09-30 12:59:36,2025-09-30T16:59:36Z,2025-09-30T18:40:11Z,PT1H40M46S,2025-10-01T06:50:59Z
-Y5esyp7i9g,House Executive Departments and Administration (10/01/2025),yes,Executive Departments and Administration,2025-10-01,yes,2025-10-01 09:55:21,2025-10-01T13:55:21Z,2025-10-01T16:31:25Z,PT2H36M16S,2025-10-02T04:43:07Z
oEZorDUY8Lo,"House Health, Human Services and Elderly Affairs (10/01/2025)",yes,"Health, Human Services and Elderly Affairs",2025-10-01,yes,2025-10-01 12:58:51,2025-10-01T16:58:51Z,2025-10-01T18:56:54Z,PT1H58M16S,2025-10-02T07:05:46Z
2DZ9_ufT7xY,House Finance Division I (10/02/2025),yes,Finance Division I,2025-10-02,yes,2025-10-02 12:57:36,2025-10-02T16:57:36Z,2025-10-02T18:28:56Z,PT1H31M31S,2025-10-03T06:35:25Z
st3zBdGdJq4,Joint Legislative Performance Audit Oversight Committee (10/03/2025),yes,Joint Legislative Performance Audit Oversight Committee,2025-10-03,yes,2025-10-03 09:58:46,2025-10-03T13:58:46Z,2025-10-03T15:08:14Z,PT1H9M40S,2025-10-04T03:13:22Z
OXALm1TkfBA,Committee to Study Reducing the Number of School Administrative Units in the State (10/06/25),yes,Committee to Study Reducing the Number of School Administrative Units in the State,2025-10-06,yes,2025-10-06 09:27:41,2025-10-06T13:27:41Z,2025-10-06T15:32:44Z,PT2H5M16S,2025-10-07T03:49:04Z
TOZF-hPsyto,House Ways and Means (10/06/2025),yes,Ways and Means,2025-10-06,yes,2025-10-06 09:58:46,2025-10-06T13:58:46Z,2025-10-06T16:03:56Z,PT2H5M26S,2025-10-07T04:16:59Z
8mBf6ne9Mno,House Commerce and Consumer Affairs (10/08/2025),yes,Commerce and Consumer Affairs,2025-10-08,yes,2025-10-08 09:58:51,2025-10-08T13:58:51Z,2025-10-08T18:02:10Z,PT4H3M15S,2025-10-08T18:11:17Z
d0CiFxkmodk,"House Health, Human Services and Elderly Affairs (10/08/2025)",yes,"Health, Human Services and Elderly Affairs",2025-10-08,yes,2025-10-08 09:58:46,2025-10-08T13:58:46Z,2025-10-08T15:26:02Z,PT1H27M31S,2025-10-09T03:50:43Z
Calc0PmipnU,House Legislative Administration (10/08/2025),yes,Legislative Administration,2025-10-08,yes,2025-10-08 12:58:41,2025-10-08T16:58:41Z,2025-10-08T18:38:10Z,PT1H39M36S,2025-10-09T06:45:08Z
B4eaQf2Sozw,Joint Committee on Dedicated Funds (10/13/2025),yes,Joint Committee on Dedicated Funds,2025-10-13,yes,2025-10-13 12:58:16,2025-10-13T16:58:16Z,2025-10-13T18:03:39Z,PT1H5M36S,2025-10-14T06:07:29Z
tmUaknhveqQ,House Public Works and Highways (10/14/2025),yes,Public Works and Highways,2025-10-14,yes,2025-10-14 09:59:16,2025-10-14T13:59:16Z,2025-10-14T14:16:29Z,PT17M21S,2025-10-15T02:20:10Z
fzU_pfTG6dA,"House Science, Technology and Energy (10/14/2025)",yes,"Science, Technology and Energy",2025-10-14,yes,2025-10-14 09:58:51,2025-10-14T13:58:51Z,2025-10-14T17:15:57Z,PT3H17M16S,2025-10-15T05:37:36Z
taYhO7sdItw,Committee to Study Reducing the Number of School Administrative Units in the State (10/15/25),yes,Committee to Study Reducing the Number of School Administrative Units in the State,2025-10-15,yes,2025-10-15 09:28:56,2025-10-15T13:28:56Z,2025-10-15T15:34:04Z,PT2H5M21S,2025-10-16T03:45:41Z
vk3FiagHtnA,Commission to Study Stable Tokens (10/15/2025),yes,Commission to Study Stable Tokens,2025-10-15,yes,2025-10-15 09:53:36,2025-10-15T13:53:36Z,2025-10-15T16:05:23Z,PT2H11M56S,2025-10-16T04:13:39Z
y4tY3Kv76cw,Commission to Study Costs of Special Education (10/15/2025),yes,Commission to Study Costs of Special Education,2025-10-15,yes,2025-10-15 12:58:46,2025-10-15T16:58:46Z,2025-10-15T18:37:09Z,PT1H38M31S,2025-10-16T06:42:25Z
LVvzJSSVJdw,Finance Division II (10/16/2025),yes,Finance Division II,2025-10-16,yes,2025-10-16 09:59:01,2025-10-16T13:59:01Z,2025-10-16T15:07:14Z,PT1H8M11S,2025-10-17T03:14:23Z
nGNBelMKpFM,JLCAR Administrative Rules (10/17/2025),yes,JLCAR Administrative Rules,2025-10-17,yes,2025-10-17 08:58:31,2025-10-17T12:58:31Z,2025-10-17T13:36:52Z,PT38M18S,2025-10-18T01:43:20Z
arW2_fKPXYM,House State-Federal Relations and Veterans Affairs (10/17/2025),yes,State-Federal Relations and Veterans Affairs,2025-10-17,yes,2025-10-17 09:55:46,2025-10-17T13:55:46Z,2025-10-17T15:49:28Z,PT1H53M26S,2025-10-18T03:58:32Z
yfimDp4LI_I,Fiscal Committee (10/17/2025),yes,Fiscal Committee,2025-10-17,yes,2025-10-17 10:55:41,2025-10-17T14:55:41Z,2025-10-17T16:37:38Z,PT1H42M11S,2025-10-18T04:46:31Z
YPa9FZW1-DA,House Rules (10/21/2025),yes,Rules,2025-10-21,yes,2025-10-21 12:58:17,2025-10-21T16:58:17Z,2025-10-21T17:13:05Z,PT15M1S,2025-10-21T17:15:49Z
cu2obbvh3Q8,House Children and Family Law (10/21/2025),yes,Children and Family Law,2025-10-21,yes,2025-10-21 09:28:46,2025-10-21T13:28:46Z,2025-10-21T14:20:52Z,PT52M21S,2025-10-22T02:27:53Z
f_9OxpwUkYg,House Criminal Justice and Public Safety (10/22/2025),yes,Criminal Justice and Public Safety,2025-10-22,yes,2025-10-22 09:58:46,2025-10-22T13:58:46Z,2025-10-22T18:14:13Z,PT4H15M36S,2025-10-22T18:25:03Z
1CH_pfzzwZo,Carbon Sequestration Programs Study Commission (10/22/2025),yes,Carbon Sequestration Programs Study Commission,2025-10-22,yes,2025-10-22 09:58:41,2025-10-22T13:58:41Z,2025-10-22T14:53:48Z,PT55M21S,2025-10-23T03:04:05Z
EbRC4xfWeOI,"House Labor, Industrial and Rehabilitative Services (10/22/2025)",yes,"Labor, Industrial and Rehabilitative Services",2025-10-22,yes,2025-10-22 09:55:42,2025-10-22T13:55:42Z,2025-10-22T16:01:56Z,PT2H6M26S,2025-10-23T04:10:07Z
YOHtfKPh9y8,"House Health, Human Services and Elderly Affairs (10/22/2025)",yes,"Health, Human Services and Elderly Affairs",2025-10-22,yes,2025-10-22 12:58:07,2025-10-22T16:58:07Z,2025-10-22T18:13:38Z,PT1H15M46S,2025-10-23T06:18:52Z
_L9NX-kn1ZY,Committee to Study Reducing the Number of School Administrative Units in the State (10/23/25),yes,Committee to Study Reducing the Number of School Administrative Units in the State,2025-10-23,yes,2025-10-23 09:25:37,2025-10-23T13:25:37Z,2025-10-23T15:59:47Z,PT2H34M21S,2025-10-24T04:14:13Z
ItwJXUXxSqs,House Criminal Justice and Public Safety (10/23/2025),yes,Criminal Justice and Public Safety,2025-10-23,yes,2025-10-23 09:58:32,2025-10-23T13:58:32Z,2025-10-23T17:37:13Z,PT3H38M56S,2025-10-24T06:00:51Z
KsiN4wQOr8Y,Health and Human Services Oversight Committee (10/24/2025),yes,Health and Human Services Oversight Committee,2025-10-24,yes,2025-10-24 09:58:47,2025-10-24T13:58:47Z,2025-10-24T15:50:00Z,PT1H51M9S,2025-10-25T04:16:02Z
yZ4gC2Wdgls,Committee to Study Long-Term Managed Care (10/27/2025),yes,Committee to Study Long-Term Managed Care,2025-10-27,yes,2025-10-27 09:58:42,2025-10-27T13:58:42Z,2025-10-27T14:16:33Z,PT18M6S,2025-10-28T02:19:24Z
D5qU7CWt_ZA,Fiscal Committee (10/28/2025),yes,Fiscal Committee,2025-10-28,yes,2025-10-28 09:58:31,2025-10-28T13:58:31Z,2025-10-28T14:30:12Z,PT31M56S,2025-10-29T02:37:12Z
XeQnj1hjIdQ,House Children and Family Law (10/28/2025),yes,Children and Family Law,2025-10-28,yes,2025-10-28 09:28:51,2025-10-28T13:28:51Z,2025-10-28T14:56:25Z,PT1H27M51S,2025-10-29T03:04:56Z
JAuNLiLJyk4,House Municipal and County Government (10/28/2025),yes,Municipal and County Government,2025-10-28,yes,2025-10-28 10:56:22,2025-10-28T14:56:22Z,2025-10-28T15:29:57Z,PT33M51S,2025-10-29T03:32:44Z
gQ-VWQvzBJk,House Commerce and Consumer Affairs (10/28/2025),yes,Commerce and Consumer Affairs,2025-10-28,yes,2025-10-28 09:54:42,2025-10-28T13:54:42Z,2025-10-28T16:11:44Z,PT2H17M16S,2025-10-29T04:18:33Z
_gl8RK8MiPE,House Education Funding (10/28/2025),yes,Education Funding,2025-10-28,yes,2025-10-28 09:28:46,2025-10-28T13:28:46Z,2025-10-28T17:05:19Z,PT3H36M30S,2025-10-29T05:20:51Z
wWMQvY_iPrU,House Transportation (10/28/2025),yes,Transportation,2025-10-28,yes,2025-10-28 12:57:02,2025-10-28T16:57:02Z,2025-10-28T19:31:35Z,PT2H34M46S,2025-10-29T07:40:01Z
eBPCqZAmJV0,House Ways and Means (10/29/2025),yes,Ways and Means,2025-10-29,yes,2025-10-29 09:59:26,2025-10-29T13:59:26Z,2025-10-29T15:03:53Z,PT1H4M36S,2025-10-30T03:45:41Z
ln3b32Dj6P8,Commission to Study Costs of Special Education (10/29/2025),yes,Commission to Study Costs of Special Education,2025-10-29,yes,2025-10-29 09:59:21,2025-10-29T13:59:21Z,2025-10-29T15:56:54Z,PT1H57M46S,2025-10-30T04:06:20Z
aLcoH6a5SxQ,House Legislative Administration (10/29/2025),yes,Legislative Administration,2025-10-29,yes,2025-10-29 12:57:26,2025-10-29T16:57:26Z,2025-10-29T17:52:26Z,PT55M1S,2025-10-30T06:03:23Z
nlsCOsDTRE0,Committee to Study Reducing the Number of School Administrative Units in the State (10/29/25),yes,Committee to Study Reducing the Number of School Administrative Units in the State,2025-10-29,yes,2025-10-29 12:58:41,2025-10-29T16:58:41Z,2025-10-29T19:49:17Z,PT2H50M51S,2025-10-30T07:58:06Z
_2Vn4LtsdhE,Committee to Study Reducing the Number of School Administrative Units in the State (10/30/25),yes,Committee to Study Reducing the Number of School Administrative Units in the State,2025-10-30,yes,2025-10-30 09:28:46,2025-10-30T13:28:46Z,2025-10-30T14:05:11Z,PT36M36S,2025-10-31T02:09:38Z
NU4XfnugiXc,House Finance (10/30/2025),yes,Finance,2025-10-30,yes,2025-10-30 09:55:26,2025-10-30T13:55:26Z,2025-10-30T17:06:41Z,PT3H11M16S,2025-10-31T05:34:02Z
1uSgXqQZtLQ,"House Health, Human Services and Elderly Affairs (11/03/2025)",yes,"Health, Human Services and Elderly Affairs",2025-11-03,yes,2025-11-03 12:58:51,2025-11-03T17:58:51Z,2025-11-03T19:04:07Z,PT1H5M26S,2025-11-04T07:08:01Z
FK2JrAuNc3E,House Education Policy and Administration (11/05/2025),yes,Education Policy and Administration,2025-11-05,yes,2025-11-05 09:28:41,2025-11-05T14:28:41Z,2025-11-05T22:14:29Z,PT7H45M42S,2025-11-05T22:32:50Z
LkjNyqTOAms,House Executive Departments and Administration (11/05/2025),yes,Executive Departments and Administration,2025-11-05,yes,2025-11-05 09:58:11,2025-11-05T14:58:11Z,2025-11-05T15:41:15Z,PT43M1S,2025-11-06T03:44:33Z
_XEG1jcgwh8,House Environment and Agriculture (11/05/2025),yes,Environment and Agriculture,2025-11-05,yes,2025-11-05 09:58:41,2025-11-05T14:58:41Z,2025-11-05T15:59:19Z,PT1H51S,2025-11-06T04:05:53Z
y6jJmmL7QBY,Joint Legislative Performance Audit Oversight Committee (11/07/2025),yes,Joint Legislative Performance Audit Oversight Committee,2025-11-07,yes,2025-11-07 09:58:36,2025-11-07T14:58:36Z,2025-11-07T15:32:27Z,PT34M6S,2025-11-08T03:38:01Z
QdPc3cLqEYw,House Education Funding (11/10/2025),yes,Education Funding,2025-11-10,yes,2025-11-10 08:58:36,2025-11-10T13:58:36Z,2025-11-10T15:48:56Z,PT1H50M36S,2025-11-11T03:58:02Z
zTaNYbyF6Ac,"House Health, Human Services and Elderly Affairs (11/12/2025)",yes,"Health, Human Services and Elderly Affairs",2025-11-12,yes,2025-11-12 09:58:41,2025-11-12T14:58:41Z,2025-11-12T16:27:00Z,PT1H28M26S,2025-11-13T04:39:09Z
HCCGZTRGYxA,House Environment and Agriculture (11/12/2025),yes,Environment and Agriculture,2025-11-12,yes,2025-11-12 10:58:41,2025-11-12T15:58:41Z,2025-11-12T17:14:21Z,PT1H15M51S,2025-11-13T05:26:17Z
uwATC56h9Gs,Commission to Study Stable Tokens (11/12/2025),yes,Commission to Study Stable Tokens,2025-11-12,yes,2025-11-12 09:55:16,2025-11-12T14:55:16Z,2025-11-12T17:05:04Z,PT2H9M56S,2025-11-13T05:30:30Z
zjYRRT8r9mg,House Judiciary (11/12/2025),yes,Judiciary,2025-11-12,yes,2025-11-12 09:48:41,2025-11-12T14:48:41Z,2025-11-12T17:22:07Z,PT2H33M41S,2025-11-13T05:38:05Z
fMv_hIEU_yc,Public Higher Education Study Committee (11/12/2025),yes,Public Higher Education Study Committee,2025-11-12,yes,2025-11-12 12:57:21,2025-11-12T17:57:21Z,2025-11-12T19:12:59Z,PT1H15M51S,2025-11-13T07:20:48Z
BcK2CT29ia4,House Criminal Justice and Public Safety (11/13/2025),yes,Criminal Justice and Public Safety,2025-11-13,yes,2025-11-13 09:58:46,2025-11-13T14:58:46Z,2025-11-13T15:41:23Z,PT42M46S,2025-11-14T03:52:49Z
Xucs9EvUgrI,House Education Funding (11/13/2025),yes,Education Funding,2025-11-13,yes,2025-11-13 12:56:51,2025-11-13T17:56:51Z,2025-11-13T21:28:23Z,PT3H31M41S,2025-11-14T09:42:27Z
6N1S6AKH24g,Carbon Sequestration Programs Study Commission (11/18/2025),yes,Carbon Sequestration Programs Study Commission,2025-11-18,yes,2025-11-18 09:55:21,2025-11-18T14:55:21Z,2025-11-18T16:27:20Z,PT1H32M1S,2025-11-19T04:33:50Z
KugCnsh4fDw,JLCAR Administrative Rules (11/20/2025),yes,JLCAR Administrative Rules,2025-11-20,yes,2025-11-20 08:55:16,2025-11-20T13:55:16Z,2025-11-20T15:07:10Z,PT1H12M6S,2025-11-21T03:13:55Z
o7be6W7M5Uc,Fiscal Committee (11/21/2025),yes,Fiscal Committee,2025-11-21,yes,2025-11-21 10:58:46,2025-11-21T15:58:46Z,2025-11-21T16:38:37Z,PT39M56S,2025-11-22T04:42:05Z
H7Pb2e-CFOc,Health and Human Services Oversight Committee (11/21/2025),yes,Health and Human Services Oversight Committee,2025-11-21,yes,2025-11-21 09:58:41,2025-11-21T14:58:41Z,2025-11-21T16:32:55Z,PT1H34M21S,2025-11-22T04:50:36Z
voIhG40hlj4,Commission to Study Costs of Special Education (11/21/2025),yes,Commission to Study Costs of Special Education,2025-11-21,yes,2025-11-21 09:59:11,2025-11-21T14:59:11Z,2025-11-21T17:21:50Z,PT2H22M41S,2025-11-22T05:28:32Z
