video_id,title,title_parsed,parsed_committee,parsed_date,date_from,has_start_time,start_eastern,actual_start_utc,actual_end_utc,duration_iso,published_at
okHcg-1-0WM,Executive Departments and Administration : Work and Executive Session (5/14/20),yes,Executive Departments and Administration : Work and Executive Session,2020-05-14,title,yes,2020-05-14 10:11:36,2020-05-14T14:11:36Z,2020-05-14T19:36:01Z,PT1H40M20S,2020-05-14T20:16:54Z
I8VVnI5f7i8,Judiciary : Work Session (5/19/20),yes,Judiciary : Work Session,2020-05-19,title,yes,2020-05-19 13:02:10,2020-05-19T17:02:10Z,2020-05-19T22:03:30Z,PT1H42M1S,2020-05-20T00:39:04Z
DchF7xBBfGk,Ways and Mean : Work Session and Revenue Estimates (5/20/20),yes,Ways and Mean : Work Session and Revenue Estimates,2020-05-20,title,yes,2020-05-20 10:00:47,2020-05-20T14:00:47Z,2020-05-20T20:12:51Z,PT2H48M33S,2020-05-20T21:05:48Z
BadbRylnhTM,Criminal Justice and Public Safety : Work and Executive Sessions (5/21/20),yes,Criminal Justice and Public Safety : Work and Executive Sessions,2020-05-21,title,yes,2020-05-21 10:05:19,2020-05-21T14:05:19Z,2020-05-21T20:05:04Z,PT2H35M9S,2020-05-21T20:49:10Z
duB8_TkhP4o,Finance : Executive Session (5/21/20),yes,Finance : Executive Session,2020-05-21,title,yes,2020-05-21 14:02:09,2020-05-21T18:02:09Z,2020-05-21T22:17:43Z,PT1H11M7S,2020-05-21T22:54:51Z
IhaIzHCphC0,Ways and Means - Revenue Estimates (5/27/20 - morning session),NO,,,title,yes,2020-05-27 09:30:49,2020-05-27T13:30:49Z,2020-05-27T16:24:30Z,PT2H53M42S,2020-05-27T17:04:48Z
L8usjfX4Td8,Ways and Means - Revenue Estimates (5/27/20 - afternoon session),NO,,,title,yes,2020-05-27 13:01:24,2020-05-27T17:01:24Z,2020-05-27T20:21:07Z,PT3H19M45S,2020-05-27T21:02:14Z
Q3YzhF_QEb0,Judiciary : Executive Session (5/28/20),yes,Judiciary : Executive Session,2020-05-28,title,yes,2020-05-28 10:04:21,2020-05-28T14:04:21Z,2020-05-28T15:33:36Z,PT1H29M16S,2020-05-28T16:09:54Z
wCdNcNoIUa4,Executive Departments and Administration : Executive Session (5/28/20),yes,Executive Departments and Administration : Executive Session,2020-05-28,title,yes,2020-05-28 13:06:34,2020-05-28T17:06:34Z,2020-05-28T17:50:05Z,PT43M36S,2020-05-28T18:23:30Z
4RcJkeO7QRM,Ways and Means: Revenue Estimates (6/1/20 - morning session),NO,,,title,yes,2020-06-01 10:03:22,2020-06-01T14:03:22Z,2020-06-01T16:41:51Z,PT2H38M34S,2020-06-01T17:15:20Z
L5BFcb7Eeb4,Ways and Means: Revenue Estimates and Executive Session (6/1/20 - afternoon session),NO,,,title,yes,2020-06-01 13:05:02,2020-06-01T17:05:02Z,2020-06-01T19:28:42Z,PT2H23M59S,2020-06-01T20:08:20Z
1uQdTrOA09M,Children and Family Law : Public Hearings and Executive Session (6/2/20),yes,Children and Family Law : Public Hearings and Executive Session,2020-06-02,title,yes,2020-06-02 13:02:11,2020-06-02T17:02:11Z,2020-06-02T21:40:56Z,PT4H38M48S,2020-06-02T22:29:54Z
ULsBhg_qSaY,Rules (6/3/20),yes,Rules,2020-06-03,title,yes,2020-06-03 10:03:10,2020-06-03T14:03:10Z,2020-06-03T15:10:49Z,PT1H7M37S,2020-06-03T15:45:29Z
P6mc2t7qGzY,Education: Public Hearings and Executive Sessions (6/9/20),yes,Education: Public Hearings and Executive Sessions,2020-06-09,title,yes,2020-06-09 13:04:14,2020-06-09T17:04:14Z,2020-06-09T19:44:35Z,PT2H40M21S,2020-06-09T20:26:27Z
e0bV06242NM,"Resources, Recreation and Development : Work and Executive Sessions (8/25/20)",yes,"Resources, Recreation and Development : Work and Executive Sessions",2020-08-25,title,yes,2020-08-25 10:00:41,2020-08-25T14:00:41Z,2020-08-25T15:26:54Z,PT1H26M10S,2020-08-25T16:02:38Z
daQs-_etepA,Judiciary : Work and Executive Sessions (9/1/20),yes,Judiciary : Work and Executive Sessions,2020-09-01,title,yes,2020-09-01 10:03:15,2020-09-01T14:03:15Z,2020-09-01T15:23:33Z,PT1H20M11S,2020-09-02T03:29:51Z
Aw8QPwwAtyE,Commerce and Consumer Affairs : Work and Executive Sessions (9/1/20),yes,Commerce and Consumer Affairs : Work and Executive Sessions,2020-09-01,title,yes,2020-09-01 14:02:02,2020-09-01T18:02:02Z,2020-09-01T19:53:17Z,PT1H51M11S,2020-09-02T08:03:52Z
xqohAiSgjuE,Commerce and Consumer Affairs : Work and Executive Sessions (9/2/20),yes,Commerce and Consumer Affairs : Work and Executive Sessions,2020-09-02,title,yes,2020-09-02 14:04:03,2020-09-02T18:04:03Z,2020-09-02T20:01:58Z,PT1H57M51S,2020-09-03T08:11:05Z
SOk0QW0y3zc,"Science, Technology and Energy : Work and Executive Sessions (9/3/20)",yes,"Science, Technology and Energy : Work and Executive Sessions",2020-09-03,title,yes,2020-09-03 10:03:07,2020-09-03T14:03:07Z,2020-09-03T14:37:59Z,PT34M46S,2020-09-04T02:41:21Z
KQyzHfJXPnc,"Health, Human Services and Elderly Affairs : Work and Executive Sessions (9/3/20)",yes,"Health, Human Services and Elderly Affairs : Work and Executive Sessions",2020-09-03,title,yes,2020-09-03 14:05:46,2020-09-03T18:05:46Z,2020-09-03T20:00:46Z,PT1H54M56S,2020-09-04T08:16:30Z
uM21q-sVdp0,Municipal and County Government: Work and Executive Sessions (9/10/20),yes,Municipal and County Government: Work and Executive Sessions,2020-09-10,title,yes,2020-09-10 10:10:04,2020-09-10T14:10:04Z,2020-09-10T14:59:30Z,PT49M21S,2020-09-11T03:04:40Z
ocTsd1hIBB0,Election Law : Work and Executive Sessions (9/10/20),yes,Election Law : Work and Executive Sessions,2020-09-10,title,yes,2020-09-10 14:06:04,2020-09-10T18:06:04Z,2020-09-10T20:26:23Z,PT2H20M5S,2020-09-11T08:45:33Z
rEMuj_tM69g,Ways and Means : Work and Executive Sessions (9/11/20),yes,Ways and Means : Work and Executive Sessions,2020-09-11,title,yes,2020-09-11 10:02:40,2020-09-11T14:02:40Z,2020-09-11T15:02:16Z,PT59M31S,2020-09-12T03:07:14Z
lymOceClI5U,Legislative Administration : Work and Executive Sessions (9/11/20),yes,Legislative Administration : Work and Executive Sessions,2020-09-11,title,yes,2020-09-11 14:00:57,2020-09-11T18:00:57Z,2020-09-11T18:50:36Z,PT49M36S,2020-09-12T06:57:29Z
3ReeUGm1nQc,Criminal Justice and Public Safety: Work and Executive Sessions (9/15/20),yes,Criminal Justice and Public Safety: Work and Executive Sessions,2020-09-15,title,yes,2020-09-15 10:05:21,2020-09-15T14:05:21Z,2020-09-15T15:06:01Z,PT1H36S,2020-09-16T03:10:32Z
wL5S9N1wrWg,Executive Departments and Administration : Work and Executive Sessions (9/15/20),yes,Executive Departments and Administration : Work and Executive Sessions,2020-09-15,title,yes,2020-09-15 14:09:59,2020-09-15T18:09:59Z,2020-09-15T19:30:39Z,PT1H20M36S,2020-09-16T07:37:59Z
xMEesNHl0iU,Fish and Game and Marine Resources : Work and Executive Sessions (9/17/20),yes,Fish and Game and Marine Resources : Work and Executive Sessions,2020-09-17,title,yes,2020-09-17 14:09:27,2020-09-17T18:09:27Z,2020-09-17T18:46:48Z,PT27M22S,2020-09-18T06:50:13Z
fbnla_EObQY,"Labor, Industrial and Rehabilitative Services : Work and Executive Sessions (9/18/20)",yes,"Labor, Industrial and Rehabilitative Services : Work and Executive Sessions",2020-09-18,title,NO,,,,PT33M53S,2020-09-18T19:59:18Z
52TFCuOAm9w,Education : Work and Executive Sessions (9/22/20),yes,Education : Work and Executive Sessions,2020-09-22,title,yes,2020-09-22 10:06:12,2020-09-22T14:06:12Z,2020-09-22T15:44:00Z,PT1H37M25S,2020-09-23T03:51:49Z
X29GuwFGk0Q,Children and Family Law : Work and Executive Sessions (9/23/20),yes,Children and Family Law : Work and Executive Sessions,2020-09-23,title,NO,,,,PT42M38S,2020-09-23T16:00:42Z
uqfQNniJH-Q,Environment and Agriculture : Executive Session (9/23/20),yes,Environment and Agriculture : Executive Session,2020-09-23,title,yes,2020-09-23 14:06:36,2020-09-23T18:06:36Z,2020-09-23T18:59:31Z,PT52M51S,2020-09-24T07:08:35Z
utXwkumkZcc,Ways and Means with Senate Ways and Means (11/23/20),yes,Ways and Means with Senate Ways and Means,2020-11-23,title,yes,2020-11-23 10:01:59,2020-11-23T15:01:59Z,2020-11-23T19:53:08Z,PT4H50M41S,2020-11-23T20:11:13Z
C_lkRIYtYOY,Rules (12/16/20),yes,Rules,2020-12-16,title,yes,2020-12-16 10:03:22,2020-12-16T15:03:22Z,2020-12-16T19:42:29Z,PT4H39M1S,2020-12-16T20:05:40Z
ydnPKQZlAOw,Children and Family Law Orientation Meeting 1/11/21,NO,,,title,yes,2021-01-11 13:02:25,2021-01-11T18:02:25Z,2021-01-11T18:56:34Z,PT54M11S,2021-01-12T06:59:59Z
YFERSxKR5P4,Commerce and Consumer Affairs Orientation Meeting 1/12/21,NO,,,title,yes,2021-01-12 10:07:22,2021-01-12T15:07:22Z,2021-01-12T19:12:18Z,PT4H4M56S,2021-01-12T19:33:54Z
lP75CHzAopU,Ways and Means Orientation Meeting 1/12/21,NO,,,title,yes,2021-01-12 10:15:15,2021-01-12T15:15:15Z,2021-01-12T16:45:58Z,PT1H30M41S,2021-01-13T04:57:54Z
rZh9slrWPUc,Criminal Justice and Public Safety Orientation 1/12/21,NO,,,title,yes,2021-01-12 10:03:19,2021-01-12T15:03:19Z,2021-01-12T17:05:06Z,PT2H1M46S,2021-01-13T05:11:32Z
IJuCmz-ntxk,Judiciary Orientation Meeting 1/13/21,NO,,,title,yes,2021-01-13 10:02:09,2021-01-13T15:02:09Z,2021-01-13T16:04:42Z,PT1H2M31S,2021-01-14T04:11:39Z
gNOxdMsDTuQ,State-Federal Relations and Veterans Affairs 1/13/21,NO,,,title,yes,2021-01-13 10:02:20,2021-01-13T15:02:20Z,2021-01-13T16:59:44Z,PT1H57M21S,2021-01-14T05:08:36Z
6ooFT78ssLI,Commerce and Consumer Affairs Orientation Meeting 1/13/21,NO,,,title,yes,2021-01-13 09:16:22,2021-01-13T14:16:22Z,2021-01-13T17:14:39Z,PT2H58M20S,2021-01-14T05:27:39Z
lqmQV0RtRp0,Executive Departments and Administration Orientation Meeting 1/13/21,NO,,,title,yes,2021-01-13 10:03:55,2021-01-13T15:03:55Z,2021-01-13T18:57:50Z,PT3H53M49S,2021-01-14T07:17:55Z
qwVN6m1Adgc,Environment and Agriculture Orientation Meeting 1/13/21,NO,,,title,yes,2021-01-13 13:05:12,2021-01-13T18:05:12Z,2021-01-13T19:49:22Z,PT1H44M5S,2021-01-14T07:57:17Z
gtPFXHuwlgw,Education Orientation Meeting 1/14/21,NO,,,title,yes,2021-01-14 08:49:21,2021-01-14T13:49:21Z,2021-01-14T13:57:21Z,PT7M51S,2021-01-15T01:58:23Z
GrTdHEAssVc,Executive Departments and Administration Orientation 1/14/21,NO,,,title,yes,2021-01-14 10:07:57,2021-01-14T15:07:57Z,2021-01-14T16:22:28Z,PT1H14M31S,2021-01-15T04:26:45Z
IRpUu3WtNGw,Municipal and County Government Committee Orientation (1/14/21),yes,Municipal and County Government Committee Orientation,2021-01-14,title,yes,2021-01-14 10:02:24,2021-01-14T15:02:24Z,2021-01-14T16:33:24Z,PT1H30M56S,2021-01-15T04:42:27Z
0i3tx2VknPo,Public Works and Highways Orientation Meeting 1/14/21,NO,,,title,yes,2021-01-14 09:01:36,2021-01-14T14:01:36Z,2021-01-14T17:42:34Z,PT3H40M56S,2021-01-15T06:00:14Z
sjn9-ZRA_3k,Fish and Game Orientation Meeting,NO,,,title,yes,2021-01-14 13:03:12,2021-01-14T18:03:12Z,2021-01-14T19:52:38Z,PT1H49M25S,2021-01-15T08:12:38Z
jJIScoYO6HU,Health and Human Services and Elderly Affairs Orientation Meeting 1/15/21,NO,,,title,yes,2021-01-15 09:05:17,2021-01-15T14:05:17Z,2021-01-15T15:05:03Z,PT59M41S,2021-01-16T03:08:14Z
zYIi2hwbidw,Election Law Orientation Meeting 1/15/21,NO,,,title,yes,2021-01-15 10:08:24,2021-01-15T15:08:24Z,2021-01-15T16:58:28Z,PT1H50M6S,2021-01-16T05:05:25Z
hlg9GlaG54g,"Resources, Recreation, and Development Orientation Meeting 1/15/21",NO,,,title,yes,2021-01-15 10:07:26,2021-01-15T15:07:26Z,2021-01-15T17:06:18Z,PT1H58M51S,2021-01-16T05:17:30Z
y0b_8SUIWNA,"Science, Technology, and Energy Orientation Meeting 1/15/21",NO,,,title,yes,2021-01-15 10:01:46,2021-01-15T15:01:46Z,2021-01-15T18:06:50Z,PT3H5M1S,2021-01-16T06:31:24Z
RL16NeTxI_4,Legislative Administration Orientation Meeting 1/15/21,NO,,,title,yes,2021-01-15 13:03:21,2021-01-15T18:03:21Z,2021-01-15T19:01:37Z,PT58M16S,2021-01-16T07:08:23Z
8KplccSPTLE,Ways and Means Economic Briefing (1/19/21),yes,Ways and Means Economic Briefing,2021-01-19,title,yes,2021-01-19 09:01:20,2021-01-19T14:01:20Z,2021-01-19T20:11:42Z,PT6H10M21S,2021-01-19T20:45:07Z
s96IfyZq2TQ,Ways and Means Economic Briefing,NO,,,title,yes,2021-01-20 09:00:47,2021-01-20T14:00:47Z,2021-01-20T19:45:43Z,PT5H44M51S,2021-01-20T20:13:52Z
w2U6_YgzA10,"Labor, Industrial, and Rehabilitative Services (1/12/21)",yes,"Labor, Industrial, and Rehabilitative Services",2021-01-12,title,yes,2021-01-20 10:08:34,2021-01-20T15:08:34Z,2021-01-20T16:49:56Z,PT1H41M16S,2021-01-21T05:04:18Z
dloFhlg5MsQ,Election Law 1/22/21,NO,,,title,yes,2021-01-22 10:16:08,2021-01-22T15:16:08Z,2021-01-22T19:43:58Z,PT4H27M41S,2021-01-22T20:04:24Z
2gRuUjqTEUs,"Science, Technology, and Energy Orientation Meeting 1/22/21",NO,,,title,yes,2021-01-22 10:00:31,2021-01-22T15:00:31Z,2021-01-23T00:31:07Z,PT3H26M11S,2021-01-23T06:41:51Z
53pYTYbNFUM,Ways and Means,NO,,,title,yes,2021-01-26 09:02:07,2021-01-26T14:02:07Z,2021-01-26T20:02:54Z,PT6H45S,2021-01-26T20:22:53Z
gG9OUmbwFpA,Judiciary (1/26/21),yes,Judiciary,2021-01-26,title,yes,2021-01-26 09:01:59,2021-01-26T14:01:59Z,2021-01-26T20:08:35Z,PT6H6M31S,2021-01-26T20:37:54Z
4vGs9fcJWHY,Commerce and Consumer Affairs (1/26/21),yes,Commerce and Consumer Affairs,2021-01-26,title,yes,2021-01-26 09:03:26,2021-01-26T14:03:26Z,2021-01-26T19:58:33Z,PT5H55M1S,2021-01-26T20:40:39Z
FGZELjmd0Iw,Education 1/26/21,NO,,,title,yes,2021-01-26 09:34:07,2021-01-26T14:34:07Z,2021-01-26T20:55:05Z,PT6H20M56S,2021-01-26T21:22:12Z
i2OJqhJ5GRU,"Health, Human Services, and Elderly Affairs (1/26/21)",yes,"Health, Human Services, and Elderly Affairs",2021-01-26,title,yes,2021-01-26 09:02:25,2021-01-26T14:02:25Z,2021-01-26T21:33:56Z,PT7H31M28S,2021-01-26T22:04:34Z
AJwg9FNRj3A,Ways and Means,NO,,,title,yes,2021-01-27 09:10:09,2021-01-27T14:10:09Z,2021-01-27T20:03:48Z,PT5H53M36S,2021-01-27T20:40:25Z
B0ZBSh-yhW0,Executive Departments and Administration (1/27/21),yes,Executive Departments and Administration,2021-01-27,title,yes,2021-01-27 09:30:52,2021-01-27T14:30:52Z,2021-01-27T20:21:59Z,PT5H51M1S,2021-01-27T20:42:24Z
6HtsurybE00,Environment and Agriculture (1/27/21),yes,Environment and Agriculture,2021-01-27,title,yes,2021-01-27 11:57:51,2021-01-27T16:57:51Z,2021-01-27T21:19:01Z,PT4H21M26S,2021-01-27T22:00:55Z
6hZsLYAC_tI,"Resources, Recreation, and Development 1/27/21",NO,,,title,yes,2021-01-27 09:04:09,2021-01-27T14:04:09Z,2021-01-27T22:03:22Z,PT7H59M14S,2021-01-27T22:59:34Z
iTpKlVius2s,Criminal Justice and Public Safety 1/27/21,NO,,,title,yes,2021-01-27 09:15:10,2021-01-27T14:15:10Z,2021-01-27T23:53:45Z,PT9H38M36S,2021-01-28T00:32:51Z
uUmfNFjK6gw,Environment and Agriculture (1/27/21),yes,Environment and Agriculture,2021-01-27,title,yes,2021-01-27 09:02:37,2021-01-27T14:02:37Z,2021-01-27T16:57:01Z,PT2H44M12S,2021-01-28T05:04:42Z
l7O2nfDP2ig,Children and Family Law 1/28/21,NO,,,title,yes,2021-01-28 09:30:38,2021-01-28T14:30:38Z,2021-01-28T18:55:46Z,PT4H25M,2021-01-28T19:13:08Z
OkvVodD9MNE,Public Works and Highways Committee 1/28/21,NO,,,title,yes,2021-01-28 09:30:27,2021-01-28T14:30:27Z,2021-01-28T20:02:37Z,PT5H32M6S,2021-01-28T20:32:45Z
1D6bx_-p8pI,Ways and Means Committee 1/28/21,NO,,,title,yes,2021-01-28 09:03:04,2021-01-28T14:03:04Z,2021-01-28T20:34:49Z,PT6H31M41S,2021-01-28T21:05:02Z
vRnmYjoIZO4,"Labor, Industrial, and Rehabilitative Services Committee  1/28/21",NO,,,title,yes,2021-01-28 08:59:46,2021-01-28T13:59:46Z,2021-01-28T20:49:33Z,PT6H49M41S,2021-01-28T21:08:48Z
rn90_s7At98,State-Federal Relations and Veterans Affairs Committee Meeting 1/29/21,NO,,,title,yes,2021-01-29 09:02:57,2021-01-29T14:02:57Z,2021-01-29T20:20:06Z,PT6H17M1S,2021-01-29T20:49:49Z
xfAJcOcvDuM,Transportation Committee Orientation and Public Hearing 1/29/21,NO,,,title,yes,2021-01-29 09:02:57,2021-01-29T14:02:57Z,2021-01-29T20:52:12Z,PT6H49M16S,2021-01-29T21:24:11Z
aWwUoyLzN5s,"Science, Technology, and Energy Committee 1/29/21",NO,,,title,yes,2021-01-29 09:01:41,2021-01-29T14:01:41Z,2021-01-29T22:06:22Z,PT8H4M41S,2021-01-29T22:37:21Z
kwNfwf3zHbI,Election Law (1/29/21),yes,Election Law,2021-01-29,title,yes,2021-01-29 09:31:08,2021-01-29T14:31:08Z,2021-01-29T17:44:45Z,PT3H13M36S,2021-01-30T06:03:47Z
eKwwGcCing8,Fish and Game (2/1/21),yes,Fish and Game,2021-02-01,title,yes,2021-02-01 09:02:36,2021-02-01T14:02:36Z,2021-02-01T20:27:40Z,PT6H24M39S,2021-02-01T20:49:02Z
VR433hl5bW4,Executive Departments and Administration (2/1/21),yes,Executive Departments and Administration,2021-02-01,title,yes,2021-02-01 09:28:52,2021-02-01T14:28:52Z,2021-02-01T20:34:06Z,PT6H5M11S,2021-02-01T20:51:28Z
0EMPhWYmZxA,"Health, Human Services, and Elderly Affairs (2/1/21)",yes,"Health, Human Services, and Elderly Affairs",2021-02-01,title,yes,2021-02-01 09:09:11,2021-02-01T14:09:11Z,2021-02-01T21:03:59Z,PT6H54M46S,2021-02-01T21:29:31Z
iCZbJGoOGVE,"Science, Technology, and Energy 2/1/21",NO,,,title,yes,2021-02-01 10:01:41,2021-02-01T15:01:41Z,2021-02-01T22:00:07Z,PT6H58M21S,2021-02-01T22:38:22Z
rMPbVugGnFg,Municipal and County Government 2/1/21,NO,,,title,yes,2021-02-01 09:17:05,2021-02-01T14:17:05Z,2021-02-01T18:00:25Z,PT3H43M21S,2021-02-02T06:13:16Z
rAW3AdMHatM,Judiciary (2/2/21),yes,Judiciary,2021-02-02,title,yes,2021-02-02 09:03:04,2021-02-02T14:03:04Z,2021-02-02T14:04:11Z,PT1M6S,2021-02-02T14:05:39Z
sFM7I8wBwg4,"Health, Human Services, and Elderly Affairs (2/2/21)",yes,"Health, Human Services, and Elderly Affairs",2021-02-02,title,yes,2021-02-02 09:05:52,2021-02-02T14:05:52Z,2021-02-02T18:39:42Z,PT4H33M43S,2021-02-02T19:05:38Z
A_YR1FfdFHA,Ways and Means (2/2/21),yes,Ways and Means,2021-02-02,title,yes,2021-02-02 09:01:54,2021-02-02T14:01:54Z,2021-02-02T19:05:01Z,PT5H3M2S,2021-02-02T19:37:04Z
qFCUmXXkUoU,Commerce 2/2/21,NO,,,title,yes,2021-02-02 09:04:10,2021-02-02T14:04:10Z,2021-02-02T20:25:32Z,PT6H21M19S,2021-02-02T21:06:33Z
t22M3g-oz4Q,Judiciary (2/2/21),yes,Judiciary,2021-02-02,title,yes,2021-02-02 09:04:28,2021-02-02T14:04:28Z,2021-02-02T20:36:45Z,PT6H32M16S,2021-02-02T21:09:36Z
byME6vPFS3U,Education (2/2/21),yes,Education,2021-02-02,title,yes,2021-02-02 08:59:04,2021-02-02T13:59:04Z,2021-02-02T22:13:28Z,PT8H14M21S,2021-02-02T23:00:20Z
XP0xRkKsZW8,Commerce and Consumer Affairs (2/3/21),yes,Commerce and Consumer Affairs,2021-02-03,title,yes,2021-02-03 09:04:20,2021-02-03T14:04:20Z,2021-02-03T20:29:48Z,PT6H25M26S,2021-02-03T21:00:52Z
bNXSaOj6uG4,Children and Family Law (2/3/21),yes,Children and Family Law,2021-02-03,title,yes,2021-02-03 09:31:45,2021-02-03T14:31:45Z,2021-02-03T20:59:13Z,PT6H27M26S,2021-02-03T21:26:23Z
JBxXgDb1ZdU,Environment and Agriculture Committee (2/3/21),yes,Environment and Agriculture Committee,2021-02-03,title,yes,2021-02-03 09:05:48,2021-02-03T14:05:48Z,2021-02-03T21:49:46Z,PT7H43M56S,2021-02-03T22:34:33Z
cEpSXMK9Jno,"Resources, Recreation, and Development (2/3/21)",yes,"Resources, Recreation, and Development",2021-02-03,title,yes,2021-02-03 09:04:21,2021-02-03T14:04:21Z,2021-02-03T22:03:50Z,PT7H59M26S,2021-02-03T22:41:54Z
XdoiXj4cKYQ,Ways and Means (2/3/21),yes,Ways and Means,2021-02-03,title,yes,2021-02-03 09:03:08,2021-02-03T14:03:08Z,2021-02-03T16:41:03Z,PT2H37M51S,2021-02-04T04:54:41Z
TtGPX818cgk,Ways and Means (2/4/21),yes,Ways and Means,2021-02-04,title,yes,2021-02-04 09:36:03,2021-02-04T14:36:03Z,2021-02-04T19:38:00Z,PT4H54M25S,2021-02-04T20:08:36Z
AhmlIMJDf1o,Education (2/4/21),yes,Education,2021-02-04,title,yes,2021-02-04 09:04:04,2021-02-04T14:04:04Z,2021-02-04T20:27:25Z,PT6H23M16S,2021-02-04T21:07:59Z
svicKsWJE7w,Executive Departments and Administration (2/4/21),yes,Executive Departments and Administration,2021-02-04,title,yes,2021-02-04 09:31:18,2021-02-04T14:31:18Z,2021-02-04T20:46:50Z,PT6H15M31S,2021-02-04T21:13:01Z
r0mo0k1N77w,"Labor, Industrial, and Rehabilitative Services Committee  (2/4/21)",yes,"Labor, Industrial, and Rehabilitative Services Committee",2021-02-04,title,yes,2021-02-04 09:01:33,2021-02-04T14:01:33Z,2021-02-04T21:22:02Z,PT7H20M26S,2021-02-04T21:58:04Z
xKBTdsRImoo,Election Law (2/5/21),yes,Election Law,2021-02-05,title,yes,2021-02-05 09:33:01,2021-02-05T14:33:01Z,2021-02-05T19:27:45Z,PT4H54M56S,2021-02-05T19:54:21Z
wpbqvjOxJPk,Transportation (2/5/21),yes,Transportation,2021-02-05,title,yes,2021-02-05 09:06:04,2021-02-05T14:06:04Z,2021-02-05T20:31:13Z,PT6H25M1S,2021-02-05T21:09:51Z
ePkLIC0Q1aE,Criminal Justice and Public Safety (2/5/21),yes,Criminal Justice and Public Safety,2021-02-05,title,yes,2021-02-05 09:03:13,2021-02-05T14:03:13Z,2021-02-05T23:05:08Z,PT9H1M56S,2021-02-05T23:49:04Z
joGmJ_Har9c,Executive Departments and Administration (2/8/21),yes,Executive Departments and Administration,2021-02-08,title,yes,2021-02-08 09:30:53,2021-02-08T14:30:53Z,2021-02-08T20:41:06Z,PT6H10M6S,2021-02-08T21:12:51Z
ccJwEfWAEtc,"Health, Human Services, and Elderly Affairs (2/8/21)",yes,"Health, Human Services, and Elderly Affairs",2021-02-08,title,yes,2021-02-08 09:03:17,2021-02-08T14:03:17Z,2021-02-08T21:12:09Z,PT7H8M46S,2021-02-08T21:37:58Z
QtFVkiHM41g,"Science, Technology, and Energy (2/8/21)",yes,"Science, Technology, and Energy",2021-02-08,title,yes,2021-02-08 10:01:33,2021-02-08T15:01:33Z,2021-02-08T22:10:03Z,PT7H8M26S,2021-02-08T22:44:30Z
9UbTHc_dNx8,Criminal Justice and Public Safety 2/8/21,NO,,,title,yes,2021-02-08 09:02:53,2021-02-08T14:02:53Z,2021-02-08T22:37:35Z,PT8H34M36S,2021-02-08T23:18:00Z
VsYWttyjBs0,Municipal and County Government (2/8/21),yes,Municipal and County Government,2021-02-08,title,yes,2021-02-08 09:00:43,2021-02-08T14:00:43Z,2021-02-08T17:56:39Z,PT3H55M51S,2021-02-09T06:09:45Z
vme_8c0tS9E,Municipal and County Government (2/9/21),yes,Municipal and County Government,2021-02-09,title,yes,2021-02-09 09:05:25,2021-02-09T14:05:25Z,2021-02-09T20:58:03Z,PT6H52M36S,2021-02-09T21:17:26Z
_CpyP7OlQAk,Commerce and Consumer Affairs (2/9/21),yes,Commerce and Consumer Affairs,2021-02-09,title,yes,2021-02-09 09:01:37,2021-02-09T14:01:37Z,2021-02-09T21:14:56Z,PT7H13M16S,2021-02-09T21:48:08Z
1xoHE-6ed_g,Education (2/9/21),yes,Education,2021-02-09,title,yes,2021-02-09 09:01:52,2021-02-09T14:01:52Z,2021-02-09T21:04:15Z,PT7H2M20S,2021-02-09T21:53:46Z
EN0tyUdeJyQ,Judiciary (2/9/21),yes,Judiciary,2021-02-09,title,yes,2021-02-09 09:02:20,2021-02-09T14:02:20Z,2021-02-09T21:16:11Z,PT7H13M46S,2021-02-09T21:55:34Z
NvnQRbHRwBI,House Finance Committee,NO,,,title,yes,2021-02-09 09:00:42,2021-02-09T14:00:42Z,2021-02-09T16:35:42Z,PT2H34M56S,2021-02-10T04:51:51Z
yJjKkgUBueQ,Ways and Means (2/9/21),yes,Ways and Means,2021-02-09,title,yes,2021-02-09 09:03:04,2021-02-09T14:03:04Z,2021-02-09T17:54:24Z,PT3H50M53S,2021-02-10T06:17:37Z
nZv31OJ4ywI,Commerce and Consumer Affairs (2/10/21),yes,Commerce and Consumer Affairs,2021-02-10,title,yes,2021-02-10 09:00:53,2021-02-10T14:00:53Z,2021-02-10T20:28:01Z,PT6H27M,2021-02-10T21:13:36Z
ong7YEfqYeo,Judiciary (2/10/21),yes,Judiciary,2021-02-10,title,yes,2021-02-10 09:00:37,2021-02-10T14:00:37Z,2021-02-10T21:08:40Z,PT7H7M59S,2021-02-10T21:41:48Z
PDGZtlTXZew,Criminal Justice and Public Safety (2/10/21),yes,Criminal Justice and Public Safety,2021-02-10,title,yes,2021-02-10 09:04:46,2021-02-10T14:04:46Z,2021-02-10T21:24:05Z,PT7H19M15S,2021-02-10T21:44:59Z
eEYr47MucIM,"Resources, Recreation, and Development (2/10/21)",yes,"Resources, Recreation, and Development",2021-02-10,title,yes,2021-02-10 09:02:36,2021-02-10T14:02:36Z,2021-02-10T21:03:32Z,PT7H55S,2021-02-10T21:56:11Z
eCgZt8XB3Fc,Ways and Means (2/10/21),yes,Ways and Means,2021-02-10,title,yes,2021-02-10 09:00:54,2021-02-10T14:00:54Z,2021-02-10T17:21:27Z,PT3H20M26S,2021-02-11T05:39:23Z
xDdzjvlGj6E,Education (2/11/21),yes,Education,2021-02-11,title,yes,2021-02-11 09:02:37,2021-02-11T14:02:37Z,2021-02-11T18:52:49Z,PT4H50M6S,2021-02-11T19:15:20Z
l2xjBdcfDBc,"Labor, Industrial, and Rehabilitative Services Committee (2/11/21)",yes,"Labor, Industrial, and Rehabilitative Services Committee",2021-02-11,title,yes,2021-02-11 09:01:03,2021-02-11T14:01:03Z,2021-02-11T20:44:22Z,PT6H43M16S,2021-02-11T21:12:55Z
D7ROK9zwbEw,Ways and Means (2/11/21),yes,Ways and Means,2021-02-11,title,yes,2021-02-11 09:01:44,2021-02-11T14:01:44Z,2021-02-11T20:56:13Z,PT6H54M26S,2021-02-11T21:30:55Z
ycrODcuaLDc,Executive Departments and Administration (2/11/21),yes,Executive Departments and Administration,2021-02-11,title,yes,2021-02-11 10:01:07,2021-02-11T15:01:07Z,2021-02-11T22:22:04Z,PT7H20M56S,2021-02-11T22:43:41Z
e5bGki6YRTg,Election Law (2/12/21),yes,Election Law,2021-02-12,title,yes,2021-02-12 09:32:26,2021-02-12T14:32:26Z,2021-02-12T19:05:19Z,PT4H32M51S,2021-02-12T19:24:42Z
G5a_5cNnorE,"Science, Technology, and Energy (2/12/21)",yes,"Science, Technology, and Energy",2021-02-12,title,yes,2021-02-12 09:02:26,2021-02-12T14:02:26Z,2021-02-12T22:02:53Z,PT8H26S,2021-02-12T22:30:16Z
KN0sIi0xSyY,State-Federal Relations and Veterans Affairs Committee Meeting 2/12/21,NO,,,title,yes,2021-02-12 09:01:35,2021-02-12T14:01:35Z,2021-02-12T14:58:51Z,PT57M11S,2021-02-13T03:03:33Z
1iFYZ0M-H7g,Education (2/16/21),yes,Education,2021-02-16,title,yes,2021-02-16 09:01:01,2021-02-16T14:01:01Z,2021-02-16T19:13:21Z,PT5H12M20S,2021-02-16T19:36:09Z
FOG_rfRwc2c,Commerce and Consumer Affairs (2/16/21),yes,Commerce and Consumer Affairs,2021-02-16,title,yes,2021-02-16 09:01:16,2021-02-16T14:01:16Z,2021-02-16T20:42:50Z,PT6H41M31S,2021-02-16T21:08:05Z
w3ffwA2uZoo,Judiciary (2/16/21),yes,Judiciary,2021-02-16,title,yes,2021-02-16 09:03:27,2021-02-16T14:03:27Z,2021-02-16T21:21:37Z,PT7H18M11S,2021-02-16T22:00:50Z
X2Yo1h8yiPs,"Health, Human Services, and Elderly Affairs (2/16/21)",yes,"Health, Human Services, and Elderly Affairs",2021-02-16,title,yes,2021-02-16 09:02:13,2021-02-16T14:02:13Z,2021-02-16T21:43:41Z,PT7H41M21S,2021-02-16T22:52:55Z
xeo1at2Y2kA,Finance (2/16/21),yes,Finance,2021-02-16,title,yes,2021-02-16 10:05:16,2021-02-16T15:05:16Z,2021-02-16T16:04:54Z,PT59M30S,2021-02-17T04:12:37Z
fJcjXE0PdZE,Ways and Means (2/16/21),yes,Ways and Means,2021-02-16,title,yes,2021-02-16 09:01:44,2021-02-16T14:01:44Z,2021-02-16T17:12:02Z,PT3H10M16S,2021-02-17T05:30:28Z
xxJfM53Aedo,Election Law (2/17/21),yes,Election Law,2021-02-17,title,yes,2021-02-17 09:33:08,2021-02-17T14:33:08Z,2021-02-17T19:40:03Z,PT5H6M48S,2021-02-17T20:10:22Z
k3w9b4pxeuQ,Commerce and Consumer Affairs (2/17/21),yes,Commerce and Consumer Affairs,2021-02-17,title,yes,2021-02-17 09:00:37,2021-02-17T14:00:37Z,2021-02-17T20:19:59Z,PT6H19M20S,2021-02-17T20:59:37Z
pOPT_4H4qmg,Education (2/17/21),yes,Education,2021-02-17,title,yes,2021-02-17 09:33:51,2021-02-17T14:33:51Z,2021-02-17T20:34:02Z,PT6H5S,2021-02-17T21:07:38Z
nl6Q4d7T8l4,Ways and Means (2/17/21),yes,Ways and Means,2021-02-17,title,yes,2021-02-17 09:02:22,2021-02-17T14:02:22Z,2021-02-17T20:42:57Z,PT6H40M30S,2021-02-17T21:24:24Z
dMPO92OOpdM,Environment and Agriculture Committee (2/17/21),yes,Environment and Agriculture Committee,2021-02-17,title,yes,2021-02-17 09:01:18,2021-02-17T14:01:18Z,2021-02-17T21:34:56Z,PT7H33M30S,2021-02-17T22:24:45Z
zRuyxSN1fNo,Criminal Justice and Public Safety (2/17/21),yes,Criminal Justice and Public Safety,2021-02-17,title,yes,2021-02-17 09:01:42,2021-02-17T14:01:42Z,2021-02-17T21:24:32Z,PT7H22M45S,2021-02-17T22:28:17Z
G4W7-kPM8iQ,Finance (2/17/21),yes,Finance,2021-02-17,title,yes,2021-02-17 14:29:40,2021-02-17T19:29:40Z,2021-02-17T20:17:07Z,PT47M26S,2021-02-18T08:21:54Z
y08MIrBSkCU,Children and Family Law (2/18/21),yes,Children and Family Law,2021-02-18,title,yes,2021-02-18 09:45:24,2021-02-18T14:45:24Z,2021-02-18T20:10:20Z,PT5H24M51S,2021-02-18T20:38:08Z
0ClyrvZ-lv4,Executive Departments and Administration (2/18/21),yes,Executive Departments and Administration,2021-02-18,title,yes,2021-02-18 10:02:06,2021-02-18T15:02:06Z,2021-02-18T21:47:51Z,PT6H45M46S,2021-02-18T22:17:02Z
rMG9laZ7BB8,Transportation  (2/12/21),yes,Transportation,2021-02-12,title,yes,2021-02-12 09:02:16,2021-02-12T14:02:16Z,2021-02-12T20:43:17Z,PT6H40M56S,2021-02-19T02:07:26Z
Gv2RdHbyIQM,Education (2/18/21),yes,Education,2021-02-18,title,yes,2021-02-18 09:04:41,2021-02-18T14:04:41Z,2021-02-18T15:16:33Z,PT1H11M56S,2021-02-19T03:21:29Z
E5dlg_votlw,Ways and Means (2/18/21),yes,Ways and Means,2021-02-18,title,yes,2021-02-18 09:01:44,2021-02-18T14:01:44Z,2021-02-18T16:44:05Z,PT2H42M16S,2021-02-19T04:57:38Z
HSHooqZ9HBY,Municipal and County Government (2/18/21),yes,Municipal and County Government,2021-02-18,title,yes,2021-02-18 08:36:15,2021-02-18T13:36:15Z,2021-02-18T17:03:01Z,PT3H26M46S,2021-02-19T05:22:41Z
P2Ahe2q5Ams,Public Works and Highways Committee (2/19/21),yes,Public Works and Highways Committee,2021-02-19,title,yes,2021-02-19 09:31:19,2021-02-19T14:31:19Z,2021-02-19T19:31:28Z,PT5H6S,2021-02-19T20:03:01Z
Ssu2pWBjKxY,Judiciary (2/19/21),yes,Judiciary,2021-02-19,title,yes,2021-02-19 09:02:43,2021-02-19T14:02:43Z,2021-02-19T20:01:30Z,PT5H58M24S,2021-02-19T20:40:59Z
L6XxPJR2KG0,Transportation (2/19/21),yes,Transportation,2021-02-19,title,yes,2021-02-19 09:05:44,2021-02-19T14:05:44Z,2021-02-19T20:12:01Z,PT6H6M16S,2021-02-19T20:47:41Z
FMoASrI6J28,"Science, Technology, and Energy (2/19/21)",yes,"Science, Technology, and Energy",2021-02-19,title,yes,2021-02-19 09:02:19,2021-02-19T14:02:19Z,2021-02-19T21:50:53Z,PT7H48M39S,2021-02-19T22:44:03Z
XnMmcF6CTxM,Legislative Administration (2/22/21),yes,Legislative Administration,2021-02-22,title,yes,2021-02-22 09:02:16,2021-02-22T14:02:16Z,2021-02-22T18:55:42Z,PT4H53M21S,2021-02-22T19:30:02Z
ezIMEhBFQVE,Executive Departments and Administration (2/22/21),yes,Executive Departments and Administration,2021-02-22,title,yes,2021-02-22 10:00:52,2021-02-22T15:00:52Z,2021-02-22T20:56:58Z,PT5H56M1S,2021-02-22T21:27:49Z
cY8SNJ8g8Jk,"Science, Technology, and Energy (2/22/21)",yes,"Science, Technology, and Energy",2021-02-22,title,yes,2021-02-22 10:00:54,2021-02-22T15:00:54Z,2021-02-22T21:53:11Z,PT6H52M16S,2021-02-22T22:26:22Z
MjIfdch42q0,"Health, Human Services, and Elderly Affairs (2/23/21)",yes,"Health, Human Services, and Elderly Affairs",2021-02-23,title,yes,2021-02-23 08:59:30,2021-02-23T13:59:30Z,2021-02-23T20:04:11Z,PT6H4M36S,2021-02-23T20:35:37Z
lqJCRqSasU4,Judiciary (2/23/21),yes,Judiciary,2021-02-23,title,yes,2021-02-23 09:01:21,2021-02-23T14:01:21Z,2021-02-23T20:14:13Z,PT6H12M50S,2021-02-23T20:43:13Z
2_t5yAUcLJg,Education (2/23/21),yes,Education,2021-02-23,title,yes,2021-02-23 09:15:26,2021-02-23T14:15:26Z,2021-02-23T21:29:23Z,PT7H13M53S,2021-02-23T21:52:22Z
xE3py8lQuj4,House Rules Committee,NO,,,title,yes,2021-02-23 08:56:07,2021-02-23T13:56:07Z,2021-02-23T14:16:15Z,PT20M6S,2021-02-24T02:17:43Z
S3sV3dOvkug,Ways and Means (2/23/21),yes,Ways and Means,2021-02-23,title,yes,2021-02-23 09:01:22,2021-02-23T14:01:22Z,2021-02-23T16:04:49Z,PT2H3M26S,2021-02-24T04:12:18Z
6fuUKqajm4s,Public Works and Highways Committee (2/26/21),yes,Public Works and Highways Committee,2021-02-26,title,yes,2021-02-26 09:31:10,2021-02-26T14:31:10Z,2021-02-26T19:28:59Z,PT4H57M46S,2021-02-26T19:52:43Z
YTobgKG0rTI,Judiciary (2/26/21),yes,Judiciary,2021-02-26,title,yes,2021-02-26 09:00:43,2021-02-26T14:00:43Z,2021-02-26T19:25:21Z,PT5H24M41S,2021-02-26T20:03:43Z
aszBq3AVWhA,Criminal Justice and Public Safety (2/26/21),yes,Criminal Justice and Public Safety,2021-02-26,title,yes,2021-02-26 09:04:16,2021-02-26T14:04:16Z,2021-02-26T21:56:07Z,PT7H51M46S,2021-02-26T22:22:14Z
4V9k9vI1Lm0,Executive Departments and Administration (2/26/21),yes,Executive Departments and Administration,2021-02-26,title,yes,2021-02-26 09:59:45,2021-02-26T14:59:45Z,2021-02-26T16:36:32Z,PT1H36M46S,2021-02-27T04:46:18Z
7bXvXTejarg,Executive Departments and Administration (3/1/21),yes,Executive Departments and Administration,2021-03-01,title,yes,2021-03-01 10:01:31,2021-03-01T15:01:31Z,2021-03-01T19:56:03Z,PT4H54M31S,2021-03-01T20:35:20Z
sLgrSmczXs0,Legislative Administration (3/1/21),yes,Legislative Administration,2021-03-01,title,yes,2021-03-01 09:00:15,2021-03-01T14:00:15Z,2021-03-01T20:23:30Z,PT6H23M16S,2021-03-01T20:53:58Z
P_5_tWwTWFw,Municipal and County Government (3/1/21),yes,Municipal and County Government,2021-03-01,title,yes,2021-03-01 09:06:28,2021-03-01T14:06:28Z,2021-03-01T20:29:31Z,PT6H22M56S,2021-03-01T21:01:32Z
4bvIbrYV6uM,Criminal Justice and Public Safety (3/1/21),yes,Criminal Justice and Public Safety,2021-03-01,title,yes,2021-03-01 09:05:05,2021-03-01T14:05:05Z,2021-03-01T22:27:35Z,PT8H22M31S,2021-03-01T23:01:55Z
6ulYvfpdJ1s,Judiciary (3/2/21),yes,Judiciary,2021-03-02,title,yes,2021-03-02 09:02:22,2021-03-02T14:02:22Z,2021-03-02T18:32:10Z,PT4H29M46S,2021-03-02T19:05:40Z
BTvtDbMzxsU,Commerce and Consumer Affairs (3/2/21),yes,Commerce and Consumer Affairs,2021-03-02,title,yes,2021-03-02 09:01:39,2021-03-02T14:01:39Z,2021-03-02T19:47:08Z,PT5H45M24S,2021-03-02T20:13:41Z
feBjEkJa6Hg,"Health, Human Services, and Elderly Affairs (3/2/21)",yes,"Health, Human Services, and Elderly Affairs",2021-03-02,title,yes,2021-03-02 09:02:22,2021-03-02T14:02:22Z,2021-03-02T20:49:17Z,PT6H46M56S,2021-03-02T21:13:10Z
MAP6NbqpnOA,Education (3/2/21),yes,Education,2021-03-02,title,yes,2021-03-02 09:03:06,2021-03-02T14:03:06Z,2021-03-02T21:16:13Z,PT7H13M6S,2021-03-02T21:41:23Z
uLlNlAxyHjc,Ways and Means (3/2/21),yes,Ways and Means,2021-03-02,title,yes,2021-03-02 09:01:50,2021-03-02T14:01:50Z,2021-03-02T17:05:08Z,PT3H3M16S,2021-03-03T05:19:29Z
pd4K9e4O2VA,Children and Family Law (3/3/21),yes,Children and Family Law,2021-03-03,title,yes,2021-03-03 09:01:46,2021-03-03T14:01:46Z,2021-03-03T19:44:58Z,PT5H43M8S,2021-03-03T20:21:37Z
jKSnHZVFowc,"Resources, Recreation, and Development 3/3/21)",NO,,,title,yes,2021-03-03 09:02:19,2021-03-03T14:02:19Z,2021-03-03T21:06:48Z,PT7H4M23S,2021-03-03T21:30:54Z
L9zTzDmXhSE,Criminal Justice and Public Safety (3/3/21),yes,Criminal Justice and Public Safety,2021-03-03,title,yes,2021-03-03 09:03:52,2021-03-03T14:03:52Z,2021-03-03T21:03:14Z,PT6H59M17S,2021-03-03T21:45:49Z
wr0Ipcvckm4,Municipal and County Government (3/3/21),yes,Municipal and County Government,2021-03-03,title,yes,2021-03-03 09:04:32,2021-03-03T14:04:32Z,2021-03-03T21:35:37Z,PT7H31M3S,2021-03-03T22:34:17Z
JlP9QVz7MAA,Ways and Means (3/3/21),yes,Ways and Means,2021-03-03,title,yes,2021-03-03 09:00:34,2021-03-03T14:00:34Z,2021-03-03T15:04:10Z,PT1H3M36S,2021-03-04T03:07:01Z
DOhhpEam5IU,Finance - Division I (2/23/21),yes,Finance - Division I,2021-02-23,title,NO,,,,PT37M26S,2021-03-04T12:12:03Z
qspWdCOMTho,Finance Division III (2/18/21),yes,Finance Division III,2021-02-18,title,NO,,,,PT4H20M16S,2021-03-04T12:14:24Z
KXCh9xeep4k,Finance - Division I (3/2/21),yes,Finance - Division I,2021-03-02,title,NO,,,,PT2H16M24S,2021-03-04T12:17:12Z
ktAilL1gL-Q,Finance - Division III (2/22/21),yes,Finance - Division III,2021-02-22,title,NO,,,,PT3H16M41S,2021-03-04T12:24:00Z
TRNx6gZTk20,Finance - Division III (3/1/21),yes,Finance - Division III,2021-03-01,title,NO,,,,PT6H24M20S,2021-03-04T12:46:20Z
VBX4TkiYL9Q,Finance - Division III (2/23/21),yes,Finance - Division III,2021-02-23,title,NO,,,,PT5H40M24S,2021-03-04T12:46:51Z
-RY07HXtfro,"Finance - Division II, DOE (2/23/21)",yes,"Finance - Division II, DOE",2021-02-23,title,NO,,,,PT1H45M7S,2021-03-04T13:11:33Z
8LsNhcGj6bk,"Finance - Division II, Safety (2/22/21)",yes,"Finance - Division II, Safety",2021-02-22,title,NO,,,,PT2H16M21S,2021-03-04T13:13:05Z
VBqgYCXVIxk,"Finance - Division II, DOE, Part II (3/3/21)",yes,"Finance - Division II, DOE, Part II",2021-03-03,title,NO,,,,PT1H14M1S,2021-03-04T13:15:08Z
vrRipSMgosM,"Finance - Division II, USNH, CCSNH, Governor, Part II (2/26/21)",yes,"Finance - Division II, USNH, CCSNH, Governor, Part II",2021-02-26,title,NO,,,,PT1H19M23S,2021-03-04T13:15:52Z
OE3CnWrDqlQ,"Finance - Division II, Budget Work Session (3/1/21)",yes,"Finance - Division II, Budget Work Session",2021-03-01,title,NO,,,,PT1H48M33S,2021-03-04T13:19:21Z
tguM5L8AEKo,"Finance - Division II, DOE, Part I (3/3/21)",yes,"Finance - Division II, DOE, Part I",2021-03-03,title,NO,,,,PT1H58M44S,2021-03-04T13:19:45Z
51K_sFB8zEY,"Finance - Division II, DOT (2/22/21)",yes,"Finance - Division II, DOT",2021-02-22,title,NO,,,,PT2H13M50S,2021-03-04T13:23:32Z
6fDe8mhCSUQ,"Finance - Division II, USNH, CCSNH, Governor, Part I (2/26/21)",yes,"Finance - Division II, USNH, CCSNH, Governor, Part I",2021-02-26,title,NO,,,,PT1H37M56S,2021-03-04T13:27:17Z
IGyLdnpAfbw,Finance - Division II (2/8/21),yes,Finance - Division II,2021-02-08,title,NO,,,,PT4H3M19S,2021-03-04T13:28:19Z
cxG8glTmET0,"Finance - Division III, Budget Briefing (1/28/21)",yes,"Finance - Division III, Budget Briefing",2021-01-28,title,NO,,,,PT1H39M25S,2021-03-04T14:33:40Z
f5sz24u9cQg,Children and Family Law (3/4/21),yes,Children and Family Law,2021-03-04,title,yes,2021-03-04 09:31:04,2021-03-04T14:31:04Z,2021-03-04T19:05:46Z,PT4H34M27S,2021-03-04T19:32:50Z
3H5ZIEGN2KY,Education (3/4/21),yes,Education,2021-03-04,title,yes,2021-03-04 09:05:58,2021-03-04T14:05:58Z,2021-03-04T19:47:50Z,PT5H41M43S,2021-03-04T20:13:24Z
3NIz8WkZVMQ,"Finance - Division I, Afternoon (3/4/21)",yes,"Finance - Division I, Afternoon",2021-03-04,title,NO,,,,PT56M3S,2021-03-04T20:28:24Z
JNLk1DNKjPg,Election Law (3/4/21),yes,Election Law,2021-03-04,title,yes,2021-03-04 09:30:54,2021-03-04T14:30:54Z,2021-03-04T20:02:12Z,PT5H31M12S,2021-03-04T20:29:54Z
VE8cL5vQGHA,"Finance - Division II, Safety (3/4/21)",yes,"Finance - Division II, Safety",2021-03-04,title,NO,,,,PT1H40M38S,2021-03-04T20:32:28Z
RMYjnD6LpFc,"Finance - Division I, Morning (3/4/21)",yes,"Finance - Division I, Morning",2021-03-04,title,NO,,,,PT2H37M18S,2021-03-04T20:41:56Z
R-ZAf7_Nx_Q,"Labor, Industrial, and Rehabilitative Services Committee (3/4/21)",yes,"Labor, Industrial, and Rehabilitative Services Committee",2021-03-04,title,yes,2021-03-04 08:59:28,2021-03-04T13:59:28Z,2021-03-04T16:36:23Z,PT2H36M51S,2021-03-05T04:45:25Z
_sbdYs-NTkk,Executive Departments and Administration (3/4/21),yes,Executive Departments and Administration,2021-03-04,title,yes,2021-03-04 10:31:27,2021-03-04T15:31:27Z,2021-03-04T18:10:28Z,PT2H38M59S,2021-03-05T06:22:20Z
1RMHS83dzrY,Judiciary (3/5/21),yes,Judiciary,2021-03-05,title,yes,2021-03-05 09:00:35,2021-03-05T14:00:35Z,2021-03-05T20:05:12Z,PT6H4M29S,2021-03-05T20:30:15Z
d1NfvWP2Z1A,Public Works and Highways Committee (3/5/21),yes,Public Works and Highways Committee,2021-03-05,title,yes,2021-03-05 09:29:31,2021-03-05T14:29:31Z,2021-03-05T20:07:42Z,PT5H38M11S,2021-03-05T20:35:12Z
sG5hWED_EqU,"Science, Technology, and Energy (3/5/21)",yes,"Science, Technology, and Energy",2021-03-05,title,yes,2021-03-05 10:00:56,2021-03-05T15:00:56Z,2021-03-05T20:51:42Z,PT5H50M51S,2021-03-05T21:17:44Z
XJDv3sAyPyk,Election Law (3/5/21),yes,Election Law,2021-03-05,title,yes,2021-03-05 09:30:42,2021-03-05T14:30:42Z,2021-03-05T21:22:11Z,PT6H51M21S,2021-03-05T21:49:42Z
fT8FAjvMH0o,Transportation (3/5/21),yes,Transportation,2021-03-05,title,yes,2021-03-05 09:07:56,2021-03-05T14:07:56Z,2021-03-05T21:23:45Z,PT7H15M46S,2021-03-05T22:00:24Z
O_VfYLJrnfU,"Finance - Division II, DOT (3/5/21)",yes,"Finance - Division II, DOT",2021-03-05,title,NO,,,,PT1H56M15S,2021-03-08T11:05:10Z
BHsxqZSmgDg,Finance - Division III (3/3/21),yes,Finance - Division III,2021-03-03,title,NO,,,,PT2H34M27S,2021-03-08T11:06:55Z
4hTuMQTt2JQ,Election Law (3/8/21),yes,Election Law,2021-03-08,title,yes,2021-03-08 09:30:51,2021-03-08T14:30:51Z,2021-03-08T19:26:08Z,PT4H55M16S,2021-03-08T19:46:55Z
9Q6d2FfJmtw,"Science, Technology, and Energy (3/8/21)",yes,"Science, Technology, and Energy",2021-03-08,title,yes,2021-03-08 10:05:08,2021-03-08T15:05:08Z,2021-03-08T19:34:15Z,PT4H29M6S,2021-03-08T20:07:58Z
u3DpAFHuLcI,Executive Departments and Administration (3/8/21),yes,Executive Departments and Administration,2021-03-08,title,yes,2021-03-08 10:02:19,2021-03-08T15:02:19Z,2021-03-08T19:42:03Z,PT4H39M41S,2021-03-08T20:12:49Z
ZD_cAjyec_w,"Finance - Division II, Education (3/8/21)",yes,"Finance - Division II, Education",2021-03-08,title,NO,,,,PT2H12M4S,2021-03-08T20:15:12Z
ygUowxlXxms,"Health, Human Services, and Elderly Affairs (3/8/21)",yes,"Health, Human Services, and Elderly Affairs",2021-03-08,title,yes,2021-03-08 09:04:18,2021-03-08T14:04:18Z,2021-03-08T21:24:10Z,PT7H5M40S,2021-03-08T21:47:08Z
WNQQaKo_neI,Municipal and County Government (3/8/21),yes,Municipal and County Government,2021-03-08,title,yes,2021-03-08 08:32:08,2021-03-08T13:32:08Z,2021-03-08T22:57:52Z,PT9H25M40S,2021-03-08T23:48:05Z
tJ4t-oRV1QM,Finance - Division III (3/5/21),yes,Finance - Division III,2021-03-05,title,NO,,,,PT3H47M34S,2021-03-09T15:25:29Z
oii7lvtT8Uw,Education (3/9/21),yes,Education,2021-03-09,title,yes,2021-03-09 09:03:36,2021-03-09T14:03:36Z,2021-03-09T21:12:04Z,PT7H8M27S,2021-03-09T21:48:39Z
uPWPRxl0pqo,Legislative Administration (3/9/21),yes,Legislative Administration,2021-03-09,title,yes,2021-03-09 09:01:05,2021-03-09T14:01:05Z,2021-03-09T14:42:31Z,PT41M26S,2021-03-10T02:47:32Z
osTxL4CcwNI,Special Committee on Redistricting (3/9/21),yes,Special Committee on Redistricting,2021-03-09,title,yes,2021-03-09 10:02:24,2021-03-09T15:02:24Z,2021-03-09T15:47:53Z,PT45M26S,2021-03-10T03:50:19Z
F0adeTYdUcs,"Finance - Division I, Afternoon (3/9/21)",yes,"Finance - Division I, Afternoon",2021-03-09,title,NO,,,,PT19M18S,2021-03-10T11:45:28Z
jUMkwUPhKUg,"Finance - Division I, Morning (3/9/21)",yes,"Finance - Division I, Morning",2021-03-09,title,NO,,,,PT1H59M45S,2021-03-10T11:50:29Z
t3VY-fZqkzE,Finance - Division III (3/9/21),yes,Finance - Division III,2021-03-09,title,NO,,,,PT2H46M1S,2021-03-10T12:09:36Z
nCqJ257yLYI,Finance - Division III (3/8/21),yes,Finance - Division III,2021-03-08,title,NO,,,,PT3H38M21S,2021-03-10T12:15:15Z
a6wOAILrdxc,Ways and Means (3/10/21),yes,Ways and Means,2021-03-10,title,yes,2021-03-10 09:01:52,2021-03-10T14:01:52Z,2021-03-10T18:48:08Z,PT4H46M11S,2021-03-10T19:05:21Z
SfGQ-v-qgd8,Public Works and Highways (3/10/21),yes,Public Works and Highways,2021-03-10,title,yes,2021-03-10 09:30:15,2021-03-10T14:30:15Z,2021-03-10T19:24:56Z,PT4H54M41S,2021-03-10T19:50:10Z
HOydZ-CwBgw,Criminal Justice and Public Safety (3/10/21),yes,Criminal Justice and Public Safety,2021-03-10,title,yes,2021-03-10 09:04:26,2021-03-10T14:04:26Z,2021-03-10T21:29:18Z,PT7H24M46S,2021-03-10T21:56:07Z
V_fFTORMaL0,Judiciary (3/10/21),yes,Judiciary,2021-03-10,title,yes,2021-03-10 09:00:58,2021-03-10T14:00:58Z,2021-03-10T16:55:36Z,PT2H54M41S,2021-03-11T05:08:11Z
0ky7ThX8iEM,Election Law (3/10/21),yes,Election Law,2021-03-10,title,yes,2021-03-10 10:02:10,2021-03-10T15:02:10Z,2021-03-10T18:46:44Z,PT3H44M31S,2021-03-11T07:02:14Z
qNQWoZy91O8,Finance - Division II (3/10/21),yes,Finance - Division II,2021-03-10,title,NO,,,,PT2H4M22S,2021-03-11T12:17:14Z
CLBRUo39itM,Finance - Division I (3/10/21),yes,Finance - Division I,2021-03-10,title,NO,,,,PT3H36M34S,2021-03-11T12:23:57Z
aHa8sNZ7D3A,Education (3/11/21),yes,Education,2021-03-11,title,yes,2021-03-11 09:02:55,2021-03-11T14:02:55Z,2021-03-11T19:03:27Z,PT5H26S,2021-03-11T19:45:22Z
Wzk5v471vhk,Children and Family Law (3/11/21),yes,Children and Family Law,2021-03-11,title,yes,2021-03-11 09:32:18,2021-03-11T14:32:18Z,2021-03-11T16:06:11Z,PT1H33M46S,2021-03-12T04:11:04Z
nSPQmRbOi6E,Ways and Means (3/11/21),yes,Ways and Means,2021-03-11,title,yes,2021-03-11 09:03:42,2021-03-11T14:03:42Z,2021-03-11T17:28:20Z,PT3H24M36S,2021-03-12T05:42:04Z
FAm0AvTrfrg,Finance - Division II (3/11/21),yes,Finance - Division II,2021-03-11,title,NO,,,,PT1H45M34S,2021-03-12T16:22:12Z
fdTAbcyIF1Q,Finance - Division III (3/10/21),yes,Finance - Division III,2021-03-10,title,NO,,,,PT5H28M22S,2021-03-12T17:00:27Z
6pkbdXPYO3M,Public Works and Highways  (3/12/21),yes,Public Works and Highways,2021-03-12,title,yes,2021-03-12 09:00:19,2021-03-12T14:00:19Z,2021-03-12T18:59:56Z,PT4H59M36S,2021-03-12T19:15:59Z
k7lp8sxtG4k,Education (3/12/21),yes,Education,2021-03-12,title,yes,2021-03-12 10:01:25,2021-03-12T15:01:25Z,2021-03-12T16:51:38Z,PT1H50M11S,2021-03-13T04:59:08Z
GVfTjbGW7lM,Executive Departments and Administration (3/15/21),yes,Executive Departments and Administration,2021-03-15,title,yes,2021-03-15 10:01:31,2021-03-15T14:01:31Z,2021-03-15T19:31:34Z,PT5H29M58S,2021-03-15T19:53:25Z
_KcBdVIoL80,"Finance - Division II, Afternoon (3/15/21)",yes,"Finance - Division II, Afternoon",2021-03-15,title,NO,,,,PT1H5M14S,2021-03-15T21:21:48Z
K_otJSOIH50,"Finance - Division II, Morning (3/15/21)",yes,"Finance - Division II, Morning",2021-03-15,title,NO,,,,PT1H55M55S,2021-03-15T21:28:53Z
90s8rmOsj48,Finance - Division II (3/12/21),yes,Finance - Division II,2021-03-12,title,NO,,,,PT2H20M31S,2021-03-15T21:52:17Z
QOeEmro5Bc4,Finance - Division III (3/15/21),yes,Finance - Division III,2021-03-15,title,NO,,,,PT4H25M51S,2021-03-15T21:59:37Z
mdam8_xzNMw,Finance - Division III (3/12/21),yes,Finance - Division III,2021-03-12,title,NO,,,,PT2H22M56S,2021-03-15T22:08:27Z
12q6ZrwJmqc,Education (3/16/21),yes,Education,2021-03-16,title,yes,2021-03-16 09:01:02,2021-03-16T13:01:02Z,2021-03-16T18:10:57Z,PT5H9M56S,2021-03-16T18:43:02Z
G09BtazvwbY,Public Works and Highways (3/16/21),yes,Public Works and Highways,2021-03-16,title,yes,2021-03-16 09:30:49,2021-03-16T13:30:49Z,2021-03-16T18:54:50Z,PT5H23M56S,2021-03-16T20:28:03Z
rRTZhSPiV6s,Ways and Means (3/16/21),yes,Ways and Means,2021-03-16,title,yes,2021-03-16 09:01:12,2021-03-16T13:01:12Z,2021-03-16T16:23:53Z,PT3H22M38S,2021-03-17T04:38:37Z
gXxgZHxL0ZA,Finance (3/16/21),yes,Finance,2021-03-16,title,yes,2021-03-16 13:06:56,2021-03-16T17:06:56Z,2021-03-16T19:32:32Z,PT2H25M31S,2021-03-17T07:50:07Z
N6jdi8f1uNI,Finance - Division III (3/16/21),yes,Finance - Division III,2021-03-16,title,NO,,,,PT2H28M54S,2021-03-17T16:14:13Z
WEuBcSsVXyI,Finance - Division II (3/16/21),yes,Finance - Division II,2021-03-16,title,NO,,,,PT1H49M58S,2021-03-17T16:34:03Z
FrlqlPh1xGc,Finance - Division I (3/16/21),yes,Finance - Division I,2021-03-16,title,NO,,,,PT2H47M51S,2021-03-17T16:52:19Z
j-fZ21_haMY,Criminal Justice and Public Safety (3/17/21),yes,Criminal Justice and Public Safety,2021-03-17,title,yes,2021-03-17 09:18:29,2021-03-17T13:18:29Z,2021-03-17T15:47:20Z,PT2H28M46S,2021-03-18T04:00:20Z
Xw0w07yw4VA,Ways and Means (3/17/21),yes,Ways and Means,2021-03-17,title,yes,2021-03-17 09:01:12,2021-03-17T13:01:12Z,2021-03-17T16:12:22Z,PT3H11M6S,2021-03-18T04:23:55Z
-Cnb21gaFbo,Education (3/17/21),yes,Education,2021-03-17,title,yes,2021-03-17 10:01:05,2021-03-17T14:01:05Z,2021-03-17T16:20:13Z,PT2H19M10S,2021-03-18T04:27:20Z
9iHWzRYDBis,Finance - Division 1 (3/17/21),yes,Finance - Division 1,2021-03-17,title,NO,,,,PT5H47M28S,2021-03-18T18:52:41Z
ZBpVhCe5fGI,Ways and Means (3/18/21),yes,Ways and Means,2021-03-18,title,yes,2021-03-18 09:02:45,2021-03-18T13:02:45Z,2021-03-18T19:05:41Z,PT6H2M56S,2021-03-18T19:27:14Z
DmlnznhuOP4,Education (3/18/21),yes,Education,2021-03-18,title,yes,2021-03-18 09:04:58,2021-03-18T13:04:58Z,2021-03-18T15:22:20Z,PT2H17M21S,2021-03-19T03:38:35Z
_0qw4VLmrnI,Education (3/19/21),yes,Education,2021-03-19,title,yes,2021-03-19 10:02:19,2021-03-19T14:02:19Z,2021-03-19T18:40:34Z,PT4H38M11S,2021-03-19T19:09:09Z
gpVYbgr-gNg,Finance - Division II (3/17/21),yes,Finance - Division II,2021-03-17,title,NO,,,,PT2H7M46S,2021-03-19T20:10:46Z
2wSKqPd97T4,Finance - Division II (3/18/21),yes,Finance - Division II,2021-03-18,title,NO,,,,PT1H58M4S,2021-03-19T20:20:57Z
Bbr6u-3EcwQ,Finance - Division III (3/18/21),yes,Finance - Division III,2021-03-18,title,NO,,,,PT2H10M39S,2021-03-19T20:26:16Z
e8TBzJ0xm0Y,Finance - Division III (3/17/21),yes,Finance - Division III,2021-03-17,title,NO,,,,PT2H43M10S,2021-03-19T20:44:34Z
HS2MomGp4NQ,"Science, Technology, and Energy (3/19/21)",yes,"Science, Technology, and Energy",2021-03-19,title,yes,2021-03-19 09:00:58,2021-03-19T13:00:58Z,2021-03-19T15:35:24Z,PT2H34M21S,2021-03-20T03:43:52Z
AXEQm5bfS8c,Executive Departments and Administration Joint with Commerce (3/20/21),yes,Executive Departments and Administration Joint with Commerce,2021-03-20,title,yes,2021-03-22 10:00:42,2021-03-22T14:00:42Z,2021-03-22T19:24:37Z,PT5H23M56S,2021-03-22T19:56:40Z
LTj1dZfH3mI,"Finance - Division II, Afternoon (3/22/21)",yes,"Finance - Division II, Afternoon",2021-03-22,title,NO,,,,PT1H15M32S,2021-03-23T12:57:27Z
NbUbpvxRYEA,Finance - Division III (3/22/21),yes,Finance - Division III,2021-03-22,title,NO,,,,PT3H1M31S,2021-03-23T13:04:31Z
F-8yXr6wYVg,"Finance - Division III, Morning (3/19/21)",yes,"Finance - Division III, Morning",2021-03-19,title,NO,,,,PT2H56M14S,2021-03-23T13:11:00Z
XjQOVglMS-s,"Finance - Division II, Morning (3/22/21)",yes,"Finance - Division II, Morning",2021-03-22,title,NO,,,,PT1H58M44S,2021-03-23T13:15:35Z
TzBJM2PsBQE,"Finance - Division III, Afternoon (3/19/21)",yes,"Finance - Division III, Afternoon",2021-03-19,title,NO,,,,PT3H57M52S,2021-03-23T13:24:02Z
fsJeN4qGoms,Ways and Means (3/23/21),yes,Ways and Means,2021-03-23,title,yes,2021-03-23 09:01:48,2021-03-23T13:01:48Z,2021-03-23T14:50:15Z,PT1H48M25S,2021-03-24T02:56:22Z
UXRKcWmt_EY,Public Works and Highways (3/23/21),yes,Public Works and Highways,2021-03-23,title,yes,2021-03-23 09:30:45,2021-03-23T13:30:45Z,2021-03-23T14:52:28Z,PT1H21M41S,2021-03-24T02:59:36Z
IHMmx-SVhAE,Education (3/23/21),yes,Education,2021-03-23,title,yes,2021-03-23 10:46:47,2021-03-23T14:46:47Z,2021-03-23T16:01:47Z,PT1H14M56S,2021-03-24T04:10:09Z
khSQMDn-dy4,Commerce and Consumer Affairs (3/23/21),yes,Commerce and Consumer Affairs,2021-03-23,title,yes,2021-03-23 09:05:44,2021-03-23T13:05:44Z,2021-03-23T16:03:12Z,PT2H57M20S,2021-03-24T04:29:30Z
D7CQl5cLkQ8,Finance - Division I (3/23/21),yes,Finance - Division I,2021-03-23,title,NO,,,,PT2H2M53S,2021-03-24T16:47:49Z
TDM70woiDgw,Executive Departments and Administration (3/24/21),yes,Executive Departments and Administration,2021-03-24,title,yes,2021-03-24 10:04:38,2021-03-24T14:04:38Z,2021-03-24T18:31:19Z,PT4H26M41S,2021-03-24T18:51:07Z
liQoQjZpxEw,Ways and Means (3/24/21),yes,Ways and Means,2021-03-24,title,yes,2021-03-24 09:00:10,2021-03-24T13:00:10Z,2021-03-24T15:29:37Z,PT2H29M21S,2021-03-25T03:41:24Z
tdHKXFmIxCc,Commerce and Consumer Affairs (3/24/21),yes,Commerce and Consumer Affairs,2021-03-24,title,yes,2021-03-24 09:03:32,2021-03-24T13:03:32Z,2021-03-24T16:24:42Z,PT3H21M6S,2021-03-25T04:44:20Z
Ly_lK-xRxRg,"Labor, Industrial, and Rehabilitative Services Committee (3/25/21)",yes,"Labor, Industrial, and Rehabilitative Services Committee",2021-03-25,title,yes,2021-03-25 09:01:06,2021-03-25T13:01:06Z,2021-03-25T20:28:46Z,PT7H27M36S,2021-03-25T20:56:02Z
ITE1w1bdOCg,Public Works and Highways (3/25/21),yes,Public Works and Highways,2021-03-25,title,yes,2021-03-25 09:30:58,2021-03-25T13:30:58Z,2021-03-25T14:01:20Z,PT30M16S,2021-03-26T02:04:40Z
uY6q4qZUgU4,Education (3/25/21),yes,Education,2021-03-25,title,yes,2021-03-25 09:02:37,2021-03-25T13:02:37Z,2021-03-25T15:56:26Z,PT2H53M46S,2021-03-26T04:05:53Z
JqL1iwWXgLc,Finance - Division III (3/24/21),yes,Finance - Division III,2021-03-24,title,NO,,,,PT1H6M7S,2021-03-26T12:52:11Z
sE5WQ6lwjYU,Finance - Division III (3/23/21),yes,Finance - Division III,2021-03-23,title,NO,,,,PT2H41M53S,2021-03-26T12:55:19Z
aO34ibGeWLg,Finance - Division II (3/23/21),yes,Finance - Division II,2021-03-23,title,NO,,,,PT1H26M38S,2021-03-26T12:59:22Z
-_w7LeYH51Y,"Finance - Division II, Morning (3/25/21)",yes,"Finance - Division II, Morning",2021-03-25,title,NO,,,,PT1H52M36S,2021-03-26T13:02:06Z
ryEuYm5I4Is,Finance - Division II (3/24/21),yes,Finance - Division II,2021-03-24,title,NO,,,,PT1H14M51S,2021-03-26T13:04:04Z
y5KAK4HXPQQ,"Finance - Division II, Afternoon (3/25/21)",yes,"Finance - Division II, Afternoon",2021-03-25,title,NO,,,,PT1H7M58S,2021-03-26T13:05:18Z
tyTuZNypU68,Legislative Administration (3/29/21),yes,Legislative Administration,2021-03-29,title,yes,2021-03-29 10:01:14,2021-03-29T14:01:14Z,2021-03-29T14:43:40Z,PT42M21S,2021-03-30T02:45:16Z
xtKs2gFPlUA,Finance - Executive Session (3/29/21),yes,Finance - Executive Session,2021-03-29,title,NO,,,,PT4H44M43S,2021-03-30T13:40:10Z
Pj97LNmejdo,"Labor, Industrial, and Rehabilitative Services Committee (3/30/21)",yes,"Labor, Industrial, and Rehabilitative Services Committee",2021-03-30,title,yes,2021-03-30 09:00:45,2021-03-30T13:00:45Z,2021-03-30T14:08:57Z,PT1H8M16S,2021-03-31T02:11:45Z
08C8hEw0hIY,Commerce and Consumer Affairs (3/30/21),yes,Commerce and Consumer Affairs,2021-03-30,title,yes,2021-03-30 09:00:38,2021-03-30T13:00:38Z,2021-03-30T16:46:10Z,PT3H45M31S,2021-03-31T04:57:30Z
ldPB4etJHYM,Ways and Means (3/30/21),yes,Ways and Means,2021-03-30,title,yes,2021-03-30 13:01:42,2021-03-30T17:01:42Z,2021-03-30T18:25:47Z,PT1H24M1S,2021-03-31T06:31:17Z
q_AWiJbosuA,Ways and Means (3/31/21),yes,Ways and Means,2021-03-31,title,yes,2021-03-31 09:01:18,2021-03-31T13:01:18Z,2021-03-31T14:24:04Z,PT1H22M44S,2021-04-01T02:29:19Z
XcWBGJ4Ch3Y,Finance (3/31/21),yes,Finance,2021-03-31,title,yes,2021-03-31 09:59:50,2021-03-31T13:59:50Z,2021-03-31T14:52:07Z,PT52M11S,2021-04-01T02:58:58Z
PeI4kFgIKo0,Election Law (3/31/21),yes,Election Law,2021-03-31,title,yes,2021-03-31 10:03:01,2021-03-31T14:03:01Z,2021-03-31T16:33:54Z,PT2H30M51S,2021-04-01T04:43:46Z
2WF5ySSSQGU,House Finance - Budget Briefing (4/5/21),yes,Finance - Budget Briefing,2021-04-05,title,NO,,,,PT1H17M8S,2021-04-05T18:49:34Z
qGBcbfmOuBQ,House Finance Committee,NO,,,title,yes,2021-04-05 13:05:23,2021-04-05T17:05:23Z,2021-04-05T18:15:49Z,PT1H10M20S,2021-04-06T06:19:07Z
M4z6feMTJQQ,"Health, Human Services, and Elderly Affairs (4/13/21)",yes,"Health, Human Services, and Elderly Affairs",2021-04-13,title,yes,2021-04-13 09:01:40,2021-04-13T13:01:40Z,2021-04-13T15:48:25Z,PT2H46M38S,2021-04-14T04:04:27Z
8m6qlvnt5aU,Executive Departments and Administration (4/15/21),yes,Executive Departments and Administration,2021-04-15,title,yes,2021-04-15 10:01:19,2021-04-15T14:01:19Z,2021-04-15T18:51:08Z,PT4H49M47S,2021-04-15T19:13:19Z
aCCLYha8SRY,"Science, Technology, and Energy (4/19/21)",yes,"Science, Technology, and Energy",2021-04-19,title,yes,2021-04-19 10:00:23,2021-04-19T14:00:23Z,2021-04-19T18:35:18Z,PT4H34M55S,2021-04-19T18:56:59Z
l2haPOFyKu4,Judiciary (4/20/21),yes,Judiciary,2021-04-20,title,yes,2021-04-20 09:00:38,2021-04-20T13:00:38Z,2021-04-20T15:40:00Z,PT2H39M20S,2021-04-21T03:51:40Z
nJduD5_9Cm0,Education (4/21/21),yes,Education,2021-04-21,title,yes,2021-04-21 09:01:40,2021-04-21T13:01:40Z,2021-04-21T17:30:43Z,PT4H28M59S,2021-04-21T17:53:40Z
joSSS9t-35o,Criminal Justice and Public Safety (4/21/21),yes,Criminal Justice and Public Safety,2021-04-21,title,yes,2021-04-21 09:05:39,2021-04-21T13:05:39Z,2021-04-21T19:12:29Z,PT6H6M44S,2021-04-21T19:32:29Z
EF_wmttHepc,Executive Departments and Administration (4/21/21),yes,Executive Departments and Administration,2021-04-21,title,yes,2021-04-21 09:58:44,2021-04-21T13:58:44Z,2021-04-21T20:12:54Z,PT6H14M2S,2021-04-21T20:37:22Z
gG_CtP6gZM8,Children and Family Law (4/21/21),yes,Children and Family Law,2021-04-21,title,yes,2021-04-21 10:00:51,2021-04-21T14:00:51Z,2021-04-21T16:07:57Z,PT2H7M2S,2021-04-22T04:19:06Z
0Vf3jJ-EN4c,Executive Departments and Administration - Subcommittee (4/22/21),yes,Executive Departments and Administration - Subcommittee,2021-04-22,title,yes,2021-04-22 10:04:24,2021-04-22T14:04:24Z,2021-04-22T18:20:01Z,PT4H15M19S,2021-04-22T18:41:15Z
CIYvF7ZQKHs,Election Law (4/23/21),yes,Election Law,2021-04-23,title,yes,2021-04-23 10:41:16,2021-04-23T14:41:16Z,2021-04-23T17:18:54Z,PT2H37M32S,2021-04-24T05:29:05Z
7H_eUpDR1vg,Executive Departments and Administration (4/27/21),yes,Executive Departments and Administration,2021-04-27,title,yes,2021-04-27 10:00:30,2021-04-27T14:00:30Z,2021-04-27T20:47:05Z,PT6H46M30S,2021-04-27T21:11:04Z
zdvBXI8oiUw,Commerce and Consumer Affairs (4/27/21),yes,Commerce and Consumer Affairs,2021-04-27,title,yes,2021-04-27 10:01:18,2021-04-27T14:01:18Z,2021-04-27T16:11:29Z,PT2H10M10S,2021-04-28T04:21:31Z
lglFCiraZeU,Judiciary (4/27/21),yes,Judiciary,2021-04-27,title,yes,2021-04-27 09:00:13,2021-04-27T13:00:13Z,2021-04-27T16:29:11Z,PT3H28M54S,2021-04-28T04:51:35Z
BjZzF2kWH-I,Ways and Means (4/27/21),yes,Ways and Means,2021-04-27,title,yes,2021-04-27 09:35:50,2021-04-27T13:35:50Z,2021-04-27T17:18:53Z,PT3H42M58S,2021-04-28T05:35:41Z
-1Z0PXEs1Rs,Fish and Game and Marine Resources (4/28/21),yes,Fish and Game and Marine Resources,2021-04-28,title,yes,2021-04-28 09:02:00,2021-04-28T13:02:00Z,2021-04-28T18:22:26Z,PT5H20M28S,2021-04-28T18:55:44Z
0fBmGDxk2cc,"Resources, Recreation, and Development (4/28/21)",yes,"Resources, Recreation, and Development",2021-04-28,title,yes,2021-04-28 09:00:46,2021-04-28T13:00:46Z,2021-04-28T19:12:53Z,PT6H12M,2021-04-28T19:48:38Z
QfwCP5V_qKU,Criminal Justice and Public Safety (4/28/21),yes,Criminal Justice and Public Safety,2021-04-28,title,yes,2021-04-28 09:10:19,2021-04-28T13:10:19Z,2021-04-28T19:34:19Z,PT6H23M59S,2021-04-28T20:04:00Z
PUIEPQ4La_E,Ways and Means (4/28/21),yes,Ways and Means,2021-04-28,title,yes,2021-04-28 10:03:48,2021-04-28T14:03:48Z,2021-04-28T16:02:04Z,PT1H58M10S,2021-04-29T04:09:21Z
Nm_9bocalgo,Executive Departments and Administration  (4/29/21),yes,Executive Departments and Administration,2021-04-29,title,yes,2021-04-29 09:01:03,2021-04-29T13:01:03Z,2021-04-29T18:39:11Z,PT5H38M3S,2021-04-29T19:05:56Z
X1sj8L1hcdo,Ways and Means (4/29/21),yes,Ways and Means,2021-04-29,title,yes,2021-04-29 10:00:44,2021-04-29T14:00:44Z,2021-04-29T16:04:19Z,PT2H3M26S,2021-04-30T04:13:48Z
XIlB_Qb60oI,"Science, Technology, and Energy (5/3/21)",yes,"Science, Technology, and Energy",2021-05-03,title,yes,2021-05-03 10:03:36,2021-05-03T14:03:36Z,2021-05-03T19:15:40Z,PT5H11M37S,2021-05-03T19:34:24Z
whpAavciLCM,"Health, Human Services, and Elderly Affairs (5/3/21)",yes,"Health, Human Services, and Elderly Affairs",2021-05-03,title,yes,2021-05-03 09:01:05,2021-05-03T13:01:05Z,2021-05-03T19:34:38Z,PT6H33M30S,2021-05-03T19:54:19Z
Jg-G5pkTr04,Executive Departments and Administration  (5/4/21),yes,Executive Departments and Administration,2021-05-04,title,yes,2021-05-04 09:33:58,2021-05-04T13:33:58Z,2021-05-04T20:08:38Z,PT6H34M33S,2021-05-04T20:37:59Z
_l8dfb8DDMM,Judiciary (5/4/21),yes,Judiciary,2021-05-04,title,yes,2021-05-04 09:00:28,2021-05-04T13:00:28Z,2021-05-04T20:29:37Z,PT7H29M8S,2021-05-04T21:10:22Z
dE4TSqkWRRE,Commerce and Consumer Affairs (5/4/21),yes,Commerce and Consumer Affairs,2021-05-04,title,yes,2021-05-04 10:01:18,2021-05-04T14:01:18Z,2021-05-04T15:43:09Z,PT1H41M45S,2021-05-05T03:49:53Z
0oAGgPGB49c,Ways and Means (5/4/21),yes,Ways and Means,2021-05-04,title,yes,2021-05-04 09:31:15,2021-05-04T13:31:15Z,2021-05-04T16:13:20Z,PT2H42M5S,2021-05-05T04:23:04Z
InZHifMk1C0,Ways and Means (5/5/21),yes,Ways and Means,2021-05-05,title,yes,2021-05-05 10:41:23,2021-05-05T14:41:23Z,2021-05-05T16:00:54Z,PT1H19M24S,2021-05-06T04:11:13Z
iG1N_EwfOfo,Election Law,NO,,,title,yes,2021-05-05 10:38:43,2021-05-05T14:38:43Z,2021-05-05T16:23:38Z,PT1H44M50S,2021-05-06T04:31:13Z
fNBZoPJfjOk,Labor,NO,,,title,yes,2021-05-05 10:30:33,2021-05-05T14:30:33Z,2021-05-05T17:33:39Z,PT3H2M58S,2021-05-06T05:51:36Z
27F0aNI66Fo,Public Works and Highways (5/5/21),yes,Public Works and Highways,2021-05-05,title,NO,,,,PT5H21M18S,2021-05-06T14:50:00Z
KiBCIydAzkE,Environment and Agriculture (5/6/21),yes,Environment and Agriculture,2021-05-06,title,yes,2021-05-06 09:00:38,2021-05-06T13:00:38Z,2021-05-06T14:28:40Z,PT1H27M55S,2021-05-07T02:39:35Z
gozoQVgfu_4,Executive Departments and Administration  (5/6/21),yes,Executive Departments and Administration,2021-05-06,title,yes,2021-05-06 10:01:15,2021-05-06T14:01:15Z,2021-05-06T17:14:00Z,PT3H12M37S,2021-05-07T05:29:51Z
Qm6xCuWixy8,Finance (5/10/21),yes,Finance,2021-05-10,title,NO,,,,PT2H37M49S,2021-05-10T23:12:11Z
cZ_PA-OJZjQ,Municipal and County Government (5/10/21),yes,Municipal and County Government,2021-05-10,title,yes,2021-05-10 09:02:08,2021-05-10T13:02:08Z,2021-05-10T16:39:12Z,PT3H36M59S,2021-05-11T04:52:55Z
QbTvb5B2atY,Criminal Justice and Public Safety (5/10/21),yes,Criminal Justice and Public Safety,2021-05-10,title,yes,2021-05-10 09:24:24,2021-05-10T13:24:24Z,2021-05-10T17:14:19Z,PT3H49M49S,2021-05-11T05:34:14Z
wa73lCaQ5Ms,Executive Departments and Administration  (5/11/21),yes,Executive Departments and Administration,2021-05-11,title,yes,2021-05-11 09:59:58,2021-05-11T13:59:58Z,2021-05-11T18:07:36Z,PT4H7M29S,2021-05-11T18:34:04Z
5RUQcnk9B6w,Judiciary (5/11/21),yes,Judiciary,2021-05-11,title,yes,2021-05-11 09:01:00,2021-05-11T13:01:00Z,2021-05-11T18:18:16Z,PT5H17M12S,2021-05-11T18:49:49Z
xRTjtlva3vA,Transportation (5/11/21),yes,Transportation,2021-05-11,title,yes,2021-05-11 09:02:33,2021-05-11T13:02:33Z,2021-05-11T14:50:30Z,PT1H47M54S,2021-05-12T02:55:44Z
kHv-Mpk6sAc,Ways and Means (5/11/21),yes,Ways and Means,2021-05-11,title,yes,2021-05-11 09:32:28,2021-05-11T13:32:28Z,2021-05-11T15:22:01Z,PT1H49M28S,2021-05-12T03:29:07Z
xQI-8-F7JNU,Legislative Administration (5/11/21),yes,Legislative Administration,2021-05-11,title,yes,2021-05-11 09:01:44,2021-05-11T13:01:44Z,2021-05-11T15:35:57Z,PT2H34M4S,2021-05-12T03:42:41Z
QiHW0tzUGS8,Ways and Means (5/12/21),yes,Ways and Means,2021-05-12,title,yes,2021-05-12 10:00:48,2021-05-12T14:00:48Z,2021-05-12T15:18:24Z,PT1H17M35S,2021-05-13T03:23:49Z
bQTukKv-nSM,Education (5/13/21),yes,Education,2021-05-13,title,yes,2021-05-13 09:00:35,2021-05-13T13:00:35Z,2021-05-13T19:52:40Z,PT6H51M58S,2021-05-13T20:35:58Z
D0o5FaRJxz4,Executive Departments and Administration  (5/13/21),yes,Executive Departments and Administration,2021-05-13,title,yes,2021-05-13 09:30:28,2021-05-13T13:30:28Z,2021-05-13T14:03:27Z,PT32M56S,2021-05-14T02:07:54Z
fP2h1hdQCv4,Commerce and Consumer Affairs (5/13/21),yes,Commerce and Consumer Affairs,2021-05-13,title,yes,2021-05-13 10:00:19,2021-05-13T14:00:19Z,2021-05-13T16:35:35Z,PT2H35M9S,2021-05-14T05:00:14Z
yn7Q691oQ74,Municipal and County Government (5/17/21),yes,Municipal and County Government,2021-05-17,title,yes,2021-05-17 09:02:55,2021-05-17T13:02:55Z,2021-05-17T17:32:39Z,PT4H29M37S,2021-05-17T17:57:36Z
SuG0-7nKdBk,"Science, Technology, and Energy (5/17/21)",yes,"Science, Technology, and Energy",2021-05-17,title,yes,2021-05-17 10:02:58,2021-05-17T14:02:58Z,2021-05-17T16:00:51Z,PT1H57M55S,2021-05-18T04:11:24Z
lUjoCiAjuvk,"Health, Human Services, and Elderly Affairs (5/17/21)",yes,"Health, Human Services, and Elderly Affairs",2021-05-17,title,yes,2021-05-17 09:05:20,2021-05-17T13:05:20Z,2021-05-17T16:56:38Z,PT3H51M12S,2021-05-18T05:11:10Z
iN8VYHgge3I,Executive Departments and Administration  (5/18/21),yes,Executive Departments and Administration,2021-05-18,title,yes,2021-05-18 09:31:35,2021-05-18T13:31:35Z,2021-05-18T21:18:06Z,PT7H46M26S,2021-05-18T21:44:24Z
GGx_D3CPBRU,Transportation (5/18/21),yes,Transportation,2021-05-18,title,yes,2021-05-18 09:03:18,2021-05-18T13:03:18Z,2021-05-18T15:16:12Z,PT2H12M52S,2021-05-19T03:24:51Z
36Vw0E_rMgQ,Ways and Means (5/18/21),yes,Ways and Means,2021-05-18,title,yes,2021-05-18 09:32:16,2021-05-18T13:32:16Z,2021-05-18T15:55:30Z,PT2H23M11S,2021-05-19T04:04:35Z
KEEieYlpXmY,Judiciary (5/18/21),yes,Judiciary,2021-05-18,title,yes,2021-05-18 09:00:45,2021-05-18T13:00:45Z,2021-05-18T16:12:40Z,PT3H11M52S,2021-05-19T04:23:53Z
Sn5SJG3CDy8,Election Law (5/5/21 full download from Zoom),NO,,,title,NO,,,,PT2H22M48S,2021-05-19T13:46:27Z
Ow9KELV1NXs,"Labor, Industrial and Rehabilitative Services Committee (5/5/21 full download from Zoom)",NO,,,title,NO,,,,PT4H18M53S,2021-05-19T13:53:06Z
sRCdRbkyPiw,Public Works and Highways (5/5/21 full video downloaded from Zoom),NO,,,title,NO,,,,PT5H21M18S,2021-05-19T14:23:46Z
kfV6r5_HM48,Public Works and Highways (5/19/21),yes,Public Works and Highways,2021-05-19,title,yes,2021-05-19 10:00:30,2021-05-19T14:00:30Z,2021-05-19T14:34:46Z,PT34M12S,2021-05-20T02:43:09Z
1PuehBWW0bc,"Resources, Recreation, and Development (5/19/21)",yes,"Resources, Recreation, and Development",2021-05-19,title,yes,2021-05-19 09:07:07,2021-05-19T13:07:07Z,2021-05-19T14:50:55Z,PT1H43M47S,2021-05-20T03:03:29Z
Il6DgfIXagA,Ways and Means (5/19/21),yes,Ways and Means,2021-05-19,title,yes,2021-05-19 10:01:09,2021-05-19T14:01:09Z,2021-05-19T17:06:35Z,PT3H5M20S,2021-05-20T05:25:09Z
9ymPm0rMjvc,Election Law (5/19/21),yes,Election Law,2021-05-19,title,yes,2021-05-19 09:33:59,2021-05-19T13:33:59Z,2021-05-19T17:18:06Z,PT3H44M5S,2021-05-20T05:31:38Z
IHUDS3RFp1Q,Criminal Justice and Public Safety (5/19/21),yes,Criminal Justice and Public Safety,2021-05-19,title,yes,2021-05-19 10:10:35,2021-05-19T14:10:35Z,2021-05-19T17:19:01Z,PT3H8M21S,2021-05-20T05:41:34Z
3K2UoTE046g,Legislative Youth Advisory Council Meeting (5/16/2021),yes,Legislative Youth Advisory Council Meeting,2021-05-16,title,NO,,,,PT1H2M21S,2021-05-20T15:50:43Z
BHCedxBOMBs,Ways and Means (5/5/21 full download from Zoom),NO,,,title,NO,,,,PT1H58M39S,2021-05-20T15:57:02Z
014qPP4-IM8,Legislative Administration (5/20/21),yes,Legislative Administration,2021-05-20,title,yes,2021-05-20 09:03:07,2021-05-20T13:03:07Z,2021-05-20T17:10:58Z,PT4H7M48S,2021-05-20T17:37:09Z
xA_E9xs7T2s,Environment and Agriculture (5/20/21),yes,Environment and Agriculture,2021-05-20,title,yes,2021-05-20 10:08:24,2021-05-20T14:08:24Z,2021-05-20T19:13:53Z,PT5H5M25S,2021-05-20T19:50:56Z
pGCtopdGHGA,Education (5/20/21),yes,Education,2021-05-20,title,yes,2021-05-20 09:04:15,2021-05-20T13:04:15Z,2021-05-20T20:18:44Z,PT7H14M22S,2021-05-20T20:49:00Z
srn23zbzgkY,"Science, Technology, and Energy (5/24/21)",yes,"Science, Technology, and Energy",2021-05-24,title,yes,2021-05-24 10:05:54,2021-05-24T14:05:54Z,2021-05-24T18:04:48Z,PT3H58M50S,2021-05-25T06:21:39Z
ehn3k_0sSJA,Ways and Means (5/25/21),yes,Ways and Means,2021-05-25,title,yes,2021-05-25 09:34:11,2021-05-25T13:34:11Z,2021-05-25T14:14:49Z,PT40M38S,2021-05-26T02:16:48Z
t68EJ30KYnA,Commerce and Consumer Affairs (5/25/21),yes,Commerce and Consumer Affairs,2021-05-25,title,yes,2021-05-25 10:01:02,2021-05-25T14:01:02Z,2021-05-25T14:41:27Z,PT40M22S,2021-05-26T02:43:36Z
4WCheBnk-Ok,Executive Departments and Administration  (5/25/21),yes,Executive Departments and Administration,2021-05-25,title,yes,2021-05-25 11:04:10,2021-05-25T15:04:10Z,2021-05-25T16:25:29Z,PT1H21M19S,2021-05-26T04:34:21Z
vvD4isUgUzM,Ways and Means (5/26/21),yes,Ways and Means,2021-05-26,title,yes,2021-05-26 10:01:45,2021-05-26T14:01:45Z,2021-05-26T15:07:23Z,PT1H5M31S,2021-05-27T03:12:19Z
nKpWbiFDG78,"Labor, Industrial, and Rehabilitative Services Committee (5/26/21)",yes,"Labor, Industrial, and Rehabilitative Services Committee",2021-05-26,title,yes,2021-05-26 10:25:13,2021-05-26T14:25:13Z,2021-05-26T16:39:11Z,PT2H13M55S,2021-05-27T04:53:08Z
yjztXNVrIwY,Ways and Means (6/8/21),yes,Ways and Means,2021-06-08,title,yes,2021-06-08 09:01:50,2021-06-08T13:01:50Z,2021-06-08T16:32:15Z,PT3H30M21S,2021-06-09T05:19:33Z
7v0ku2gjHGI,Committee of Conference 201-203 (6/11/21),yes,Committee of Conference 201-203,2021-06-11,title,yes,2021-06-11 09:30:43,2021-06-11T13:30:43Z,2021-06-11T13:43:08Z,PT12M20S,2021-06-11T13:45:50Z
5jQJrYXR3rA,"Committee of Conference, HB1, Part 2 (LOB 210-211)",NO,,,title,NO,,,,PT35M39S,2021-06-11T18:51:59Z
v8fZvpjzctc,"Committee of Conference, HB 1, Part 1 (LOB 210-211)",NO,,,title,NO,,,,PT36M52S,2021-06-11T18:56:23Z
FZJQL7zpPns,Committee of Conference 210-211 (6/14/21),yes,Committee of Conference 210-211,2021-06-14,title,yes,2021-06-14 10:48:23,2021-06-14T14:48:23Z,2021-06-14T19:19:22Z,PT4H30M55S,2021-06-14T19:39:45Z
gIft0ObbeVU,Committee of Conference 206-208 (6/14/21),yes,Committee of Conference 206-208,2021-06-14,title,yes,2021-06-14 09:16:30,2021-06-14T13:16:30Z,2021-06-14T20:16:06Z,PT6H59M33S,2021-06-14T21:08:08Z
zvMGbHwa6mM,Committee of Conference 301-303 (6/14/21),yes,Committee of Conference 301-303,2021-06-14,title,yes,2021-06-14 09:01:06,2021-06-14T13:01:06Z,2021-06-14T13:23:02Z,PT21M52S,2021-06-15T01:23:56Z
-V0fH7OLen8,Committee of Conference 306-308 (6/14/21),yes,Committee of Conference 306-308,2021-06-14,title,yes,2021-06-14 11:01:08,2021-06-14T15:01:08Z,2021-06-14T16:31:02Z,PT1H29M50S,2021-06-15T04:36:57Z
35R86yNN3Js,Committee of Conference 301-303 (6/15/21),yes,Committee of Conference 301-303,2021-06-15,title,yes,2021-06-15 09:05:14,2021-06-15T13:05:14Z,2021-06-15T19:27:17Z,PT6H22M2S,2021-06-15T20:02:13Z
HU0m6GqXVTo,Committee of Conference 206-208 (6/15/21),yes,Committee of Conference 206-208,2021-06-15,title,yes,2021-06-15 08:31:54,2021-06-15T12:31:54Z,2021-06-15T14:05:58Z,PT1H33M56S,2021-06-16T02:16:01Z
K0SR7lK8iGE,Committee of Conference 201-203 (6/15/21),yes,Committee of Conference 201-203,2021-06-15,title,yes,2021-06-15 12:58:19,2021-06-15T16:58:19Z,2021-06-15T18:40:36Z,PT1H42M13S,2021-06-16T06:51:27Z
shnqAbiiV_g,Committee of Conference 306-308 (6/15/21),yes,Committee of Conference 306-308,2021-06-15,title,yes,2021-06-15 13:29:49,2021-06-15T17:29:49Z,2021-06-15T19:13:56Z,PT1H44M5S,2021-06-16T07:21:58Z
wwHSWl6FQV0,Committee of Conference 210-211 (6/15/21),yes,Committee of Conference 210-211,2021-06-15,title,yes,2021-06-15 12:25:53,2021-06-15T16:25:53Z,2021-06-15T20:24:57Z,PT3H59M4S,2021-06-16T08:44:20Z
Y6lkZ8k9lYA,Committee of Conference 206-208 (6/16/21),yes,Committee of Conference 206-208,2021-06-16,title,yes,2021-06-16 08:47:25,2021-06-16T12:47:25Z,2021-06-16T15:06:34Z,PT2H19M7S,2021-06-17T03:12:55Z
9Pp1PcD_dHg,Committee of Conference 201-203 (6/16/21),yes,Committee of Conference 201-203,2021-06-16,title,yes,2021-06-16 09:20:23,2021-06-16T13:20:23Z,2021-06-16T16:07:14Z,PT2H46M45S,2021-06-17T04:19:05Z
11CnDOdP1-A,Committee of Conference 306-308 (6/16/21),yes,Committee of Conference 306-308,2021-06-16,title,yes,2021-06-16 10:05:48,2021-06-16T14:05:48Z,2021-06-16T16:28:45Z,PT2H22M55S,2021-06-17T04:43:31Z
HrRS1quLiTw,Committee of Conference 210-211 (6/16/21),yes,Committee of Conference 210-211,2021-06-16,title,yes,2021-06-16 12:34:14,2021-06-16T16:34:14Z,2021-06-16T19:19:13Z,PT2H44M59S,2021-06-17T07:30:36Z
CXBWKU9dl-c,Committee of Conference 301-303 (6/17/21),yes,Committee of Conference 301-303,2021-06-17,title,yes,2021-06-17 08:59:46,2021-06-17T12:59:46Z,2021-06-17T13:18:25Z,PT18M37S,2021-06-17T13:25:12Z
XSA5aN26jAY,Committee of Conference 306-308 (6/17/21),yes,Committee of Conference 306-308,2021-06-17,title,yes,2021-06-17 09:32:04,2021-06-17T13:32:04Z,2021-06-17T13:48:06Z,PT16M2S,2021-06-17T13:50:37Z
UX3jz2zD2bQ,Committee of Conference 210-211 (6/17/21),yes,Committee of Conference 210-211,2021-06-17,title,yes,2021-06-17 09:47:20,2021-06-17T13:47:20Z,2021-06-17T18:53:16Z,PT5H5M52S,2021-06-17T19:10:41Z
9wLnY-O8ZIg,Redistricting Work Session (6/29/21),yes,Redistricting Work Session,2021-06-29,title,yes,2021-06-29 10:26:20,2021-06-29T14:26:20Z,2021-06-29T15:34:53Z,PT1H8M32S,2021-06-30T03:42:11Z
y8_HVRdWFyo,Redistricting - Presentation/Work Session (8/25/21),yes,Redistricting - Presentation/Work Session,2021-08-25,title,yes,2021-08-25 10:01:28,2021-08-25T14:01:28Z,2021-08-25T16:02:00Z,PT2H26S,2021-08-26T04:09:14Z
v7HLGvcoH0Q,Criminal Justice and Public Safety (9/14/21),yes,Criminal Justice and Public Safety,2021-09-14,title,yes,2021-09-14 11:20:02,2021-09-14T15:20:02Z,2021-09-14T16:37:25Z,PT1H13M3S,2021-09-15T04:43:28Z
EFsjhEMSm6k,Special Committee on Redistricting - Community Input Session (9/14/21),yes,Special Committee on Redistricting - Community Input Session,2021-09-14,title,yes,2021-09-14 17:40:06,2021-09-14T21:40:06Z,2021-09-14T23:06:08Z,PT1H25M56S,2021-09-15T11:13:40Z
OMxC_uzD1Sg,Criminal Justice (9/15/21),yes,Criminal Justice,2021-09-15,title,yes,2021-09-15 10:30:22,2021-09-15T14:30:22Z,2021-09-15T14:55:11Z,PT25M,2021-09-16T02:59:41Z
tmyKsWWZ5qM,"Labor, Industrial, And Rehabilitative Services (9/16/21)",yes,"Labor, Industrial, And Rehabilitative Services",2021-09-16,title,yes,2021-09-16 09:58:38,2021-09-16T13:58:38Z,2021-09-16T15:58:43Z,PT2H15S,2021-09-17T04:06:50Z
aiuWe068iyA,Special Committee on Redistricting - Community Input Session (9/22/21),yes,Special Committee on Redistricting - Community Input Session,2021-09-22,title,yes,2021-09-22 17:59:33,2021-09-22T21:59:33Z,2021-09-23T00:06:45Z,PT2H7M8S,2021-09-23T12:19:50Z
AeC6IKny_Pg,Special Committee on Redistricting - Community Input Session (9/28/21),yes,Special Committee on Redistricting - Community Input Session,2021-09-28,title,yes,2021-09-28 17:50:14,2021-09-28T21:50:14Z,2021-09-28T23:28:21Z,PT1H38M1S,2021-09-29T11:35:48Z
UJ7CTaODqdM,Special Committee on Redistricting - Committee Work Session (9/30/21),yes,Special Committee on Redistricting - Committee Work Session,2021-09-30,title,yes,2021-09-30 09:57:03,2021-09-30T13:57:03Z,2021-09-30T15:47:08Z,PT1H49M59S,2021-10-01T03:56:40Z
qy-mMqzcbDQ,Special Committee on Redistricting - Community Input Session (10/5/21),yes,Special Committee on Redistricting - Community Input Session,2021-10-05,title,yes,2021-10-05 17:39:13,2021-10-05T21:39:13Z,2021-10-05T23:33:07Z,PT1H53M50S,2021-10-06T11:37:43Z
ZZ1gMjyY7vQ,Special Committee on Redistricting - Community Input Session (10/7/21),yes,Special Committee on Redistricting - Community Input Session,2021-10-07,title,yes,2021-10-07 17:42:28,2021-10-07T21:42:28Z,2021-10-07T22:41:33Z,PT59M,2021-10-08T10:48:10Z
Juid1RW3bQA,Special Committee on Redistricting - Community Input Session (10/12/21),yes,Special Committee on Redistricting - Community Input Session,2021-10-12,title,yes,2021-10-12 18:02:43,2021-10-12T22:02:43Z,2021-10-12T22:51:16Z,PT48M29S,2021-10-13T10:56:26Z
FA66eLtTmEs,Special Committee on Redistricting - Community Input Session (10/13/21),yes,Special Committee on Redistricting - Community Input Session,2021-10-13,title,yes,2021-10-13 17:51:19,2021-10-13T21:51:19Z,2021-10-13T22:41:20Z,PT50M,2021-10-14T10:44:44Z
i36CWA0_wxQ,Special Committee on Redistricting - Community Input Session (10/14/21),yes,Special Committee on Redistricting - Community Input Session,2021-10-14,title,yes,2021-10-14 17:48:23,2021-10-14T21:48:23Z,2021-10-14T23:02:00Z,PT1H13M29S,2021-10-15T11:11:16Z
mNXWbM6vTrU,Special Committee on Redistricting - Community Input Session (10/18/21),yes,Special Committee on Redistricting - Community Input Session,2021-10-18,title,yes,2021-10-18 17:50:41,2021-10-18T21:50:41Z,2021-10-18T23:57:57Z,PT2H7M8S,2021-10-19T12:03:32Z
j6ZCcUPO-3c,Special Committee on Redistricting - Community Input Session (10/19/21),yes,Special Committee on Redistricting - Community Input Session,2021-10-19,title,yes,2021-10-19 18:00:33,2021-10-19T22:00:33Z,2021-10-19T23:54:41Z,PT1H54M5S,2021-10-20T12:01:11Z
ERGnMpM9kO8,Special Committee on Redistricting - Full Committee Work Session (10/20/21),yes,Special Committee on Redistricting - Full Committee Work Session,2021-10-20,title,yes,2021-10-20 09:40:57,2021-10-20T13:40:57Z,2021-10-20T15:21:04Z,PT1H39M57S,2021-10-21T03:25:48Z
kR-rN3HJEIA,Fiscal Committee Meeting (10/22/21),yes,Fiscal Committee Meeting,2021-10-22,title,yes,2021-10-22 09:45:28,2021-10-22T13:45:28Z,2021-10-22T16:01:25Z,PT2H15M41S,2021-10-23T04:13:32Z
Mrm0-pUWDcY,Committee  to Examine the Policy of Medical Intervention including Immunizations (11/3/21),yes,Committee  to Examine the Policy of Medical Intervention including Immunizations,2021-11-03,title,yes,2021-11-03 08:54:34,2021-11-03T12:54:34Z,2021-11-03T14:58:23Z,PT1H55M49S,2021-11-04T03:15:15Z
rTmnEXvZsW0,Special Committee on Redistricting - Full Committee Work Session (11/3/21),yes,Special Committee on Redistricting - Full Committee Work Session,2021-11-03,title,yes,2021-11-03 10:04:14,2021-11-03T14:04:14Z,2021-11-03T15:38:10Z,PT1H33M55S,2021-11-04T03:49:11Z
eY0ObjY5CbM,Committee to Examine the Policy of Medical Intervention including Immunizations (11/4/21),yes,Committee to Examine the Policy of Medical Intervention including Immunizations,2021-11-04,title,yes,2021-11-04 09:01:17,2021-11-04T13:01:17Z,2021-11-04T15:41:14Z,PT2H39M54S,2021-11-05T03:52:50Z
TwdEXiXO2Ws,Special Committee on Redistricting - Full Committee Work Session (11/4/21),yes,Special Committee on Redistricting - Full Committee Work Session,2021-11-04,title,yes,2021-11-04 09:56:31,2021-11-04T13:56:31Z,2021-11-04T16:10:55Z,PT2H14M16S,2021-11-05T04:22:30Z
TEiyC4vPrBs,Committee to Examine the Policy of Medical Intervention including Immunizations (11/8/21),yes,Committee to Examine the Policy of Medical Intervention including Immunizations,2021-11-08,title,yes,2021-11-08 08:56:34,2021-11-08T13:56:34Z,2021-11-08T18:05:37Z,PT4H8M56S,2021-11-08T18:16:36Z
iCY04Xl5T9M,Special Committee on Redistricting - Public Input Session (11/9/21),yes,Special Committee on Redistricting - Public Input Session,2021-11-09,title,yes,2021-11-09 09:59:03,2021-11-09T14:59:03Z,2021-11-09T17:30:58Z,PT2H31M47S,2021-11-10T05:43:39Z
F8XMqaqQJ2w,Committee to Examine the Policy of Medical Intervention including Immunizations (11/10/21),yes,Committee to Examine the Policy of Medical Intervention including Immunizations,2021-11-10,title,yes,2021-11-10 08:52:49,2021-11-10T13:52:49Z,2021-11-10T17:07:40Z,PT3H14M42S,2021-11-11T05:21:17Z
99v92IOkwvQ,Special Committee on Redistricting - Public Input Session (11/10/21),yes,Special Committee on Redistricting - Public Input Session,2021-11-10,title,yes,2021-11-10 16:54:54,2021-11-10T21:54:54Z,2021-11-11T00:49:46Z,PT2H54M47S,2021-11-11T13:03:54Z
wcMw_gym2zo,Special Committee on Redistricting - Executive Session (11/16/21),yes,Special Committee on Redistricting - Executive Session,2021-11-16,title,yes,2021-11-16 09:54:33,2021-11-16T14:54:33Z,2021-11-16T20:59:38Z,PT6H4M17S,2021-11-16T21:25:41Z
2RGwHtQOSM8,Education - Public Hearing (11/16/21),yes,Education - Public Hearing,2021-11-16,title,yes,2021-11-16 09:52:50,2021-11-16T14:52:50Z,2021-11-16T22:06:08Z,PT7H13M11S,2021-11-16T22:29:19Z
_SUbDoPnDCI,Fiscal Committee (11/19/21),yes,Fiscal Committee,2021-11-19,title,yes,2021-11-19 09:32:56,2021-11-19T14:32:56Z,2021-11-19T17:18:17Z,PT2H45M16S,2021-11-20T05:24:38Z
pvh9gLul5xw,Fiscal Committee Meeting (12/2/21),yes,Fiscal Committee Meeting,2021-12-02,title,yes,2021-12-02 09:49:49,2021-12-02T14:49:49Z,2021-12-02T15:45:03Z,PT55M7S,2021-12-03T03:49:50Z
YtpDUA42lJk,Commission on the Seacoast Cancer Cluster Investigation (12/6/21),yes,Commission on the Seacoast Cancer Cluster Investigation,2021-12-06,title,yes,2021-12-06 09:59:49,2021-12-06T14:59:49Z,2021-12-06T17:07:32Z,PT2H6M2S,2021-12-07T05:12:56Z
Vp5v6sow_LY,Fiscal Committee (12/17/21),yes,Fiscal Committee,2021-12-17,title,yes,2021-12-17 09:55:50,2021-12-17T14:55:50Z,2021-12-17T17:57:17Z,PT3H1M11S,2021-12-18T06:04:31Z
Obmbo_9XIe4,Special Fiscal Committee (12/23/21),yes,Special Fiscal Committee,2021-12-23,title,yes,2021-12-23 09:59:52,2021-12-23T14:59:52Z,2021-12-23T15:25:27Z,PT25M45S,2021-12-24T03:27:51Z
7joZ0GFNQ-c,"House Science, Technology & Energy  (01/11/22)",yes,"Science, Technology & Energy",2022-01-11,title,yes,2022-01-11 11:15:36,2022-01-11T16:15:36Z,2022-01-11T20:22:50Z,PT4H7M14S,2022-01-11T20:35:09Z
e5QETiGcW3I,House Ways and Means (01/11/22),yes,Ways and Means,2022-01-11,title,yes,2022-01-11 08:47:21,2022-01-11T13:47:21Z,2022-01-11T20:27:06Z,PT6H21M28S,2022-01-11T20:55:03Z
oB-b7mMHyaE,House Children and Family Law (01/11/22),yes,Children and Family Law,2022-01-11,title,yes,2022-01-11 10:00:42,2022-01-11T15:00:42Z,2022-01-11T20:39:46Z,PT5H31S,2022-01-11T20:56:00Z
BIdLOjyqE7Q,"House Health, Human Services and Elderly Affairs (01/11/22)",yes,"Health, Human Services and Elderly Affairs",2022-01-11,title,yes,2022-01-11 09:33:02,2022-01-11T14:33:02Z,2022-01-11T20:49:22Z,PT5H52M34S,2022-01-11T21:18:14Z
2Y-CBSNrAoA,House Executive Departments & Admin (01/11/22),yes,Executive Departments & Admin,2022-01-11,title,yes,2022-01-11 08:51:32,2022-01-11T13:51:32Z,2022-01-11T21:05:05Z,PT6H45M35S,2022-01-11T21:31:22Z
BnurMJaLYJU,House Education (01/11/22),yes,Education,2022-01-11,title,yes,2022-01-11 09:30:11,2022-01-11T14:30:11Z,2022-01-11T21:24:43Z,PT6H34M58S,2022-01-11T21:45:52Z
UIceAm_j-Ek,"House Science, Technology & Energy  (01/11/22)",yes,"Science, Technology & Energy",2022-01-11,title,yes,2022-01-11 08:49:16,2022-01-11T13:49:16Z,2022-01-11T16:12:32Z,PT2H1M54S,2022-01-12T04:21:59Z
DI8cAalMSaM,House Public Works and Highways (01/12/22),yes,Public Works and Highways,2022-01-12,title,yes,2022-01-12 09:30:07,2022-01-12T14:30:07Z,2022-01-12T20:32:32Z,PT6H2M3S,2022-01-12T21:06:11Z
L36tywht4h4,House Commerce and Consumer Affairs (01/12/22),yes,Commerce and Consumer Affairs,2022-01-12,title,yes,2022-01-12 09:59:37,2022-01-12T14:59:37Z,2022-01-12T20:59:23Z,PT5H59M56S,2022-01-12T21:29:30Z
_shGHQ_AejI,House Legislative Administration (01/12/22),yes,Legislative Administration,2022-01-12,title,yes,2022-01-12 09:02:07,2022-01-12T14:02:07Z,2022-01-12T21:03:03Z,PT7H1M10S,2022-01-12T21:30:59Z
ts78WXngAlo,House Judiciary (01/12/22),yes,Judiciary,2022-01-12,title,yes,2022-01-12 08:59:31,2022-01-12T13:59:31Z,2022-01-12T21:12:41Z,PT7H13M16S,2022-01-12T21:34:49Z
aix4uy5ZMGw,House Criminal Justice and Public Safety (01/12/22),yes,Criminal Justice and Public Safety,2022-01-12,title,yes,2022-01-12 08:59:36,2022-01-12T13:59:36Z,2022-01-12T21:14:19Z,PT7H13M32S,2022-01-12T21:37:30Z
633Gl6UiGnM,House Education (01/12/22),yes,Education,2022-01-12,title,yes,2022-01-12 08:58:47,2022-01-12T13:58:47Z,2022-01-12T21:13:20Z,PT7H14M46S,2022-01-12T21:52:05Z
DGLTRWm-VL8,"House Resources, Recreation and Development (01/12/22)",yes,"Resources, Recreation and Development",2022-01-12,title,yes,2022-01-12 08:59:41,2022-01-12T13:59:41Z,2022-01-12T21:44:46Z,PT7H45M1S,2022-01-12T22:30:43Z
73K4O6f_kGc,House Municipal and County Government (01/13/22),yes,Municipal and County Government,2022-01-13,title,yes,2022-01-13 08:59:46,2022-01-13T13:59:46Z,2022-01-13T19:11:46Z,PT5H11M33S,2022-01-13T19:31:52Z
uX6gILhfrMA,House Public Works and Highways (01/13/22),yes,Public Works and Highways,2022-01-13,title,yes,2022-01-13 09:32:17,2022-01-13T14:32:17Z,2022-01-13T20:08:17Z,PT5H35M32S,2022-01-13T20:35:31Z
KcthDrVqsuo,"House Labor, Industrial, and Rehabilitative Services (01/13/22)",yes,"Labor, Industrial, and Rehabilitative Services",2022-01-13,title,yes,2022-01-13 10:00:02,2022-01-13T15:00:02Z,2022-01-13T20:42:26Z,PT5H41M45S,2022-01-13T21:00:36Z
KWOrKJOEp8s,House Ways and Means (01/13/22),yes,Ways and Means,2022-01-13,title,yes,2022-01-13 08:59:57,2022-01-13T13:59:57Z,2022-01-13T20:35:16Z,PT6H34M38S,2022-01-13T21:07:08Z
iLnLDB_qJVs,House Executive Departments and Administration (01/13/22),yes,Executive Departments and Administration,2022-01-13,title,yes,2022-01-13 08:59:12,2022-01-13T13:59:12Z,2022-01-13T21:12:31Z,PT7H13M2S,2022-01-13T21:51:28Z
no4KyvDbbiM,House Judiciary (01/13/22),yes,Judiciary,2022-01-13,title,yes,2022-01-13 08:59:26,2022-01-13T13:59:26Z,2022-01-13T22:03:53Z,PT8H3M49S,2022-01-13T22:31:48Z
TtB8dujL5Uo,House Election Law (01/13/22),yes,Election Law,2022-01-13,title,yes,2022-01-13 09:30:06,2022-01-13T14:30:06Z,2022-01-13T22:22:14Z,PT7H51M26S,2022-01-13T22:41:47Z
uz1cBFnl-jU,House Education (01/13/22),yes,Education,2022-01-13,title,yes,2022-01-13 08:59:06,2022-01-13T13:59:06Z,2022-01-13T22:04:38Z,PT8H5M13S,2022-01-13T22:54:36Z
xFlgrMC9Wug,House State-Federal Relations and Veterans Affairs (01/14/22),yes,State-Federal Relations and Veterans Affairs,2022-01-14,title,yes,2022-01-14 08:58:46,2022-01-14T13:58:46Z,2022-01-14T22:02:14Z,PT8H3M36S,2022-01-14T22:24:35Z
5m2BsFe1-lA,House Criminal Justice and Public Safety (01/14/22),yes,Criminal Justice and Public Safety,2022-01-14,title,yes,2022-01-14 09:00:06,2022-01-14T14:00:06Z,2022-01-14T22:05:44Z,PT8H5M23S,2022-01-14T23:00:48Z
-JbQ-7NpeNg,House Fish and Game and Marine Resources (01/14/22),yes,Fish and Game and Marine Resources,2022-01-14,title,yes,2022-01-14 09:00:08,2022-01-14T14:00:08Z,2022-01-14T22:24:52Z,PT8H24M25S,2022-01-14T23:06:09Z
i_3bs6gT2EM,Fiscal Committee (01/14/22),yes,Fiscal Committee,2022-01-14,title,yes,2022-01-14 08:35:24,2022-01-14T13:35:24Z,2022-01-14T16:44:48Z,PT3H9M32S,2022-01-15T04:56:28Z
k3oEXSlN50w,House Executive Departments and Administration (01/18/22),yes,Executive Departments and Administration,2022-01-18,title,yes,2022-01-18 10:00:02,2022-01-18T15:00:02Z,2022-01-18T19:54:19Z,PT4H54M16S,2022-01-18T20:16:34Z
ddlR38iCkUA,House Transportation (01/18/22),yes,Transportation,2022-01-18,title,yes,2022-01-18 08:59:42,2022-01-18T13:59:42Z,2022-01-18T20:21:47Z,PT6H19M55S,2022-01-18T20:39:25Z
TnFBpyh0OCo,"House Science, Technology, and Energy (01/18/22)",yes,"Science, Technology, and Energy",2022-01-18,title,yes,2022-01-18 08:58:37,2022-01-18T13:58:37Z,2022-01-18T20:53:39Z,PT6H55M16S,2022-01-18T21:25:35Z
2ef68aCI3bM,House Environment and Agriculture (01/18/22),yes,Environment and Agriculture,2022-01-18,title,yes,2022-01-18 08:58:41,2022-01-18T13:58:41Z,2022-01-18T20:57:18Z,PT6H58M46S,2022-01-18T21:39:51Z
eYHBttOPno0,House Education (01/18/22),yes,Education,2022-01-18,title,yes,2022-01-18 08:59:27,2022-01-18T13:59:27Z,2022-01-18T21:31:15Z,PT7H32M1S,2022-01-18T22:12:21Z
FWNZ1tOOHw4,House Children and Family Law (01/18/22),yes,Children and Family Law,2022-01-18,title,yes,2022-01-18 10:00:02,2022-01-18T15:00:02Z,2022-01-18T22:05:32Z,PT7H5M41S,2022-01-18T22:31:44Z
qphzhDph8ho,"House Health, Human Services and Elderly Affairs (01/18/22)",yes,"Health, Human Services and Elderly Affairs",2022-01-18,title,yes,2022-01-18 09:30:23,2022-01-18T14:30:23Z,2022-01-18T22:33:12Z,PT8H3M1S,2022-01-18T23:12:20Z
1VQ5mDNmTNg,House Criminal Justice and Public Safety (01/19/22),yes,Criminal Justice and Public Safety,2022-01-19,title,yes,2022-01-19 08:59:22,2022-01-19T13:59:22Z,2022-01-19T19:43:10Z,PT5H44M1S,2022-01-19T20:06:24Z
dKBnSnfs0sA,House Election Law (01/19/22),yes,Election Law,2022-01-19,title,yes,2022-01-19 09:30:41,2022-01-19T14:30:41Z,2022-01-19T20:10:51Z,PT5H40M21S,2022-01-19T20:38:16Z
6ANSr8uhNNw,House Public Works and Highways (01/19/22),yes,Public Works and Highways,2022-01-19,title,yes,2022-01-19 09:30:22,2022-01-19T14:30:22Z,2022-01-19T20:17:13Z,PT5H45M12S,2022-01-19T20:45:54Z
Dz31ntGIOUM,House Judiciary (01/19/22),yes,Judiciary,2022-01-19,title,yes,2022-01-19 08:59:16,2022-01-19T13:59:16Z,2022-01-19T20:38:10Z,PT6H39M6S,2022-01-19T20:59:55Z
UVgyiOWivII,House Legislative Administration (01/19/22),yes,Legislative Administration,2022-01-19,title,yes,2022-01-19 09:00:11,2022-01-19T14:00:11Z,2022-01-19T20:42:54Z,PT6H42M46S,2022-01-19T21:09:10Z
WQSru_83_HQ,House Commerce and Consumer Affairs (01/19/22),yes,Commerce and Consumer Affairs,2022-01-19,title,yes,2022-01-19 09:00:16,2022-01-19T14:00:16Z,2022-01-19T21:05:03Z,PT7H4M31S,2022-01-19T21:36:50Z
Y1N4AQrlrQ4,"House Resources, Recreation and Development (01/19/22)",yes,"Resources, Recreation and Development",2022-01-19,title,yes,2022-01-19 09:00:12,2022-01-19T14:00:12Z,2022-01-19T21:21:34Z,PT7H21M5S,2022-01-19T21:53:53Z
1TXs4a2hqF8,House Education (01/19/22),yes,Education,2022-01-19,title,yes,2022-01-19 08:59:37,2022-01-19T13:59:37Z,2022-01-19T21:15:05Z,PT7H15M10S,2022-01-19T22:25:36Z
9H7atE9_9i4,House Election Law (01/20/22),yes,Election Law,2022-01-20,title,yes,2022-01-20 09:30:11,2022-01-20T14:30:11Z,2022-01-20T19:31:49Z,PT5H1M29S,2022-01-20T19:51:18Z
RL1XMyVkV8E,House Ways and Means (01/20/22),yes,Ways and Means,2022-01-20,title,yes,2022-01-20 08:59:47,2022-01-20T13:59:47Z,2022-01-20T20:12:19Z,PT6H12M41S,2022-01-20T20:28:09Z
ZfuOFxaghmQ,House Criminal Justice and Public Safety (01/20/22),yes,Criminal Justice and Public Safety,2022-01-20,title,yes,2022-01-20 08:58:26,2022-01-20T13:58:26Z,2022-01-20T20:07:27Z,PT6H2M25S,2022-01-20T20:29:46Z
aYBVEVFF7SQ,House Education (01/20/22),yes,Education,2022-01-20,title,yes,2022-01-20 08:57:47,2022-01-20T13:57:47Z,2022-01-20T20:40:19Z,PT6H42M41S,2022-01-20T21:12:31Z
JSzlSsoJ2KU,House Judiciary (01/20/22),yes,Judiciary,2022-01-20,title,yes,2022-01-20 09:00:01,2022-01-20T14:00:01Z,2022-01-20T21:11:04Z,PT7H11M1S,2022-01-20T21:35:28Z
ugTbpZ_WUDM,"House Labor, Industrial, and Rehabilitative Services (01/20/22)",yes,"Labor, Industrial, and Rehabilitative Services",2022-01-20,title,yes,2022-01-20 10:00:02,2022-01-20T15:00:02Z,2022-01-20T21:20:26Z,PT6H19M47S,2022-01-20T21:45:10Z
4m9-rAHXjGY,House Executive Departments and Administration (01/20/22),yes,Executive Departments and Administration,2022-01-20,title,yes,2022-01-20 09:59:06,2022-01-20T14:59:06Z,2022-01-20T21:13:48Z,PT6H14M51S,2022-01-20T21:46:47Z
T5I1GmkL7OM,House State-Federal Relations and Veterans Affairs,NO,,,title,yes,2022-01-20 08:59:47,2022-01-20T13:59:47Z,2022-01-20T23:28:33Z,PT9H28M46S,2022-01-21T00:23:44Z
O6HsgvGfYuk,House Municipal and County Government (01/20/22),yes,Municipal and County Government,2022-01-20,title,yes,2022-01-20 09:00:06,2022-01-20T14:00:06Z,2022-01-20T17:19:21Z,PT3H19M1S,2022-01-21T05:32:47Z
_bxdddQ6LNQ,House Finance (01/20/22),yes,Finance,2022-01-20,title,yes,2022-01-20 09:59:47,2022-01-20T14:59:47Z,2022-01-20T17:27:36Z,PT2H27M36S,2022-01-21T05:36:36Z
TIAvJ6z2bFE,House State-Federal Relations and Veteran affairs (01/21/22),yes,State-Federal Relations and Veteran affairs,2022-01-21,title,yes,2022-01-21 08:59:56,2022-01-21T13:59:56Z,2022-01-21T18:49:11Z,PT4H49M6S,2022-01-21T19:08:05Z
WAUaXqAlrh0,House Education (01/21/22),yes,Education,2022-01-21,title,yes,2022-01-21 09:00:01,2022-01-21T14:00:01Z,2022-01-21T20:57:57Z,PT6H57M43S,2022-01-21T21:27:10Z
U-n-2SsnQ2w,House Criminal Justice and Public Safety (01/21/22),yes,Criminal Justice and Public Safety,2022-01-21,title,yes,2022-01-21 09:00:01,2022-01-21T14:00:01Z,2022-01-21T21:53:49Z,PT7H53M41S,2022-01-21T22:46:39Z
FJ82xMSVSGU,Fiscal Committee (01/21/22),yes,Fiscal Committee,2022-01-21,title,yes,2022-01-21 09:59:22,2022-01-21T14:59:22Z,2022-01-21T18:07:12Z,PT3H7M51S,2022-01-22T06:17:22Z
tkNsFukC-h4,House Education (01/24/22),yes,Education,2022-01-24,title,yes,2022-01-24 09:58:17,2022-01-24T14:58:17Z,2022-01-24T19:44:56Z,PT4H46M29S,2022-01-24T20:01:06Z
2phVd46Oqc0,House Executive Departments and Administration (01/24/22),yes,Executive Departments and Administration,2022-01-24,title,yes,2022-01-24 10:29:37,2022-01-24T15:29:37Z,2022-01-24T20:24:33Z,PT4H54M17S,2022-01-24T20:44:31Z
kYlmr_STiLg,"House Health, Human Services and Elderly Affairs (01/24/22)",yes,"Health, Human Services and Elderly Affairs",2022-01-24,title,yes,2022-01-24 09:28:31,2022-01-24T14:28:31Z,2022-01-24T22:09:30Z,PT7H39M53S,2022-01-24T22:40:41Z
lhK76jxnaIU,Long Range Capital Planning & Utilization Committee (01/24/22),yes,Long Range Capital Planning & Utilization Committee,2022-01-24,title,yes,2022-01-24 09:29:21,2022-01-24T14:29:21Z,2022-01-24T16:36:56Z,PT42M16S,2022-01-25T03:15:07Z
hFszQLNZSnQ,Capital Budget Overview Committee (01/24/22),yes,Capital Budget Overview Committee,2022-01-24,title,yes,2022-01-24 10:15:11,2022-01-24T15:15:11Z,2022-01-24T15:33:41Z,PT18M35S,2022-01-25T03:35:19Z
EOy76kZh8XQ,House Municipal and County Government (01/24/22),yes,Municipal and County Government,2022-01-24,title,yes,2022-01-24 08:58:22,2022-01-24T13:58:22Z,2022-01-24T16:44:28Z,PT2H46M16S,2022-01-25T04:53:42Z
uq6idaami_o,House Children and Family Law (01/25/22),yes,Children and Family Law,2022-01-25,title,yes,2022-01-25 08:58:01,2022-01-25T13:58:01Z,2022-01-25T18:58:09Z,PT5H9S,2022-01-25T19:13:26Z
BF-zQFswhXE,House Executive Departments and Administration (01/25/22),yes,Executive Departments and Administration,2022-01-25,title,yes,2022-01-25 09:56:17,2022-01-25T14:56:17Z,2022-01-25T19:27:47Z,PT4H31M36S,2022-01-25T19:46:49Z
qrmz4fiKIgM,House Transportation (01/25/22),yes,Transportation,2022-01-25,title,yes,2022-01-25 08:57:57,2022-01-25T13:57:57Z,2022-01-25T21:19:19Z,PT7H21M9S,2022-01-25T21:43:24Z
K99NJ6GXVoI,"House Science, Technology and Energy (01/25/22)",yes,"Science, Technology and Energy",2022-01-25,title,yes,2022-01-25 08:58:37,2022-01-25T13:58:37Z,2022-01-25T21:50:20Z,PT7H51M30S,2022-01-25T22:23:31Z
8p2HpmPYxNs,House Environment and Agriculture (01/25/22),yes,Environment and Agriculture,2022-01-25,title,yes,2022-01-25 08:58:26,2022-01-25T13:58:26Z,2022-01-25T21:54:03Z,PT7H55M46S,2022-01-25T22:24:35Z
LEuOdZ4Ooto,"House Health, Human Services and Elderly Affairs (01/25/22)",yes,"Health, Human Services and Elderly Affairs",2022-01-25,title,yes,2022-01-25 09:30:47,2022-01-25T14:30:47Z,2022-01-25T21:45:25Z,PT7H14M51S,2022-01-25T22:26:28Z
JqRuycczPpY,House Fish and Game and Marine Resources (01/25/22),yes,Fish and Game and Marine Resources,2022-01-25,title,yes,2022-01-25 08:58:12,2022-01-25T13:58:12Z,2022-01-25T15:31:03Z,PT1H33M,2022-01-26T03:38:01Z
oQRCoS4cWHk,House Education (01/25/22),yes,Education,2022-01-25,title,yes,2022-01-25 09:00:17,2022-01-25T14:00:17Z,2022-01-25T16:36:26Z,PT2H36M6S,2022-01-26T04:50:24Z
ix_BTDBhmYQ,House Commerce and Consumer Affairs (01/26/22),yes,Commerce and Consumer Affairs,2022-01-26,title,yes,2022-01-26 10:10:41,2022-01-26T15:10:41Z,2022-01-26T20:09:26Z,PT4H58M44S,2022-01-26T20:27:25Z
08z9n7gQqwM,House Judiciary (01/26/22),yes,Judiciary,2022-01-26,title,yes,2022-01-26 08:59:28,2022-01-26T13:59:28Z,2022-01-26T20:21:22Z,PT6H22M6S,2022-01-26T20:40:11Z
LBFqskOtSv4,House Criminal Justice and Public Safety (01/26/22),yes,Criminal Justice and Public Safety,2022-01-26,title,yes,2022-01-26 08:59:16,2022-01-26T13:59:16Z,2022-01-26T20:52:46Z,PT6H53M41S,2022-01-26T21:19:54Z
YCxitS_NfwQ,"House Resources, Recreation and Development (01/26/22)",yes,"Resources, Recreation and Development",2022-01-26,title,yes,2022-01-26 08:59:32,2022-01-26T13:59:32Z,2022-01-26T20:56:53Z,PT6H57M26S,2022-01-26T21:29:19Z
GzC1mOBrLD8,House Education (01/26/22),yes,Education,2022-01-26,title,yes,2022-01-26 08:59:32,2022-01-26T13:59:32Z,2022-01-26T21:28:43Z,PT7H29M9S,2022-01-26T22:15:11Z
VaSAOYm30vQ,House Ways and Means (01/26/22),yes,Ways and Means,2022-01-26,title,yes,2022-01-26 09:31:22,2022-01-26T14:31:22Z,2022-01-26T18:24:54Z,PT3H53M41S,2022-01-27T06:41:43Z
YH7aLftrWM0,House Finance (01/26/22),yes,Finance,2022-01-26,title,yes,2022-01-26 13:00:01,2022-01-26T18:00:01Z,2022-01-26T20:56:36Z,PT2H56M46S,2022-01-27T09:15:34Z
qGqR6lX69s4,House Public Works and Highways (01/27/22),yes,Public Works and Highways,2022-01-27,title,yes,2022-01-27 08:59:06,2022-01-27T13:59:06Z,2022-01-27T19:17:03Z,PT5H18M5S,2022-01-27T19:38:18Z
Wrs9_4PcnWY,House Education (01/27/22),yes,Education,2022-01-27,title,yes,2022-01-27 08:58:31,2022-01-27T13:58:31Z,2022-01-27T20:14:53Z,PT6H16M31S,2022-01-27T20:52:19Z
kuQCTyF8z1c,House Commerce and Consumer Affairs (01/27/22),yes,Commerce and Consumer Affairs,2022-01-27,title,yes,2022-01-27 09:58:32,2022-01-27T14:58:32Z,2022-01-27T20:35:12Z,PT5H36M46S,2022-01-27T21:05:59Z
BSWQnRtC6IQ,"House Labor, Industrial, and Rehabilitative Services (01/27/22)",yes,"Labor, Industrial, and Rehabilitative Services",2022-01-27,title,yes,2022-01-27 09:31:11,2022-01-27T14:31:11Z,2022-01-27T20:47:59Z,PT6H17M1S,2022-01-27T21:44:40Z
s0Jj7xjqloU,House Judiciary (01/27/22),yes,Judiciary,2022-01-27,title,yes,2022-01-27 08:58:37,2022-01-27T13:58:37Z,2022-01-27T17:52:01Z,PT3H53M36S,2022-01-28T06:02:30Z
Z_z98mluatw,House Ways and Means Joint Economic Briefing (01/28/22),yes,Ways and Means Joint Economic Briefing,2022-01-28,title,yes,2022-01-28 08:58:32,2022-01-28T13:58:32Z,2022-01-28T19:06:12Z,PT5H7M51S,2022-01-28T19:26:16Z
4GKoQKfkuJc,House Criminal Justice and Public Safety (01/28/22),yes,Criminal Justice and Public Safety,2022-01-28,title,yes,2022-01-28 08:59:17,2022-01-28T13:59:17Z,2022-01-28T21:37:30Z,PT7H38M2S,2022-01-28T23:04:00Z
yCTgcpx-V98,House Health And Human Services Oversight Committee (01/28/22),yes,Health And Human Services Oversight Committee,2022-01-28,title,yes,2022-01-28 10:00:16,2022-01-28T15:00:16Z,2022-01-28T17:27:03Z,PT2H26M56S,2022-01-29T05:37:48Z
2OMdxAl94u8,House Executive Departments and Administration (01/28/22),yes,Executive Departments and Administration,2022-01-28,title,yes,2022-01-28 13:00:16,2022-01-28T18:00:16Z,2022-01-28T18:55:20Z,PT55M11S,2022-01-29T06:59:07Z
To78IlOhze0,House Education (01/31/22),yes,Education,2022-01-31,title,yes,2022-01-31 09:59:46,2022-01-31T14:59:46Z,2022-01-31T19:18:06Z,PT4H17M53S,2022-01-31T19:32:55Z
0JwG_FSdtkI,House Municipal and County Government (01/31/22),yes,Municipal and County Government,2022-01-31,title,yes,2022-01-31 08:58:32,2022-01-31T13:58:32Z,2022-01-31T20:46:29Z,PT6H48M11S,2022-01-31T21:02:12Z
Y2a1Cb5zHSU,House Executive Departments and Administration (01/31/22),yes,Executive Departments and Administration,2022-01-31,title,yes,2022-01-31 10:00:07,2022-01-31T15:00:07Z,2022-01-31T20:54:18Z,PT5H54M21S,2022-01-31T21:17:12Z
isY9DRIEy2s,"House Health, Human Services & Elderly Affairs (01/31/22)",yes,"Health, Human Services & Elderly Affairs",2022-01-31,title,yes,2022-01-31 09:30:02,2022-01-31T14:30:02Z,2022-01-31T21:16:02Z,PT6H45M56S,2022-01-31T21:55:09Z
Gx6jr4N0xTs,"House Science, Technology and Energy (01/31/22)",yes,"Science, Technology and Energy",2022-01-31,title,yes,2022-01-31 09:59:38,2022-01-31T14:59:38Z,2022-01-31T17:39:39Z,PT2H39M39S,2022-02-01T05:46:02Z
3-FxNqgiAHE,House Executive Departments and Administration (02/01/22),yes,Executive Departments and Administration,2022-02-01,title,yes,2022-02-01 07:57:37,2022-02-01T12:57:37Z,2022-02-01T19:42:41Z,PT6H44M14S,2022-02-01T20:08:23Z
C9x1_3G8X9k,House Transportation (02/01/22),yes,Transportation,2022-02-01,title,yes,2022-02-01 09:31:01,2022-02-01T14:31:01Z,2022-02-01T20:57:54Z,PT6H26M46S,2022-02-01T21:19:32Z
zEFjYW9fKK4,House Health And Human Services Oversight Committee (02/01/22),yes,Health And Human Services Oversight Committee,2022-02-01,title,yes,2022-02-01 09:30:32,2022-02-01T14:30:32Z,2022-02-01T21:04:01Z,PT6H32M48S,2022-02-01T21:45:37Z
yefAPESBvXs,"House Science, Technology and Energy (02/01/22)",yes,"Science, Technology and Energy",2022-02-01,title,yes,2022-02-01 08:58:12,2022-02-01T13:58:12Z,2022-02-01T21:42:46Z,PT7H43M51S,2022-02-01T22:06:50Z
r8Qj0XopRtA,House Environment and Agriculture (02/01/22),yes,Environment and Agriculture,2022-02-01,title,yes,2022-02-01 10:00:07,2022-02-01T15:00:07Z,2022-02-01T18:04:08Z,PT3H3M56S,2022-02-02T06:16:23Z
tUnKeHjb3U8,House Legislative Administration (02/02/22),yes,Legislative Administration,2022-02-02,title,yes,2022-02-02 08:57:03,2022-02-02T13:57:03Z,2022-02-02T18:04:35Z,PT4H7M46S,2022-02-02T18:23:54Z
DGIBKMVSVqQ,House Ways and Means (02/02/22),yes,Ways and Means,2022-02-02,title,yes,2022-02-02 08:57:17,2022-02-02T13:57:17Z,2022-02-02T19:08:13Z,PT5H31S,2022-02-02T19:39:22Z
dMnDfMZW4h8,"House Resources, Recreation and Development (02/02/22)",yes,"Resources, Recreation and Development",2022-02-02,title,yes,2022-02-02 10:54:06,2022-02-02T15:54:06Z,2022-02-02T20:08:14Z,PT4H13M32S,2022-02-02T20:26:43Z
Eu872uzsNwA,House Education (02/02/22),yes,Education,2022-02-02,title,yes,2022-02-02 08:57:06,2022-02-02T13:57:06Z,2022-02-02T20:08:37Z,PT6H11M38S,2022-02-02T20:54:32Z
EuvWXGTPF6I,House Commerce and Consumer Affairs (02/02/22),yes,Commerce and Consumer Affairs,2022-02-02,title,yes,2022-02-02 08:57:01,2022-02-02T13:57:01Z,2022-02-02T20:17:14Z,PT6H16M57S,2022-02-02T21:25:39Z
W87lh2HRrPs,House Finance - Division II (02/02/22),yes,Finance - Division II,2022-02-02,title,yes,2022-02-02 10:00:37,2022-02-02T15:00:37Z,2022-02-02T16:56:24Z,PT1H55M37S,2022-02-03T05:04:13Z
prs2FIE-eGM,House Election Law (02/02/22),yes,Election Law,2022-02-02,title,yes,2022-02-02 09:30:27,2022-02-02T14:30:27Z,2022-02-02T17:18:12Z,PT2H45M52S,2022-02-03T05:28:26Z
BE6R4Vi5qxc,House Public Works and Highways (02/03/22),yes,Public Works and Highways,2022-02-03,title,yes,2022-02-03 09:30:32,2022-02-03T14:30:32Z,2022-02-03T16:29:14Z,PT1H58M14S,2022-02-03T16:37:57Z
evKrx5kDiWU,House Election Law (02/03/22),yes,Election Law,2022-02-03,title,yes,2022-02-03 09:30:06,2022-02-03T14:30:06Z,2022-02-03T17:36:57Z,PT3H6M16S,2022-02-03T17:51:07Z
XvXusiA0j2I,House Municipal and County Government (02/03/22),yes,Municipal and County Government,2022-02-03,title,yes,2022-02-03 09:00:07,2022-02-03T14:00:07Z,2022-02-03T18:09:48Z,PT4H9M5S,2022-02-03T18:35:48Z
GAy_hOTl-6M,House Commerce and Consumer Affairs (02/03/22),yes,Commerce and Consumer Affairs,2022-02-03,title,yes,2022-02-03 09:59:47,2022-02-03T14:59:47Z,2022-02-03T19:56:17Z,PT4H55M52S,2022-02-03T20:09:28Z
YHW7GuTN_ns,House Education (02/03/22),yes,Education,2022-02-03,title,yes,2022-02-03 09:00:07,2022-02-03T14:00:07Z,2022-02-03T20:48:01Z,PT6H47M48S,2022-02-03T21:11:40Z
vbyn79EyRK4,House Judiciary (02/03/22),yes,Judiciary,2022-02-03,title,yes,2022-02-03 09:00:06,2022-02-03T14:00:06Z,2022-02-03T21:07:16Z,PT7H6M51S,2022-02-03T21:54:07Z
3Qca6TCggm0,"House Labor, Industrial, and Rehabilitative Services (02/03/22)",yes,"Labor, Industrial, and Rehabilitative Services",2022-02-03,title,yes,2022-02-03 09:59:38,2022-02-03T14:59:38Z,2022-02-03T21:40:34Z,PT6H40M40S,2022-02-03T22:10:13Z
V4i5GwJT_Rs,House Municipal and County Government (02/07/22),yes,Municipal and County Government,2022-02-07,title,yes,2022-02-07 08:59:22,2022-02-07T13:59:22Z,2022-02-07T18:36:39Z,PT4H37M22S,2022-02-07T19:02:41Z
PESG-D0dOas,House Executive Departments and Administration (02/07/22),yes,Executive Departments and Administration,2022-02-07,title,yes,2022-02-07 10:15:51,2022-02-07T15:15:51Z,2022-02-07T20:12:20Z,PT4H56M15S,2022-02-07T20:36:12Z
gxMY92MkW5Q,"House Health, Human Services and Elderly Affairs (02/07/22)",yes,"Health, Human Services and Elderly Affairs",2022-02-07,title,yes,2022-02-07 09:33:46,2022-02-07T14:33:46Z,2022-02-07T21:34:05Z,PT7H7S,2022-02-07T22:20:22Z
6TxnotsnYhc,House Education (02/07/22),yes,Education,2022-02-07,title,yes,2022-02-07 09:59:56,2022-02-07T14:59:56Z,2022-02-07T16:56:18Z,PT1H56M24S,2022-02-08T05:07:00Z
55w6BTDUHiQ,"House Science, Technology and Energy (02/07/22)",yes,"Science, Technology and Energy",2022-02-07,title,yes,2022-02-07 12:29:01,2022-02-07T17:29:01Z,2022-02-07T21:04:32Z,PT3H35M41S,2022-02-08T09:17:02Z
PODDwH6CueM,House Transportation (02/08/22),yes,Transportation,2022-02-08,title,yes,2022-02-08 09:29:57,2022-02-08T14:29:57Z,2022-02-08T20:34:38Z,PT6H4M39S,2022-02-08T20:54:20Z
NPFtf65bPQU,"House Health, Human Services and Elderly Affairs (02/08/22)",yes,"Health, Human Services and Elderly Affairs",2022-02-08,title,yes,2022-02-08 09:30:37,2022-02-08T14:30:37Z,2022-02-08T20:24:50Z,PT5H52M52S,2022-02-08T20:59:15Z
fK7T0zsENkc,House Children and Family Law (02/08/22),yes,Children and Family Law,2022-02-08,title,yes,2022-02-08 08:59:16,2022-02-08T13:59:16Z,2022-02-08T20:36:17Z,PT6H37M11S,2022-02-08T21:04:14Z
tu5c_bCSDF4,House Education (02/08/22),yes,Education,2022-02-08,title,yes,2022-02-08 08:59:26,2022-02-08T13:59:26Z,2022-02-08T20:52:19Z,PT6H52M41S,2022-02-08T22:07:58Z
e5BDyuEZiiU,House Executive Departments and Administration (02/08/22),yes,Executive Departments and Administration,2022-02-08,title,yes,2022-02-08 08:59:37,2022-02-08T13:59:37Z,2022-02-08T22:04:13Z,PT8H4M18S,2022-02-08T22:40:23Z
B9RrxsogHfY,"House Science, Technology and Energy (02/08/22)",yes,"Science, Technology and Energy",2022-02-08,title,yes,2022-02-08 08:59:27,2022-02-08T13:59:27Z,2022-02-08T20:53:44Z,PT6H54M26S,2022-02-09T00:21:59Z
SAxBucp0i_k,House Environment and Agriculture (02/08/22),yes,Environment and Agriculture,2022-02-08,title,yes,2022-02-08 10:02:27,2022-02-08T15:02:27Z,2022-02-08T16:44:13Z,PT1H41M33S,2022-02-09T04:51:28Z
Gng3MZkuXEA,House Judiciary (02/09/22),yes,Judiciary,2022-02-09,title,yes,2022-02-09 09:00:28,2022-02-09T14:00:28Z,2022-02-09T19:19:12Z,PT5H18M54S,2022-02-09T19:42:03Z
DSafXuGd1HA,House Municipal and County Government (02/09/22),yes,Municipal and County Government,2022-02-09,title,yes,2022-02-09 08:58:46,2022-02-09T13:58:46Z,2022-02-09T19:19:52Z,PT5H21M16S,2022-02-09T19:47:55Z
JpYlcMyr8Fs,House Children and Family Law (02/09/22),yes,Children and Family Law,2022-02-09,title,yes,2022-02-09 08:58:47,2022-02-09T13:58:47Z,2022-02-09T19:21:13Z,PT5H22M36S,2022-02-09T19:51:36Z
yXklgiubOSo,House Education (02/09/22),yes,Education,2022-02-09,title,yes,2022-02-09 08:58:57,2022-02-09T13:58:57Z,2022-02-09T20:38:30Z,PT6H39M46S,2022-02-09T21:02:04Z
XNzW7TinlcQ,"House Resources, Recreation and Development (02/09/22)",yes,"Resources, Recreation and Development",2022-02-09,title,yes,2022-02-09 09:58:57,2022-02-09T14:58:57Z,2022-02-09T21:18:22Z,PT6H18M40S,2022-02-09T21:52:42Z
8mSTBckrE0c,House Criminal Justice and Public Safety (02/09/22),yes,Criminal Justice and Public Safety,2022-02-09,title,yes,2022-02-09 09:00:16,2022-02-09T14:00:16Z,2022-02-09T23:07:12Z,PT9H6M40S,2022-02-09T23:38:43Z
Tcq3HcHTlBE,House Commerce and Consumer Affairs (02/09/22),yes,Commerce and Consumer Affairs,2022-02-09,title,yes,2022-02-09 09:58:52,2022-02-09T14:58:52Z,2022-02-09T18:41:28Z,PT3H42M36S,2022-02-10T06:59:40Z
aE9bpF13zCU,House Election Law (02/10/22),yes,Election Law,2022-02-10,title,yes,2022-02-10 09:29:38,2022-02-10T14:29:38Z,2022-02-10T18:46:25Z,PT4H16M46S,2022-02-10T19:07:57Z
70-Jcf6H6Cc,House Public Works and Highways (02/10/22),yes,Public Works and Highways,2022-02-10,title,yes,2022-02-10 09:29:01,2022-02-10T14:29:01Z,2022-02-10T19:13:14Z,PT4H43M58S,2022-02-10T19:56:10Z
PpdL97dm_Zc,"House Labor, Industrial, and Rehabilitative Services (02/10/22)",yes,"Labor, Industrial, and Rehabilitative Services",2022-02-10,title,yes,2022-02-10 09:29:11,2022-02-10T14:29:11Z,2022-02-10T19:39:06Z,PT5H10M6S,2022-02-10T19:56:18Z
iU5945AdrVI,House Commerce and Consumer Affairs (02/10/22),yes,Commerce and Consumer Affairs,2022-02-10,title,yes,2022-02-10 09:59:21,2022-02-10T14:59:21Z,2022-02-10T19:55:52Z,PT4H56M32S,2022-02-10T20:16:33Z
C_QPTd4fv6o,House Judiciary (02/10/22),yes,Judiciary,2022-02-10,title,yes,2022-02-10 08:59:36,2022-02-10T13:59:36Z,2022-02-10T20:18:27Z,PT6H18M46S,2022-02-10T20:38:24Z
kTWMOT-FfVI,House Ways and Means (02/10/22),yes,Ways and Means,2022-02-10,title,yes,2022-02-10 09:29:16,2022-02-10T14:29:16Z,2022-02-10T16:13:54Z,PT1H44M36S,2022-02-11T04:20:51Z
tMXsceeu3oI,House Education (02/10/22),yes,Education,2022-02-10,title,yes,2022-02-10 08:59:16,2022-02-10T13:59:16Z,2022-02-10T17:45:25Z,PT3H46M21S,2022-02-11T06:04:14Z
NaYtQNIMRFQ,House Finance - Division III (02/11/22),yes,Finance - Division III,2022-02-11,title,yes,2022-02-11 09:59:12,2022-02-11T14:59:12Z,2022-02-11T17:51:40Z,PT2H52M18S,2022-02-12T06:08:05Z
Iv1ZDkTyPbQ,"House Health, Human Services and Elderly Affairs (02/14/22)",yes,"Health, Human Services and Elderly Affairs",2022-02-14,title,yes,2022-02-14 09:30:36,2022-02-14T14:30:36Z,2022-02-14T20:55:17Z,PT6H24M28S,2022-02-14T22:09:14Z
ierVCqnlVmQ,House Executive Departments and Administration (02/14/22),yes,Executive Departments and Administration,2022-02-14,title,yes,2022-02-14 08:59:57,2022-02-14T13:59:57Z,2022-02-14T16:13:59Z,PT2H14M16S,2022-02-15T04:25:12Z
U45JcoEDONA,"House Science, Technology and Energy (02/14/22)",yes,"Science, Technology and Energy",2022-02-14,title,yes,2022-02-14 09:59:51,2022-02-14T14:59:51Z,2022-02-14T16:59:20Z,PT1H59M41S,2022-02-15T05:08:46Z
5W5uZA-V8ss,"House Health, Human Services and Elderly Affairs (02/15/22)",yes,"Health, Human Services and Elderly Affairs",2022-02-15,title,yes,2022-02-15 08:30:42,2022-02-15T13:30:42Z,2022-02-15T22:09:18Z,PT8H37M50S,2022-02-15T22:38:54Z
d20axVxbvNk,House Municipal and County Government (02/15/22),yes,Municipal and County Government,2022-02-15,title,yes,2022-02-15 08:59:17,2022-02-15T13:59:17Z,2022-02-15T22:01:57Z,PT8H2M25S,2022-02-15T22:42:17Z
BHkpUMLvQao,House Education (02/15/22),yes,Education,2022-02-15,title,yes,2022-02-15 09:29:42,2022-02-15T14:29:42Z,2022-02-15T22:22:17Z,PT7H52M36S,2022-02-15T22:57:37Z
vDMGzk_HrHY,House Children and Family Law (02/15/22),yes,Children and Family Law,2022-02-15,title,yes,2022-02-15 09:59:41,2022-02-15T14:59:41Z,2022-02-15T18:55:21Z,PT3H55M51S,2022-02-16T07:10:37Z
tgP5ZEw7b14,House Executive Departments and Administration (02/15/22),yes,Executive Departments and Administration,2022-02-15,title,yes,2022-02-15 12:57:42,2022-02-15T17:57:42Z,2022-02-15T19:15:27Z,PT1H17M56S,2022-02-16T07:21:16Z
mf3ZtV79pEE,House Session (02/16/2022),yes,Session,2022-02-16,title,NO,,,,PT3H55M24S,2022-02-18T18:50:56Z
7P3VpmI9j_k,House Session (02/17/2022),yes,Session,2022-02-17,title,NO,,,,PT6H1M4S,2022-02-18T19:37:46Z
URnaAOKWPXg,Administrative Rules (02/18/22),yes,Administrative Rules,2022-02-18,title,yes,2022-02-18 08:53:12,2022-02-18T13:53:12Z,2022-02-18T15:16:57Z,PT1H22M34S,2022-02-19T03:22:07Z
gq2ZhPAYv_M,House Judiciary (02/18/22),yes,Judiciary,2022-02-18,title,yes,2022-02-18 08:59:56,2022-02-18T13:59:56Z,2022-02-18T17:37:00Z,PT3H35M59S,2022-02-19T05:53:03Z
yOHrWqLnXPA,Fiscal Committee (02/18/22),yes,Fiscal Committee,2022-02-18,title,yes,2022-02-18 09:59:28,2022-02-18T14:59:28Z,2022-02-18T17:50:47Z,PT2H51M15S,2022-02-19T06:02:52Z
p3J3OhQ55rM,House Municipal and County Government (02/22/22),yes,Municipal and County Government,2022-02-22,title,yes,2022-02-22 08:59:06,2022-02-22T13:59:06Z,2022-02-22T18:56:21Z,PT4H57M11S,2022-02-22T19:16:10Z
DxLaBNG7row,House Education (02/22/22),yes,Education,2022-02-22,title,yes,2022-02-22 08:59:37,2022-02-22T13:59:37Z,2022-02-22T19:24:04Z,PT5H24M35S,2022-02-22T19:45:27Z
AevWXCjr2Xg,House Transportation (02/22/22),yes,Transportation,2022-02-22,title,yes,2022-02-22 08:59:42,2022-02-22T13:59:42Z,2022-02-22T20:32:58Z,PT6H33M3S,2022-02-22T21:04:55Z
fhrz8j1GptI,"House Health, Human Services and Elderly Affairs (02/22/22)",yes,"Health, Human Services and Elderly Affairs",2022-02-22,title,yes,2022-02-22 08:29:52,2022-02-22T13:29:52Z,2022-02-22T21:55:27Z,PT8H25M13S,2022-02-22T22:37:16Z
8DIwX00tnfE,House Children and Family Law (02/22/22),yes,Children and Family Law,2022-02-22,title,yes,2022-02-22 10:00:06,2022-02-22T15:00:06Z,2022-02-22T15:15:34Z,PT15M25S,2022-02-23T03:16:58Z
c1GEuBVzkOE,"House Science, Technology and Energy (02/22/22)",yes,"Science, Technology and Energy",2022-02-22,title,yes,2022-02-22 10:00:12,2022-02-22T15:00:12Z,2022-02-22T16:35:43Z,PT1H35M31S,2022-02-23T04:42:14Z
Ggkrf6zWDbE,House Environment and Agriculture (02/22/22),yes,Environment and Agriculture,2022-02-22,title,yes,2022-02-22 10:29:42,2022-02-22T15:29:42Z,2022-02-22T17:02:33Z,PT1H33M,2022-02-23T05:09:43Z
9lW-4j27DSg,"House Resources, Recreation and Development (02/23/22)",yes,"Resources, Recreation and Development",2022-02-23,title,yes,2022-02-23 09:59:49,2022-02-23T14:59:49Z,2022-02-23T19:03:29Z,PT4H3M53S,2022-02-23T19:27:27Z
h1sp3pc8I9Q,House Municipal and County Government (02/23/22),yes,Municipal and County Government,2022-02-23,title,yes,2022-02-23 08:59:41,2022-02-23T13:59:41Z,2022-02-23T19:05:01Z,PT5H5M19S,2022-02-23T19:36:32Z
q3JMd3u-dM8,House Education (02/23/22),yes,Education,2022-02-23,title,yes,2022-02-23 08:59:22,2022-02-23T13:59:22Z,2022-02-23T20:28:06Z,PT6H28M56S,2022-02-23T20:59:03Z
5QkdBVihaBU,House Criminal Justice and Public Safety (02/23/22),yes,Criminal Justice and Public Safety,2022-02-23,title,yes,2022-02-23 08:59:16,2022-02-23T13:59:16Z,2022-02-23T21:12:50Z,PT7H13M19S,2022-02-23T21:45:31Z
wdGcZFXa5mA,House Legislative Administration (02/23/22),yes,Legislative Administration,2022-02-23,title,yes,2022-02-23 08:59:52,2022-02-23T13:59:52Z,2022-02-23T15:55:53Z,PT1H55M58S,2022-02-24T04:05:11Z
bEmqFgdZIng,Joint Legislative Performance Audit and Oversight Committee (02/23/22),yes,Joint Legislative Performance Audit and Oversight Committee,2022-02-23,title,yes,2022-02-23 11:59:42,2022-02-23T16:59:42Z,2022-02-23T17:53:12Z,PT53M41S,2022-02-24T05:57:10Z
RoDbNkjSf5A,House Election Law (02/23/22),yes,Election Law,2022-02-23,title,yes,2022-02-23 09:29:11,2022-02-23T14:29:11Z,2022-02-23T18:08:30Z,PT3H39M19S,2022-02-24T06:24:40Z
uoNPC6LIjjg,House Ways and Means (02/24/22),yes,Ways and Means,2022-02-24,title,yes,2022-02-24 09:29:07,2022-02-24T14:29:07Z,2022-02-24T18:30:09Z,PT4H1M11S,2022-02-24T18:53:46Z
BamRivSih30,House Commerce and Consumer Affairs (02/24/22),yes,Commerce and Consumer Affairs,2022-02-24,title,yes,2022-02-24 09:00:01,2022-02-24T14:00:01Z,2022-02-24T19:40:31Z,PT5H40M41S,2022-02-24T20:16:25Z
NbX26UHaEc0,"House Labor, Industrial and Rehabilitative Services (02/24/22)",yes,"Labor, Industrial and Rehabilitative Services",2022-02-24,title,yes,2022-02-24 09:29:06,2022-02-24T14:29:06Z,2022-02-24T20:26:57Z,PT5H57M59S,2022-02-24T20:47:00Z
zCtiTOQXC3U,House Education (02/24/22),yes,Education,2022-02-24,title,yes,2022-02-24 09:00:01,2022-02-24T14:00:01Z,2022-02-24T20:21:55Z,PT6H21M29S,2022-02-24T20:56:36Z
kupG8955d9M,House Public Works and Highways (02/24/22),yes,Public Works and Highways,2022-02-24,title,yes,2022-02-24 09:28:52,2022-02-24T14:28:52Z,2022-02-24T15:19:52Z,PT51M11S,2022-02-25T03:24:15Z
u7dcOx-EFro,Finance Division III (02/24/22),yes,Finance Division III,2022-02-24,title,yes,2022-02-24 09:59:12,2022-02-24T14:59:12Z,2022-02-24T18:58:39Z,PT3H59M9S,2022-02-25T07:19:44Z
k332Z6Afl8k,House Education (02/25/22),yes,Education,2022-02-25,title,yes,2022-02-25 09:01:11,2022-02-25T14:01:11Z,2022-02-25T18:18:57Z,PT4H15M30S,2022-02-25T18:40:05Z
qkFNVwI5DBA,"House Science, Technology and Energy (02/28/22)",yes,"Science, Technology and Energy",2022-02-28,title,yes,2022-02-28 09:59:12,2022-02-28T14:59:12Z,2022-02-28T20:06:42Z,PT5H6M58S,2022-02-28T20:30:22Z
-pjFhvfNAWQ,House Municipal and County Government (2/28/22),yes,Municipal and County Government,2022-02-28,title,yes,2022-02-28 08:59:37,2022-02-28T13:59:37Z,2022-02-28T15:36:04Z,PT1H36M14S,2022-03-01T03:44:11Z
nEuzAw09zbQ,House Children and Family Law (03/01/22),yes,Children and Family Law,2022-03-01,title,yes,2022-03-01 08:59:32,2022-03-01T13:59:32Z,2022-03-01T18:18:02Z,PT4H18M32S,2022-03-01T18:37:38Z
xBPN9M25ZkE,House Transportation (03/01/22),yes,Transportation,2022-03-01,title,yes,2022-03-01 08:59:32,2022-03-01T13:59:32Z,2022-03-01T20:12:49Z,PT6H13M17S,2022-03-01T20:45:03Z
7vMrTgdV5PI,"House Science, Technology and Energy (03/01/22)",yes,"Science, Technology and Energy",2022-03-01,title,yes,2022-03-01 09:59:32,2022-03-01T14:59:32Z,2022-03-01T20:44:19Z,PT5H44M51S,2022-03-01T21:17:01Z
20HZMFTsUMA,House Finance Division III (03/01/22),yes,Finance Division III,2022-03-01,title,yes,2022-03-01 12:59:37,2022-03-01T17:59:37Z,2022-03-01T22:23:26Z,PT4H23M39S,2022-03-01T22:46:31Z
uZBJgWF1w5w,House Finance Division II (03/01/22),yes,Finance Division II,2022-03-01,title,yes,2022-03-01 09:59:47,2022-03-01T14:59:47Z,2022-03-01T15:43:51Z,PT44M10S,2022-03-02T03:47:58Z
mggDsfO7Fsk,House Executive Departments and Administration (03/01/22),yes,Executive Departments and Administration,2022-03-01,title,yes,2022-03-01 10:05:52,2022-03-01T15:05:52Z,2022-03-01T15:50:57Z,PT45M6S,2022-03-02T03:54:09Z
U_rOeZ69G2g,House Municipal and County Government (03/01/22),yes,Municipal and County Government,2022-03-01,title,yes,2022-03-01 08:59:32,2022-03-01T13:59:32Z,2022-03-01T16:33:58Z,PT2H34M20S,2022-03-02T04:49:38Z
nKxiFgMPr5E,House Environment and Agriculture (03/01/22),yes,Environment and Agriculture,2022-03-01,title,yes,2022-03-01 10:16:17,2022-03-01T15:16:17Z,2022-03-01T17:08:34Z,PT1H52M26S,2022-03-02T05:16:15Z
pU7jLUaLrd8,House Criminal Justice and Public Safety (03/02/22),yes,Criminal Justice and Public Safety,2022-03-02,title,yes,2022-03-02 10:00:02,2022-03-02T15:00:02Z,2022-03-02T21:05:39Z,PT6H5M21S,2022-03-02T21:31:23Z
ok8qrwl1--Y,House Commerce and Consumer Affairs (03/03/22),yes,Commerce and Consumer Affairs,2022-03-03,title,yes,2022-03-03 09:59:51,2022-03-03T14:59:51Z,2022-03-03T19:49:46Z,PT4H49M50S,2022-03-03T20:28:41Z
g2dmMIV406w,House Ways and Means (03/03/22),yes,Ways and Means,2022-03-03,title,yes,2022-03-03 09:29:47,2022-03-03T14:29:47Z,2022-03-03T22:14:20Z,PT7H44M18S,2022-03-03T22:50:51Z
5FB9sY3tDAQ,House Finance Division III (03/03/22),yes,Finance Division III,2022-03-03,title,yes,2022-03-03 14:11:51,2022-03-03T19:11:51Z,2022-03-03T21:10:39Z,PT1H58M56S,2022-03-04T09:21:27Z
UhtHjnUdWcg,Decorum in the House Chamber/Mock Session (03/03/22),yes,Decorum in the House Chamber/Mock Session,2022-03-03,title,yes,2022-03-03 15:00:06,2022-03-03T20:00:06Z,2022-03-03T21:18:48Z,PT1H18M36S,2022-03-04T09:23:37Z
E7owvmqFAIM,House Session (01/06/2022),yes,Session,2022-01-06,title,NO,,,,PT8H30M7S,2022-03-04T18:02:00Z
aQ5stqce5sA,House Ways and Means: Joint Economic Briefing (03/04/22),yes,Ways and Means: Joint Economic Briefing,2022-03-04,title,yes,2022-03-04 09:01:47,2022-03-04T14:01:47Z,2022-03-04T19:52:04Z,PT5H50M26S,2022-03-04T20:17:48Z
3XNazot7f3U,House Session (01/05/2022),yes,Session,2022-01-05,title,NO,,,,PT7H14M1S,2022-03-04T20:51:12Z
pJMQPEpLkRQ,House Executive Departments and Administration (03/07/22),yes,Executive Departments and Administration,2022-03-07,title,yes,2022-03-07 09:29:07,2022-03-07T14:29:07Z,2022-03-07T20:49:56Z,PT6H19M43S,2022-03-07T21:30:31Z
lumOTh5HBjY,"House Health, Human Services and Elderly Affairs (03/07/22)",yes,"Health, Human Services and Elderly Affairs",2022-03-07,title,yes,2022-03-07 09:29:01,2022-03-07T14:29:01Z,2022-03-07T21:56:57Z,PT7H27M15S,2022-03-07T22:32:57Z
qNFGU949rO8,House Education (03/07/22),yes,Education,2022-03-07,title,yes,2022-03-07 08:59:22,2022-03-07T13:59:22Z,2022-03-07T22:00:46Z,PT7H50M38S,2022-03-07T22:37:23Z
9z_JqbpDH3Y,"House Science, Technology and Energy (03/07/22)",yes,"Science, Technology and Energy",2022-03-07,title,yes,2022-03-07 10:00:32,2022-03-07T15:00:32Z,2022-03-07T17:10:03Z,PT2H9M20S,2022-03-08T05:18:33Z
PpkJCZqVGgY,"House Health, Human Services and Elderly Affairs (03/08/22)",yes,"Health, Human Services and Elderly Affairs",2022-03-08,title,yes,2022-03-08 09:29:42,2022-03-08T14:29:42Z,2022-03-08T19:42:29Z,PT5H12M39S,2022-03-08T20:07:16Z
h_8xr5eRe7M,House Education (03/08/22),yes,Education,2022-03-08,title,yes,2022-03-08 09:00:22,2022-03-08T14:00:22Z,2022-03-08T22:12:44Z,PT8H11M28S,2022-03-08T22:53:46Z
i82Vrc4kksA,House Finance (03/08/22),yes,Finance,2022-03-08,title,yes,2022-03-08 09:59:41,2022-03-08T14:59:41Z,2022-03-08T18:33:16Z,PT3H33M38S,2022-03-09T06:56:09Z
HQlF5QnqA9M,House Election Law (03/09/22),yes,Election Law,2022-03-09,title,yes,2022-03-09 08:58:47,2022-03-09T13:58:47Z,2022-03-09T18:40:52Z,PT4H35M44S,2022-03-09T19:01:31Z
aWn2-j_KEuc,"House Labor, Industrial and Rehabilitative Services (03/09/22)",yes,"Labor, Industrial and Rehabilitative Services",2022-03-09,title,yes,2022-03-09 10:02:42,2022-03-09T15:02:42Z,2022-03-09T17:11:02Z,PT2H8M31S,2022-03-10T05:21:45Z
gUMmst4htqY,House Ways and Means (03/09/22),yes,Ways and Means,2022-03-09,title,yes,2022-03-09 09:59:52,2022-03-09T14:59:52Z,2022-03-09T18:21:49Z,PT3H21M49S,2022-03-10T06:36:27Z
SL5lirylACw,House Finance - Division I (03/09/22),yes,Finance - Division I,2022-03-09,title,yes,2022-03-09 10:59:27,2022-03-09T15:59:27Z,2022-03-09T18:21:53Z,PT2H22M35S,2022-03-10T06:36:44Z
Iz4tFnU_QKo,House Finance - Division I (03/09/22 Afternoon Session),NO,,,title,yes,2022-03-09 14:00:52,2022-03-09T19:00:52Z,2022-03-09T19:48:22Z,PT45M41S,2022-03-10T07:50:07Z
kNMw1AXgU88,House Session (03/10/22),yes,Session,2022-03-10,title,yes,2022-03-10 09:00:06,2022-03-10T14:00:06Z,2022-03-10T19:46:39Z,PT5H46M6S,2022-03-10T20:05:35Z
Y2QYYQaBS2Q,House Finance - Division III (03/14/22),yes,Finance - Division III,2022-03-14,title,yes,2022-03-14 10:04:41,2022-03-14T14:04:41Z,2022-03-14T20:35:07Z,PT6H30M22S,2022-03-14T21:07:19Z
DDJGl7WKxXc,House Ways and Means (03/14/22),yes,Ways and Means,2022-03-14,title,yes,2022-03-14 09:58:46,2022-03-14T13:58:46Z,2022-03-14T16:34:05Z,PT2H35M6S,2022-03-15T04:43:55Z
CCV1KjnZ2Ow,House Finance - Division I (03/14/22),yes,Finance - Division I,2022-03-14,title,yes,2022-03-14 09:58:42,2022-03-14T13:58:42Z,2022-03-14T17:49:43Z,PT3H51M1S,2022-03-15T06:21:35Z
wzYbXtmMTpU,House Finance - Division II (03/14/22),yes,Finance - Division II,2022-03-14,title,yes,2022-03-14 13:00:13,2022-03-14T17:00:13Z,2022-03-14T19:32:31Z,PT2H32M21S,2022-03-15T07:43:44Z
Medc4-ij5A4,House Session (03/15/22),yes,Session,2022-03-15,title,yes,2022-03-15 10:07:46,2022-03-15T14:07:46Z,2022-03-15T22:40:42Z,PT8H32M41S,2022-03-15T23:26:24Z
f1qHK0PxBTY,House Session (03/16/22) (Livestream),yes,Session,2022-03-16,title,yes,2022-03-16 09:00:06,2022-03-16T13:00:06Z,2022-03-17T01:46:25Z,PT11H54M59S,2022-03-17T07:58:13Z
pSaF4qRZ0sw,House Session 03/16/2022 (Entire Session),NO,,,title,NO,,,,PT10H30M31S,2022-03-18T02:20:02Z
RZwAIW3--kg,House Session (03/17/22) (Livestream),yes,Session,2022-03-17,title,yes,2022-03-17 09:00:21,2022-03-17T13:00:21Z,2022-03-18T01:20:04Z,PT11H54M58S,2022-03-18T02:25:44Z
-fNKJkMc1i4,House Session 03/17/2022 (Entire Session),NO,,,title,NO,,,,PT10H4M13S,2022-03-18T22:04:02Z
Q0Y2Ft8YRMM,Administrative Rules (03/18/22),yes,Administrative Rules,2022-03-18,title,yes,2022-03-18 08:52:22,2022-03-18T12:52:22Z,2022-03-18T13:22:42Z,PT30M31S,2022-03-19T01:25:30Z
7cNuOfO78kk,Fiscal Committee (03/18/22),yes,Fiscal Committee,2022-03-18,title,yes,2022-03-18 10:00:46,2022-03-18T14:00:46Z,2022-03-18T16:45:12Z,PT2H44M36S,2022-03-19T04:57:21Z
xvO9y8xzbeU,House Ways and Means (03/18/22),yes,Ways and Means,2022-03-18,title,yes,2022-03-18 10:00:47,2022-03-18T14:00:47Z,2022-03-18T17:39:36Z,PT3H38M46S,2022-03-19T05:54:46Z
wx0s54B8rs8,House Ways and Means (03/21/22),yes,Ways and Means,2022-03-21,title,yes,2022-03-21 10:00:01,2022-03-21T14:00:01Z,2022-03-21T20:11:04Z,PT6H11M16S,2022-03-21T20:44:42Z
BywjkKBfhV4,House Finance - Division II (03/21/22),yes,Finance - Division II,2022-03-21,title,yes,2022-03-21 10:00:06,2022-03-21T14:00:06Z,2022-03-21T20:13:58Z,PT6H13M46S,2022-03-21T20:46:34Z
ZOWWvgC-eFM,House Finance - Division III (03/21/22),yes,Finance - Division III,2022-03-21,title,yes,2022-03-21 10:03:01,2022-03-21T14:03:01Z,2022-03-21T16:55:33Z,PT2H52M21S,2022-03-22T05:09:50Z
s2gzsOUe-WQ,House Finance (03/21/22),yes,Finance,2022-03-21,title,yes,2022-03-21 13:59:36,2022-03-21T17:59:36Z,2022-03-21T19:30:36Z,PT1H31M1S,2022-03-22T07:37:47Z
3vXRJDVa7tI,House Finance (03/23/22),yes,Finance,2022-03-23,title,yes,2022-03-23 09:59:32,2022-03-23T13:59:32Z,2022-03-23T19:04:07Z,PT5H4M46S,2022-03-23T19:25:18Z
ecYacGYaxjY,Health and Human Services Oversight Committee (03/25/22),yes,Health and Human Services Oversight Committee,2022-03-25,title,yes,2022-03-25 10:00:17,2022-03-25T14:00:17Z,2022-03-25T16:29:42Z,PT2H29M36S,2022-03-26T04:50:59Z
Z9B_wjrnUYE,Capital Budget Overview Committee (03/28/22),yes,Capital Budget Overview Committee,2022-03-28,title,yes,2022-03-28 10:23:38,2022-03-28T14:23:38Z,2022-03-28T14:28:05Z,PT3M12S,2022-03-28T14:29:00Z
5Az4iNBhH08,Long Range Capital Planning & Utilization Committee (03/28/22),yes,Long Range Capital Planning & Utilization Committee,2022-03-28,title,yes,2022-03-28 09:30:06,2022-03-28T13:30:06Z,2022-03-28T14:08:04Z,PT38M5S,2022-03-29T02:11:00Z
VbX4PUBhcas,House Session (03/31/22),yes,Session,2022-03-31,title,yes,2022-03-31 09:00:07,2022-03-31T13:00:07Z,2022-03-31T21:53:01Z,PT8H52M55S,2022-03-31T22:37:16Z
w09SPSOf844,House Executive Departments and Administration (04/05/22),yes,Executive Departments and Administration,2022-04-05,title,yes,2022-04-05 09:59:51,2022-04-05T13:59:51Z,2022-04-05T18:59:51Z,PT4H59M50S,2022-04-05T19:28:05Z
qGXOxVwqLKA,"House Health, Human Services and Elderly Affairs (04/05/22)",yes,"Health, Human Services and Elderly Affairs",2022-04-05,title,yes,2022-04-05 09:30:02,2022-04-05T13:30:02Z,2022-04-05T19:47:33Z,PT6H17M33S,2022-04-05T20:17:26Z
oQSldC57eDE,"House Science, Technology and Energy (04/05/22)",yes,"Science, Technology and Energy",2022-04-05,title,yes,2022-04-05 09:00:16,2022-04-05T13:00:16Z,2022-04-05T20:02:09Z,PT7H1M35S,2022-04-05T20:34:06Z
kElRwRNwREE,House Ways and Means (04/05/22),yes,Ways and Means,2022-04-05,title,yes,2022-04-05 10:03:46,2022-04-05T14:03:46Z,2022-04-05T16:56:44Z,PT2H52M41S,2022-04-06T05:09:16Z
EDVHZpZpvH0,House Environment and Agriculture (04/05/22),yes,Environment and Agriculture,2022-04-05,title,yes,2022-04-05 10:29:22,2022-04-05T14:29:22Z,2022-04-05T17:03:13Z,PT2H34M,2022-04-06T05:14:38Z
7QgSHJZU-LM,House Children and Family Law (04/05/22),yes,Children and Family Law,2022-04-05,title,yes,2022-04-05 10:02:06,2022-04-05T14:02:06Z,2022-04-05T17:23:53Z,PT3H21M56S,2022-04-06T05:39:42Z
eY4XkgF3AeI,House Finance (04/05/22),yes,Finance,2022-04-05,title,yes,2022-04-05 09:59:17,2022-04-05T13:59:17Z,2022-04-05T17:45:53Z,PT3H46M16S,2022-04-06T06:02:37Z
aZo2Dmjygek,House Finance Division I (04/05/22),yes,Finance Division I,2022-04-05,title,yes,2022-04-05 10:59:53,2022-04-05T14:59:53Z,2022-04-05T18:15:28Z,PT3H7M36S,2022-04-06T06:35:48Z
YEfZptkuYSA,House Finance Division III (04/05/22),yes,Finance Division III,2022-04-05,title,yes,2022-04-05 13:46:51,2022-04-05T17:46:51Z,2022-04-05T18:43:38Z,PT56M56S,2022-04-06T06:47:19Z
bR6f-NOoRfM,House Finance Division II (04/05/22),yes,Finance Division II,2022-04-05,title,yes,2022-04-05 11:48:56,2022-04-05T15:48:56Z,2022-04-05T19:03:54Z,PT3H15M6S,2022-04-06T07:18:00Z
EE--dRNNV5g,House Public Works and Highways (04/06/22),yes,Public Works and Highways,2022-04-06,title,yes,2022-04-06 09:58:52,2022-04-06T13:58:52Z,2022-04-06T18:02:03Z,PT4H3M13S,2022-04-06T18:20:10Z
x5S-Y4dJ8Ig,House Education (04/06/22),yes,Education,2022-04-06,title,yes,2022-04-06 09:20:47,2022-04-06T13:20:47Z,2022-04-06T19:01:25Z,PT5H39M46S,2022-04-06T19:36:14Z
T-EUc8gXgYg,House Judiciary (04/06/22),yes,Judiciary,2022-04-06,title,yes,2022-04-06 09:18:21,2022-04-06T13:18:21Z,2022-04-06T20:03:21Z,PT6H36M24S,2022-04-06T20:32:54Z
w5Il9HX376U,House Commerce and Consumer Affairs (04/06/22),yes,Commerce and Consumer Affairs,2022-04-06,title,yes,2022-04-06 10:00:36,2022-04-06T14:00:36Z,2022-04-06T19:58:26Z,PT5H51M21S,2022-04-06T20:35:23Z
DIL3sF60tsA,House Criminal Justice and Public Safety (04/06/22),yes,Criminal Justice and Public Safety,2022-04-06,title,yes,2022-04-06 09:19:26,2022-04-06T13:19:26Z,2022-04-06T20:31:21Z,PT7H1M12S,2022-04-06T21:01:14Z
xJ7BT6Q9gws,"House Resources, Recreation and Development (04/06/22)",yes,"Resources, Recreation and Development",2022-04-06,title,yes,2022-04-06 09:16:46,2022-04-06T13:16:46Z,2022-04-06T15:50:24Z,PT2H33M35S,2022-04-07T04:00:48Z
fa8Gc2II5s8,House Election Law (04/06/22),yes,Election Law,2022-04-06,title,yes,2022-04-06 09:29:47,2022-04-06T13:29:47Z,2022-04-06T15:55:16Z,PT2H25M40S,2022-04-07T04:07:12Z
cSVEsLWU4QA,House Judiciary (04/07/22),yes,Judiciary,2022-04-07,title,yes,2022-04-07 09:01:02,2022-04-07T13:01:02Z,2022-04-07T18:04:02Z,PT5H2M43S,2022-04-07T18:27:08Z
_whXgx1TfzM,House Commerce and Consumer Affairs (04/07/22),yes,Commerce and Consumer Affairs,2022-04-07,title,yes,2022-04-07 10:01:02,2022-04-07T14:01:02Z,2022-04-07T19:59:06Z,PT5H57M58S,2022-04-07T20:28:39Z
9cAnA_pFly4,House Municipal and County Government (04/07/22),yes,Municipal and County Government,2022-04-07,title,yes,2022-04-07 10:00:52,2022-04-07T14:00:52Z,2022-04-07T23:07:34Z,PT9H6M35S,2022-04-07T23:51:13Z
YVqSYjDWaxY,House Executive Departments and Administration (04/08/22),yes,Executive Departments and Administration,2022-04-08,title,yes,2022-04-08 10:00:03,2022-04-08T14:00:03Z,2022-04-08T18:02:52Z,PT4H2M46S,2022-04-08T18:32:05Z
1m3TEPPh76s,House Criminal Justice and Public Safety (04/08/22),yes,Criminal Justice and Public Safety,2022-04-08,title,yes,2022-04-08 09:00:02,2022-04-08T13:00:02Z,2022-04-08T20:28:51Z,PT7H26M20S,2022-04-08T21:17:50Z
DieY4ncosa4,House Election Law (04/08/22),yes,Election Law,2022-04-08,title,yes,2022-04-08 09:59:51,2022-04-08T13:59:51Z,2022-04-08T17:43:51Z,PT3H44M11S,2022-04-09T06:06:38Z
x9pzQyo6APM,House Education (04/11/22),yes,Education,2022-04-11,title,yes,2022-04-11 09:00:11,2022-04-11T13:00:11Z,2022-04-11T17:27:32Z,PT4H26M37S,2022-04-11T17:55:15Z
qtX4ISoFPfs,House Executive Departments and Administration (04/11/22),yes,Executive Departments and Administration,2022-04-11,title,yes,2022-04-11 09:59:51,2022-04-11T13:59:51Z,2022-04-11T18:10:50Z,PT4H11M9S,2022-04-11T18:34:10Z
SUYT3aB33Tk,"House Science, Technology and Energy (04/11/22)",yes,"Science, Technology and Energy",2022-04-11,title,yes,2022-04-11 09:00:01,2022-04-11T13:00:01Z,2022-04-11T20:08:56Z,PT7H8M32S,2022-04-11T20:56:57Z
_q3LVPLDqGs,House Fish and Game and Marine Resources (04/11/22),yes,Fish and Game and Marine Resources,2022-04-11,title,yes,2022-04-11 09:30:07,2022-04-11T13:30:07Z,2022-04-11T14:49:07Z,PT1H19M1S,2022-04-12T02:57:14Z
vXT8m1ZVvSY,House Transportation (04/12/22),yes,Transportation,2022-04-12,title,yes,2022-04-12 09:03:06,2022-04-12T13:03:06Z,2022-04-12T19:38:45Z,PT6H35M16S,2022-04-12T20:20:53Z
lnZgdLh-x2Y,House Environment and Agriculture (4/12/22),yes,Environment and Agriculture,2022-04-12,title,yes,2022-04-12 09:00:11,2022-04-12T13:00:11Z,2022-04-12T19:54:47Z,PT6H54M41S,2022-04-12T20:32:20Z
6AemWf6DG6M,House Children and Family Law (04/12/22),yes,Children and Family Law,2022-04-12,title,yes,2022-04-12 09:58:42,2022-04-12T13:58:42Z,2022-04-12T20:02:35Z,PT6H3M1S,2022-04-12T20:34:43Z
tjjMz2v8iao,House Executive Departments and Administration (04/12/22),yes,Executive Departments and Administration,2022-04-12,title,yes,2022-04-12 09:58:47,2022-04-12T13:58:47Z,2022-04-12T20:07:09Z,PT6H8M36S,2022-04-12T20:43:51Z
78bns4_5M6o,"House Science, Technology and Energy (04/12/22)",yes,"Science, Technology and Energy",2022-04-12,title,yes,2022-04-12 08:59:57,2022-04-12T12:59:57Z,2022-04-12T21:32:23Z,PT8H32M6S,2022-04-12T22:17:57Z
e9aJRL-1ob8,"House Health, Human Services and Elderly Affairs (04/12/22)",yes,"Health, Human Services and Elderly Affairs",2022-04-12,title,yes,2022-04-12 08:59:56,2022-04-12T12:59:56Z,2022-04-13T00:20:48Z,PT11H20M54S,2022-04-13T01:24:37Z
BBd3Ekba2dw,House Ways and Means (04/12/22),yes,Ways and Means,2022-04-12,title,yes,2022-04-12 09:58:52,2022-04-12T13:58:52Z,2022-04-12T16:12:33Z,PT2H13M50S,2022-04-13T04:23:32Z
y1hTC4tTYS0,House Commerce and Consumer Affairs (04/13/22),yes,Commerce and Consumer Affairs,2022-04-13,title,yes,2022-04-13 09:59:17,2022-04-13T13:59:17Z,2022-04-13T18:45:33Z,PT4H46M26S,2022-04-13T19:04:31Z
aXNGrqjx4qU,House Education (04/13/22),yes,Education,2022-04-13,title,yes,2022-04-13 10:04:21,2022-04-13T14:04:21Z,2022-04-13T20:29:20Z,PT6H24M46S,2022-04-13T21:09:17Z
4WmKWKETM50,House Criminal Justice and Public Safety (04/13/22),yes,Criminal Justice and Public Safety,2022-04-13,title,yes,2022-04-13 09:31:11,2022-04-13T13:31:11Z,2022-04-13T21:21:49Z,PT7H50M35S,2022-04-13T22:15:40Z
0pKRGPJ4mb8,House Judiciary (04/13/22),yes,Judiciary,2022-04-13,title,yes,2022-04-13 08:58:17,2022-04-13T12:58:17Z,2022-04-13T16:09:50Z,PT3H11M39S,2022-04-14T04:23:19Z
_Xd-jPtQCpM,House Election Law (04/13/22),yes,Election Law,2022-04-13,title,yes,2022-04-13 10:00:37,2022-04-13T14:00:37Z,2022-04-13T16:14:29Z,PT2H13M51S,2022-04-14T04:29:27Z
ysm62HY8_Lw,House Finance (04/13/22),yes,Finance,2022-04-13,title,yes,2022-04-13 09:59:12,2022-04-13T13:59:12Z,2022-04-13T17:31:32Z,PT3H32M31S,2022-04-14T06:06:17Z
4UFaCTU8sZo,House Finance Division I (04/13/22),yes,Finance Division I,2022-04-13,title,yes,2022-04-13 14:59:52,2022-04-13T18:59:52Z,2022-04-13T19:20:57Z,PT21M,2022-04-14T07:23:04Z
xiaMZQGDFm8,House Finance Division III (04/13/22),yes,Finance Division III,2022-04-13,title,yes,2022-04-13 14:59:52,2022-04-13T18:59:52Z,2022-04-13T19:33:33Z,PT33M51S,2022-04-14T07:38:36Z
qR0uCP8G0D8,House Finance Division II (04/13/22),yes,Finance Division II,2022-04-13,title,yes,2022-04-13 14:59:57,2022-04-13T18:59:57Z,2022-04-13T20:39:48Z,PT1H39M36S,2022-04-14T08:48:56Z
ytRt0DJDcn8,House Commerce and Consumer Affairs (04/14/22),yes,Commerce and Consumer Affairs,2022-04-14,title,yes,2022-04-14 10:01:21,2022-04-14T14:01:21Z,2022-04-14T15:44:25Z,PT1H42M55S,2022-04-15T03:51:10Z
yQnnkWb4DG4,House Ways and Means (04/14/22),yes,Ways and Means,2022-04-14,title,yes,2022-04-14 10:01:36,2022-04-14T14:01:36Z,2022-04-14T15:57:27Z,PT1H55M51S,2022-04-15T04:10:56Z
_hVgmaTpQLc,House Judiciary (04/14/22),yes,Judiciary,2022-04-14,title,yes,2022-04-14 09:00:16,2022-04-14T13:00:16Z,2022-04-14T15:56:52Z,PT2H56M31S,2022-04-15T04:12:24Z
KVnDalN8_4E,"House Labor, Industrial and Rehabilitative Services (04/14/22)",yes,"Labor, Industrial and Rehabilitative Services",2022-04-14,title,yes,2022-04-14 09:59:46,2022-04-14T13:59:46Z,2022-04-14T16:54:14Z,PT2H54M36S,2022-04-15T05:17:39Z
ZKHGHZSp3sA,House Special Committee on Redistricting (04/14/22),yes,Special Committee on Redistricting,2022-04-14,title,yes,2022-04-14 09:59:47,2022-04-14T13:59:47Z,2022-04-14T17:27:24Z,PT3H27M36S,2022-04-15T05:41:21Z
SzP3illKi9I,Administrative Rules (04/15/22),yes,Administrative Rules,2022-04-15,title,yes,2022-04-15 08:54:22,2022-04-15T12:54:22Z,2022-04-15T14:21:02Z,PT1H26M50S,2022-04-16T02:27:44Z
nO6Oa4EJ_lI,Fiscal Committee (04/15/22),yes,Fiscal Committee,2022-04-15,title,yes,2022-04-15 10:00:02,2022-04-15T14:00:02Z,2022-04-15T17:08:27Z,PT3H8M26S,2022-04-16T05:25:13Z
HjeVFQ1CMN0,House Executive Departments and Administration (04/15/22),yes,Executive Departments and Administration,2022-04-15,title,yes,2022-04-15 13:00:01,2022-04-15T17:00:01Z,2022-04-15T17:44:40Z,PT44M20S,2022-04-16T05:49:47Z
GHLFIDOUuaA,Finance Division III (04/18/22),yes,Finance Division III,2022-04-18,title,yes,2022-04-18 09:59:06,2022-04-18T13:59:06Z,2022-04-18T14:28:21Z,PT29M25S,2022-04-19T02:35:24Z
pA37Fzg7ivA,House Municipal and County Government (04/18/22),yes,Municipal and County Government,2022-04-18,title,yes,2022-04-18 10:00:07,2022-04-18T14:00:07Z,2022-04-18T15:39:03Z,PT1H38M55S,2022-04-19T03:49:38Z
c0EoSJMOouk,House Executive Departments and Administration (04/18),NO,,,title,yes,2022-04-18 09:55:52,2022-04-18T13:55:52Z,2022-04-18T17:30:50Z,PT3H35M11S,2022-04-19T05:50:18Z
jgaGNFfDdGk,House Executive Departments and Administration (04/19/22 9:30am Session),NO,,,title,yes,2022-04-19 09:29:33,2022-04-19T13:29:33Z,2022-04-19T13:35:40Z,PT6M5S,2022-04-19T13:37:26Z
ZDAgO420Evs,"House Health, Human Services and Elderly Affairs (04/19)",NO,,,title,yes,2022-04-19 09:20:17,2022-04-19T13:20:17Z,2022-04-19T18:56:08Z,PT5H34M22S,2022-04-19T19:26:30Z
PQh-Akvg1OA,House Executive Departments and Administration (04/19),NO,,,title,yes,2022-04-19 08:58:16,2022-04-19T12:58:16Z,2022-04-19T20:21:14Z,PT7H23M5S,2022-04-19T21:13:51Z
TAFktSAuZTQ,"House Science, Technology and Energy (04/19/22)",yes,"Science, Technology and Energy",2022-04-19,title,yes,2022-04-19 08:58:22,2022-04-19T12:58:22Z,2022-04-19T15:02:30Z,PT2H4M21S,2022-04-20T03:16:19Z
ryM-t7RORYQ,House State-Federal Relations and Veteran Affairs (04/19/22),yes,State-Federal Relations and Veteran Affairs,2022-04-19,title,yes,2022-04-19 09:58:37,2022-04-19T13:58:37Z,2022-04-19T15:15:37Z,PT1H16M56S,2022-04-20T03:28:04Z
6UlHjyakR90,House Finance Division II (04/19/22),yes,Finance Division II,2022-04-19,title,yes,2022-04-19 09:59:41,2022-04-19T13:59:41Z,2022-04-19T15:36:33Z,PT1H36M51S,2022-04-20T03:47:53Z
S7XPWmTJUh4,House Children and Family Law (04/19/22),yes,Children and Family Law,2022-04-19,title,yes,2022-04-19 09:59:06,2022-04-19T13:59:06Z,2022-04-19T15:42:10Z,PT1H43M6S,2022-04-20T03:51:41Z
69-3OqBfdp8,House Education (04/19/22),yes,Education,2022-04-19,title,yes,2022-04-19 09:59:17,2022-04-19T13:59:17Z,2022-04-19T17:11:30Z,PT3H12M9S,2022-04-20T05:29:18Z
WMC9K5Fts6w,House Finance Division II (04/19/22),yes,Finance Division II,2022-04-19,title,yes,2022-04-19 13:15:42,2022-04-19T17:15:42Z,2022-04-19T17:44:06Z,PT28M25S,2022-04-20T05:46:03Z
rJB5HkRW8zU,House Environment and Agriculture (04/19/22),yes,Environment and Agriculture,2022-04-19,title,yes,2022-04-19 13:00:02,2022-04-19T17:00:02Z,2022-04-19T18:45:29Z,PT1H45M36S,2022-04-20T06:54:13Z
WMLZt-pDwhk,House Commerce and Consumer Affairs (04/20/22),yes,Commerce and Consumer Affairs,2022-04-20,title,yes,2022-04-20 10:00:11,2022-04-20T14:00:11Z,2022-04-20T18:09:12Z,PT4H9M1S,2022-04-20T18:37:57Z
Fo71ajbWq60,House Executive Departments and Administration (04/20/22),yes,Executive Departments and Administration,2022-04-20,title,yes,2022-04-20 10:30:07,2022-04-20T14:30:07Z,2022-04-20T15:11:33Z,PT41M29S,2022-04-21T03:18:07Z
Td4IFzNxwXs,"House Resources, Recreation and Development (04/20)",NO,,,title,yes,2022-04-20 08:59:07,2022-04-20T12:59:07Z,2022-04-20T16:12:35Z,PT3H13M41S,2022-04-21T04:31:44Z
X9GPdFjwO-c,"House Labor, Industrial and Rehabilitative Services (04/20/22)",yes,"Labor, Industrial and Rehabilitative Services",2022-04-20,title,yes,2022-04-20 10:00:31,2022-04-20T14:00:31Z,2022-04-20T16:30:47Z,PT2H30M10S,2022-04-21T04:42:03Z
JHKZjSMGYKo,House Session (04/21/22),yes,Session,2022-04-21,title,yes,2022-04-21 09:01:07,2022-04-21T13:01:07Z,2022-04-21T19:58:13Z,PT6H56M59S,2022-04-21T20:33:50Z
rEfT5eICsMc,House Special Committee on Redistricting (04/22/22),yes,Special Committee on Redistricting,2022-04-22,title,yes,2022-04-22 09:59:11,2022-04-22T13:59:11Z,2022-04-22T15:44:43Z,PT1H45M30S,2022-04-23T03:52:24Z
KauEY3Zm3y4,House Health and Human Services Oversight Committee (04/22/22),yes,Health and Human Services Oversight Committee,2022-04-22,title,yes,2022-04-22 09:59:17,2022-04-22T13:59:17Z,2022-04-22T15:57:58Z,PT1H58M41S,2022-04-23T04:05:12Z
U4fygFWizc8,House Finance Division II (04/22/22),yes,Finance Division II,2022-04-22,title,yes,2022-04-22 12:59:22,2022-04-22T16:59:22Z,2022-04-22T18:27:13Z,PT1H28M1S,2022-04-23T06:33:18Z
0CQrUEZ8VxI,House Executive Departments and Administration (04/22/22),yes,Executive Departments and Administration,2022-04-22,title,yes,2022-04-22 14:44:16,2022-04-22T18:44:16Z,2022-04-22T19:35:16Z,PT51M11S,2022-04-23T07:39:09Z
QexkR_xww3Q,Finance Division III (04/22/22),yes,Finance Division III,2022-04-22,title,yes,2022-04-22 15:00:02,2022-04-22T19:00:02Z,2022-04-22T21:57:25Z,PT2H57M21S,2022-04-23T10:08:47Z
_jcp_KmjGgY,House Finance Division II (04/25/22),yes,Finance Division II,2022-04-25,title,yes,2022-04-25 09:57:31,2022-04-25T13:57:31Z,2022-04-25T18:18:27Z,PT4H20M47S,2022-04-25T18:34:54Z
9e1JJT-msEw,House Finance Division III (04/25/22),yes,Finance Division III,2022-04-25,title,yes,2022-04-25 12:59:57,2022-04-25T16:59:57Z,2022-04-25T21:32:20Z,PT4H32M20S,2022-04-25T21:54:00Z
SBChRe1RH60,House Executive Departments and Administration (04/25),NO,,,title,yes,2022-04-25 09:30:37,2022-04-25T13:30:37Z,2022-04-25T21:37:13Z,PT8H6M23S,2022-04-25T22:17:38Z
IWgnlnPpPIY,House Education (04/26/22),yes,Education,2022-04-26,title,yes,2022-04-26 08:59:07,2022-04-26T12:59:07Z,2022-04-26T18:17:23Z,PT5H17M51S,2022-04-26T18:41:22Z
JVMqyge4ISc,House Finance Division I (04/26/22),yes,Finance Division I,2022-04-26,title,yes,2022-04-26 11:29:32,2022-04-26T15:29:32Z,2022-04-26T19:31:11Z,PT4H1M36S,2022-04-26T19:54:05Z
6cKvw-vZpQo,"House Science, Technology and Energy (04/26)",NO,,,title,yes,2022-04-26 10:00:41,2022-04-26T14:00:41Z,2022-04-26T15:11:35Z,PT1H10M56S,2022-04-27T03:16:46Z
yoTpsCi4_B4,House Ways and Means (04/26/22),yes,Ways and Means,2022-04-26,title,yes,2022-04-26 09:58:16,2022-04-26T13:58:16Z,2022-04-26T15:23:56Z,PT1H25M51S,2022-04-27T03:29:27Z
OCInxxxUF1c,House Environment and Agriculture (04/26/22),yes,Environment and Agriculture,2022-04-26,title,yes,2022-04-26 09:58:22,2022-04-26T13:58:22Z,2022-04-26T15:34:59Z,PT1H36M19S,2022-04-27T03:42:10Z
YK0kONPmGAk,House Finance (04/26/22),yes,Finance,2022-04-26,title,yes,2022-04-26 08:58:32,2022-04-26T12:58:32Z,2022-04-26T15:54:48Z,PT2H55M49S,2022-04-27T04:04:59Z
ccgu7OXJNaM,House Transportation (04/26/22),yes,Transportation,2022-04-26,title,yes,2022-04-26 10:00:41,2022-04-26T14:00:41Z,2022-04-26T16:00:33Z,PT1H59M46S,2022-04-27T04:09:26Z
0wRIrLdy8uM,House Finance Division II (04/26/22),yes,Finance Division II,2022-04-26,title,yes,2022-04-26 12:59:37,2022-04-26T16:59:37Z,2022-04-26T19:28:01Z,PT2H28M26S,2022-04-27T07:39:12Z
kRp3AnjUBXo,House Finance Division III (04/26/22),yes,Finance Division III,2022-04-26,title,yes,2022-04-26 11:55:07,2022-04-26T15:55:07Z,2022-04-26T19:42:58Z,PT3H48M1S,2022-04-27T07:58:34Z
4M9Bhigvbvc,House Finance (04/27/22),yes,Finance,2022-04-27,title,yes,2022-04-27 15:00:11,2022-04-27T19:00:11Z,2022-04-27T23:12:46Z,PT4H12M36S,2022-04-27T23:35:38Z
UJG9ErywMm4,House Special Committee on Redistricting (04/27/22),yes,Special Committee on Redistricting,2022-04-27,title,yes,2022-04-27 10:00:21,2022-04-27T14:00:21Z,2022-04-27T15:18:06Z,PT1H17M46S,2022-04-28T03:26:50Z
y9MI8ZLzUGg,House Commerce and Consumer Affairs (04/27/22),yes,Commerce and Consumer Affairs,2022-04-27,title,yes,2022-04-27 10:00:07,2022-04-27T14:00:07Z,2022-04-27T16:01:04Z,PT2H46S,2022-04-28T04:08:21Z
3FswbwmmgKM,House Municipal and County Government (04/27/22),yes,Municipal and County Government,2022-04-27,title,yes,2022-04-27 10:00:12,2022-04-27T14:00:12Z,2022-04-27T16:20:22Z,PT2H20M11S,2022-04-28T04:28:57Z
OVNg99Jr5T4,House Finance Division II (04/27/22),yes,Finance Division II,2022-04-27,title,yes,2022-04-27 10:59:47,2022-04-27T14:59:47Z,2022-04-27T17:29:28Z,PT2H29M21S,2022-04-28T05:43:51Z
Hbv69TD5Kp8,House Finance Division III (04/27/22),yes,Finance Division III,2022-04-27,title,yes,2022-04-27 12:31:17,2022-04-27T16:31:17Z,2022-04-27T17:47:06Z,PT1H15M34S,2022-04-28T05:52:32Z
Boz-RFo6Nf8,House Session (05/04/22),yes,Session,2022-05-04,title,yes,2022-05-04 10:00:07,2022-05-04T14:00:07Z,2022-05-04T21:53:50Z,PT7H53M24S,2022-05-04T22:34:41Z
9pRUKAcHi_g,House Session (05/05/22),yes,Session,2022-05-05,title,yes,2022-05-05 09:02:22,2022-05-05T13:02:22Z,2022-05-05T18:57:53Z,PT5H55M30S,2022-05-05T19:26:45Z
jnPzW4c4Ccw,House Ways and Means (05/10/22),yes,Ways and Means,2022-05-10,title,yes,2022-05-10 10:01:02,2022-05-10T14:01:02Z,2022-05-10T18:51:58Z,PT4H50M41S,2022-05-10T19:13:28Z
Mg8zaxEXDDE,Joint Legislative Performance Audit and Oversight Committee (05/10/22),yes,Joint Legislative Performance Audit and Oversight Committee,2022-05-10,title,yes,2022-05-10 09:59:11,2022-05-10T13:59:11Z,2022-05-10T14:48:52Z,PT49M50S,2022-05-11T02:52:38Z
E6FpsNGtGEw,House Education (05/10/22),yes,Education,2022-05-10,title,yes,2022-05-10 12:59:42,2022-05-10T16:59:42Z,2022-05-10T18:51:49Z,PT1H51M38S,2022-05-11T06:59:39Z
9TSAwZxaNDc,House Session (05/12/22),yes,Session,2022-05-12,title,yes,2022-05-12 10:00:06,2022-05-12T14:00:06Z,2022-05-12T18:49:09Z,PT4H48M46S,2022-05-12T19:10:18Z
If8HUSNDOCs,Committee of Conference - HB1503 (05/13/2022),yes,Committee of Conference - HB1503,2022-05-13,title,yes,2022-05-13 15:31:11,2022-05-13T19:31:11Z,2022-05-13T19:49:28Z,PT18M16S,2022-05-13T19:51:46Z
UXiFlOHxJek,Committee of Conference - HB1661 (05/13/2022),yes,Committee of Conference - HB1661,2022-05-13,title,yes,2022-05-13 15:00:01,2022-05-13T19:00:01Z,2022-05-13T20:08:33Z,PT1H8M31S,2022-05-14T08:13:04Z
5svQK4wNOPg,Committee of Conference - LOB 205/207 (05/16/2022),yes,Committee of Conference - LOB 205/207,2022-05-16,title,yes,2022-05-16 08:59:41,2022-05-16T12:59:41Z,2022-05-16T18:49:31Z,PT5H50M1S,2022-05-16T19:17:58Z
AACN42ML7PM,Committee of Conference - LOB 201/203 (05/16/2022),yes,Committee of Conference - LOB 201/203,2022-05-16,title,yes,2022-05-16 09:59:47,2022-05-16T13:59:47Z,2022-05-16T14:14:57Z,PT15M21S,2022-05-17T02:17:38Z
6_NuqqAFs-A,Committee of Conference - LOB 301/303 (05/16/2022),yes,Committee of Conference - LOB 301/303,2022-05-16,title,yes,2022-05-16 08:59:37,2022-05-16T12:59:37Z,2022-05-16T16:23:14Z,PT3H23M46S,2022-05-17T04:40:36Z
jcvU1QyeJXs,Committee of Conference - LOB 305/307 (05/16/2022),yes,Committee of Conference - LOB 305/307,2022-05-16,title,yes,2022-05-16 09:57:42,2022-05-16T13:57:42Z,2022-05-16T17:41:35Z,PT3H44M1S,2022-05-17T05:58:01Z
cdCHpTR0k0s,Committee of Conference - LOB 205/207 (05/17/2022),yes,Committee of Conference - LOB 205/207,2022-05-17,title,yes,2022-05-17 08:59:16,2022-05-17T12:59:16Z,2022-05-17T19:28:26Z,PT6H27M13S,2022-05-17T20:04:07Z
geUTigvjSxU,Committee of Conference - LOB 202/204 (05/17/2022),yes,Committee of Conference - LOB 202/204,2022-05-17,title,yes,2022-05-17 09:31:36,2022-05-17T13:31:36Z,2022-05-17T20:25:52Z,PT6H53M9S,2022-05-17T20:55:16Z
BfXO8xd4OCA,Committee of Conference - LOB 306/308 (05/17/2022),yes,Committee of Conference - LOB 306/308,2022-05-17,title,yes,2022-05-17 09:59:41,2022-05-17T13:59:41Z,2022-05-17T14:44:58Z,PT44M57S,2022-05-18T02:49:02Z
CsXC58kIEgo,Committee of Conference - LOB 206/208 (05/17/2022),yes,Committee of Conference - LOB 206/208,2022-05-17,title,yes,2022-05-17 14:01:22,2022-05-17T18:01:22Z,2022-05-17T18:47:45Z,PT46M36S,2022-05-18T06:51:07Z
BjJrjxILf5c,Committee of Conference - LOB 201/203 (05/18/2022),yes,Committee of Conference - LOB 201/203,2022-05-18,title,yes,2022-05-18 09:03:42,2022-05-18T13:03:42Z,2022-05-18T18:39:06Z,PT5H35M16S,2022-05-18T19:06:02Z
bEITUt8ypzo,Committee of Conference - LOB 306/308 (05/18/2022),yes,Committee of Conference - LOB 306/308,2022-05-18,title,yes,2022-05-18 10:34:52,2022-05-18T14:34:52Z,2022-05-18T19:59:25Z,PT5H24M29S,2022-05-18T20:42:43Z
3XZ-rP9LQb0,Committee of Conference - LOB 202/204 (05/18/2022),yes,Committee of Conference - LOB 202/204,2022-05-18,title,yes,2022-05-18 10:00:11,2022-05-18T14:00:11Z,2022-05-18T20:13:35Z,PT6H12M5S,2022-05-18T21:00:32Z
7IDL3ZDygVg,Committee of Conference - LOB 210/211 (05/18/2022),yes,Committee of Conference - LOB 210/211,2022-05-18,title,yes,2022-05-18 09:29:57,2022-05-18T13:29:57Z,2022-05-18T14:04:51Z,PT34M55S,2022-05-19T02:08:08Z
vafr9gQJsok,Committee of Conference - LOB 305/307 (05/18/2022),yes,Committee of Conference - LOB 305/307,2022-05-18,title,yes,2022-05-18 08:59:37,2022-05-18T12:59:37Z,2022-05-18T16:00:55Z,PT3H1M31S,2022-05-19T04:16:40Z
8gs5mg2REmI,Committee of Conference - LOB 210/211 (05/19/2022),yes,Committee of Conference - LOB 210/211,2022-05-19,title,yes,2022-05-19 09:00:03,2022-05-19T13:00:03Z,2022-05-19T18:34:35Z,PT5H34M36S,2022-05-19T19:02:07Z
7cTbCChrQps,Committee of Conference - LOB 201/203 (05/19/2022),yes,Committee of Conference - LOB 201/203,2022-05-19,title,yes,2022-05-19 10:00:12,2022-05-19T14:00:12Z,2022-05-19T19:57:49Z,PT5H57M46S,2022-05-19T20:29:06Z
LfFtfMm-__s,Committee of Conference - LOB 202/204 (05/19/2022),yes,Committee of Conference - LOB 202/204,2022-05-19,title,yes,2022-05-19 08:59:36,2022-05-19T12:59:36Z,2022-05-19T13:28:34Z,PT28M56S,2022-05-20T01:39:55Z
Jm6MNPJcpYc,Committee of Conference - LOB 205/207 (05/19/2022),yes,Committee of Conference - LOB 205/207,2022-05-19,title,yes,2022-05-19 10:00:12,2022-05-19T14:00:12Z,2022-05-19T14:05:36Z,PT5M35S,2022-05-20T02:07:09Z
RV6V2uCU2Ek,Committee of Conference - LOB 206/208 (05/19/2022),yes,Committee of Conference - LOB 206/208,2022-05-19,title,yes,2022-05-19 10:03:47,2022-05-19T14:03:47Z,2022-05-19T14:07:16Z,PT3M26S,2022-05-20T02:07:39Z
x3ygO71Esww,Administrative Rules (05/20/22),yes,Administrative Rules,2022-05-20,title,yes,2022-05-20 08:50:57,2022-05-20T12:50:57Z,2022-05-20T13:53:56Z,PT1H3M11S,2022-05-21T01:59:04Z
gK2JE4HyCJc,Fiscal Committee (05/20/22),yes,Fiscal Committee,2022-05-20,title,yes,2022-05-20 09:59:46,2022-05-20T13:59:46Z,2022-05-20T16:39:20Z,PT2H39M46S,2022-05-21T04:54:56Z
YyJGxgwu3O0,Capital Budget Overview Committee (05/23/22),yes,Capital Budget Overview Committee,2022-05-23,title,yes,2022-05-23 10:13:42,2022-05-23T14:13:42Z,2022-05-23T14:19:32Z,PT5M46S,2022-05-23T14:25:27Z
TLf2jNmXpDA,Long Range Capital Planning & Utilization Committee (05/23/22),yes,Long Range Capital Planning & Utilization Committee,2022-05-23,title,yes,2022-05-23 09:29:57,2022-05-23T13:29:57Z,2022-05-23T13:58:58Z,PT28M56S,2022-05-24T02:01:56Z
UV2DOz319WI,House Fish and Game and Marine Resources (05/23/22),yes,Fish and Game and Marine Resources,2022-05-23,title,yes,2022-05-23 09:59:56,2022-05-23T13:59:56Z,2022-05-23T15:28:39Z,PT1H28M46S,2022-05-24T03:38:19Z
ZLVwfnSYN_g,Joint Committee on Tax Expenditure Review (05/23/22),yes,Joint Committee on Tax Expenditure Review,2022-05-23,title,yes,2022-05-23 10:59:33,2022-05-23T14:59:33Z,2022-05-23T15:38:07Z,PT38M46S,2022-05-24T03:42:31Z
LZcrsdD1BRQ,House Executive Departments and Administration (05/24/22),yes,Executive Departments and Administration,2022-05-24,title,yes,2022-05-24 10:29:56,2022-05-24T14:29:56Z,2022-05-24T14:57:13Z,PT27M25S,2022-05-25T02:59:55Z
XEiEzzumdZM,"House Science, Technology and Energy (05/24/22)",yes,"Science, Technology and Energy",2022-05-24,title,yes,2022-05-24 09:59:56,2022-05-24T13:59:56Z,2022-05-24T15:31:36Z,PT1H31M36S,2022-05-25T03:40:42Z
gXXF1wamBYU,House Session (05/26/22),yes,Session,2022-05-26,title,yes,2022-05-26 10:01:52,2022-05-26T14:01:52Z,2022-05-26T19:24:11Z,PT5H20M46S,2022-05-26T20:35:19Z
ZeFsUU3Nb28,"House Science, Technology and Energy (05/31/22)",yes,"Science, Technology and Energy",2022-05-31,title,yes,2022-05-31 09:59:56,2022-05-31T13:59:56Z,2022-05-31T18:36:41Z,PT4H36M46S,2022-05-31T18:58:55Z
HTYKjYXcxno,House Criminal Justice and Public Safety (06/02/22),yes,Criminal Justice and Public Safety,2022-06-02,title,yes,2022-06-02 10:01:12,2022-06-02T14:01:12Z,2022-06-02T15:07:03Z,PT1H5M51S,2022-06-03T03:12:04Z
IvNzAxEDGAs,"House Health, Human Services and Elderly Affairs (06/06/22)",yes,"Health, Human Services and Elderly Affairs",2022-06-06,title,yes,2022-06-06 09:29:41,2022-06-06T13:29:41Z,2022-06-06T16:05:21Z,PT2H35M51S,2022-06-07T04:18:03Z
1AOjoAleGgk,House Education (06/07/22),yes,Education,2022-06-07,title,yes,2022-06-07 12:59:47,2022-06-07T16:59:47Z,2022-06-07T17:58:45Z,PT58M55S,2022-06-08T06:02:54Z
P4g4sDU6Ykg,House Judiciary (06/08/22),yes,Judiciary,2022-06-08,title,yes,2022-06-08 09:00:37,2022-06-08T13:00:37Z,2022-06-08T14:21:11Z,PT1H20M46S,2022-06-09T02:26:40Z
oghtb8f6sOI,House Education (06/13/22),yes,Education,2022-06-13,title,yes,2022-06-13 12:59:02,2022-06-13T16:59:02Z,2022-06-13T18:06:17Z,PT1H7M16S,2022-06-14T06:10:56Z
L_IBLHhMN2I,House Legislative Administration (06/14/22),yes,Legislative Administration,2022-06-14,title,yes,2022-06-14 09:59:22,2022-06-14T13:59:22Z,2022-06-14T16:14:11Z,PT2H14M51S,2022-06-15T04:22:11Z
HTyeKF3EOFg,House Executive Departments and Administration (06/15/22),yes,Executive Departments and Administration,2022-06-15,title,yes,2022-06-15 09:59:37,2022-06-15T13:59:37Z,2022-06-15T18:17:51Z,PT4H18M11S,2022-06-15T18:36:37Z
8Ny38NCErU0,House Judiciary (06/15/22),yes,Judiciary,2022-06-15,title,yes,2022-06-15 12:58:23,2022-06-15T16:58:23Z,2022-06-15T18:59:11Z,PT2H1M1S,2022-06-16T07:08:11Z
HxQ4XNQppwQ,Administrative Rules (06/16/22),yes,Administrative Rules,2022-06-16,title,yes,2022-06-16 08:54:52,2022-06-16T12:54:52Z,2022-06-16T14:11:15Z,PT1H16M34S,2022-06-17T02:22:13Z
zLaFL_a-MsU,House Election Law (06/16/22),yes,Election Law,2022-06-16,title,yes,2022-06-16 09:59:17,2022-06-16T13:59:17Z,2022-06-16T15:32:54Z,PT1H32M14S,2022-06-17T03:38:09Z
-vLsQU7lpgk,Fiscal Committee (06/17/22),yes,Fiscal Committee,2022-06-17,title,yes,2022-06-17 09:59:26,2022-06-17T13:59:26Z,2022-06-17T15:57:43Z,PT1H58M16S,2022-06-18T04:06:37Z
YVugyXaoz1M,Governor's Capital Budget Hearing (06/20/22),yes,Governor's Capital Budget Hearing,2022-06-20,title,yes,2022-06-20 09:00:32,2022-06-20T13:00:32Z,2022-06-20T18:16:03Z,PT5H15M31S,2022-06-20T18:37:10Z
dExk-lLnXII,House Finance Division II (06/21/22),yes,Finance Division II,2022-06-21,title,yes,2022-06-21 09:57:27,2022-06-21T13:57:27Z,2022-06-21T18:03:32Z,PT4H5M33S,2022-06-21T18:26:41Z
lvfV4vQpVcc,Governor's Capital Budget Hearing (06/21/22),yes,Governor's Capital Budget Hearing,2022-06-21,title,yes,2022-06-21 08:58:56,2022-06-21T12:58:56Z,2022-06-21T15:39:11Z,PT2H40M7S,2022-06-22T03:48:50Z
knYCQ-rk8vs,House Executive Departments and Administration (06/22/22),yes,Executive Departments and Administration,2022-06-22,title,yes,2022-06-22 09:29:21,2022-06-22T13:29:21Z,2022-06-22T14:30:24Z,PT1H1M,2022-06-23T02:35:08Z
B28JSAm_C9Q,"House Resources, Recreation and Development (06/22/22)",yes,"Resources, Recreation and Development",2022-06-22,title,yes,2022-06-22 10:00:17,2022-06-22T14:00:17Z,2022-06-22T16:25:41Z,PT2H25M15S,2022-06-23T04:45:29Z
EWNznJWHJt0,House Education (06/23/22),yes,Education,2022-06-23,title,yes,2022-06-23 10:29:47,2022-06-23T14:29:47Z,2022-06-23T18:35:04Z,PT4H5M16S,2022-06-23T18:54:25Z
Wzj4LrqBBME,House Health and Human Services Oversight Committee (06/24/22),yes,Health and Human Services Oversight Committee,2022-06-24,title,yes,2022-06-24 09:59:40,2022-06-24T13:59:40Z,2022-06-24T16:16:30Z,PT2H16M58S,2022-06-25T04:25:38Z
SD1vjX49PMw,House Executive Departments and Administration (06/28/22),yes,Executive Departments and Administration,2022-06-28,title,yes,2022-06-28 13:00:03,2022-06-28T17:00:03Z,2022-06-28T17:44:36Z,PT44M45S,2022-06-29T05:48:13Z
IsJmPGAviJU,Capital Budget Overview Committee (07/13/22),yes,Capital Budget Overview Committee,2022-07-13,title,yes,2022-07-13 09:26:37,2022-07-13T13:26:37Z,2022-07-13T13:38:50Z,PT12M20S,2022-07-13T13:40:35Z
zYoxyHB1QqQ,Long Range Capital Planning & Utilization Committee (07/13/22),yes,Long Range Capital Planning & Utilization Committee,2022-07-13,title,yes,2022-07-13 09:43:47,2022-07-13T13:43:47Z,2022-07-13T14:04:27Z,PT20M50S,2022-07-14T02:07:21Z
DtPh9fQkaYU,Administrative Rules (07/21/22),yes,Administrative Rules,2022-07-21,title,yes,2022-07-21 08:52:46,2022-07-21T12:52:46Z,2022-07-21T14:23:27Z,PT1H30M40S,2022-07-22T02:30:34Z
Cs1Oa4JUWVQ,Fiscal Committee (07/22/22),yes,Fiscal Committee,2022-07-22,title,yes,2022-07-22 09:59:12,2022-07-22T13:59:12Z,2022-07-22T15:55:21Z,PT1H56M5S,2022-07-23T04:01:43Z
_yyVmLJMQ9c,Fiscal Committee (08/10/22),yes,Fiscal Committee,2022-08-10,title,yes,2022-08-10 09:59:27,2022-08-10T13:59:27Z,2022-08-10T16:40:14Z,PT2H40M45S,2022-08-11T04:48:22Z
czVUxEGqKEM,Administrative Rules (08/18/22),yes,Administrative Rules,2022-08-18,title,yes,2022-08-18 08:53:07,2022-08-18T12:53:07Z,2022-08-18T13:32:48Z,PT39M51S,2022-08-19T01:35:43Z
1flSTWl2MfY,Fiscal Committee (09/06/22),yes,Fiscal Committee,2022-09-06,title,yes,2022-09-06 09:59:32,2022-09-06T13:59:32Z,2022-09-06T15:35:17Z,PT1H35M35S,2022-09-07T03:41:07Z
Y2k6ZiRTDxY,House Finance (09/07/22),yes,Finance,2022-09-07,title,yes,2022-09-07 12:59:41,2022-09-07T16:59:41Z,2022-09-07T17:23:10Z,PT23M26S,2022-09-08T05:24:47Z
tU3NCPzcMIM,Fiscal Committee (09/09/22),yes,Fiscal Committee,2022-09-09,title,yes,2022-09-09 09:59:02,2022-09-09T13:59:02Z,2022-09-09T17:34:18Z,PT3H35M26S,2022-09-10T05:49:31Z
dMzP2v6SmZg,House Judiciary (09/14/22),yes,Judiciary,2022-09-14,title,yes,2022-09-14 12:59:11,2022-09-14T16:59:11Z,2022-09-14T19:35:13Z,PT2H36M10S,2022-09-15T07:46:09Z
rl97nCTktbc,House Education (09/14/22),yes,Education,2022-09-14,title,yes,2022-09-14 13:59:56,2022-09-14T17:59:56Z,2022-09-14T20:04:51Z,PT2H4M36S,2022-09-15T08:13:38Z
wSDVnKZc7K0,House Session (09/15/22),yes,Session,2022-09-15,title,yes,2022-09-15 13:00:11,2022-09-15T17:00:11Z,2022-09-15T20:01:04Z,PT3H56S,2022-09-16T08:15:34Z
pMD0OOCpWj4,House Public Works and Highways (09/14/22),yes,Public Works and Highways,2022-09-14,title,yes,2022-09-15 15:41:02,2022-09-15T19:41:02Z,2022-09-15T20:25:43Z,PT44M31S,2022-09-16T08:37:17Z
_lnXoJwS65M,Administrative Rules (09/16/22),yes,Administrative Rules,2022-09-16,title,yes,2022-09-16 08:54:26,2022-09-16T12:54:26Z,2022-09-16T15:34:03Z,PT2H39M1S,2022-09-17T03:44:07Z
sQOhPz4pxDg,House Health and Human Services Oversight Committee (09/16/22),yes,Health and Human Services Oversight Committee,2022-09-16,title,yes,2022-09-16 10:01:26,2022-09-16T14:01:26Z,2022-09-16T16:31:57Z,PT2H30M41S,2022-09-17T04:42:53Z
6Qb87RYfNPg,Capital Budget Overview Committee (09/19/22),yes,Capital Budget Overview Committee,2022-09-19,title,yes,2022-09-19 10:13:56,2022-09-19T14:13:56Z,2022-09-19T14:22:01Z,PT7M46S,2022-09-19T14:22:57Z
0yFqTGqbgv8,Long Range Capital Planning & Utilization Committee (09/19/22),yes,Long Range Capital Planning & Utilization Committee,2022-09-19,title,yes,2022-09-19 09:28:37,2022-09-19T13:28:37Z,2022-09-19T14:04:05Z,PT35M26S,2022-09-20T02:06:53Z
hsZmr7sW9js,House Ways and Means (09/20/22),yes,Ways and Means,2022-09-20,title,yes,2022-09-20 08:59:17,2022-09-20T12:59:17Z,2022-09-20T15:01:33Z,PT2H1M56S,2022-09-21T03:10:13Z
-u-QkNmqeZs,House Education (09/20/22),yes,Education,2022-09-20,title,yes,2022-09-20 08:59:37,2022-09-20T12:59:37Z,2022-09-20T16:45:52Z,PT3H46M26S,2022-09-21T05:00:40Z
4qmjpxZh0-I,House Executive Departments and Administration (09/21/22),yes,Executive Departments and Administration,2022-09-21,title,yes,2022-09-21 10:29:21,2022-09-21T14:29:21Z,2022-09-21T15:52:44Z,PT1H23M20S,2022-09-22T03:59:59Z
Liml5-f_ILQ,House Education (09/22/22),yes,Education,2022-09-22,title,yes,2022-09-22 10:00:07,2022-09-22T14:00:07Z,2022-09-22T16:11:12Z,PT2H11M16S,2022-09-23T04:18:19Z
Adqqv_nvozc,"House Science, Technology and Energy (09/26/22)",yes,"Science, Technology and Energy",2022-09-26,title,yes,2022-09-26 10:00:02,2022-09-26T14:00:02Z,2022-09-26T16:16:11Z,PT2H16M21S,2022-09-27T04:23:54Z
C_0cF7OgnY4,House Children and Family Law (09/27/22),yes,Children and Family Law,2022-09-27,title,yes,2022-09-27 09:59:16,2022-09-27T13:59:16Z,2022-09-27T14:18:49Z,PT19M40S,2022-09-28T02:21:00Z
Rcn0EwRlVS8,"House Science, Technology and Energy (09/27/22)",yes,"Science, Technology and Energy",2022-09-27,title,yes,2022-09-27 09:58:26,2022-09-27T13:58:26Z,2022-09-27T14:32:09Z,PT33M40S,2022-09-28T02:34:27Z
VFWY6eDKYJE,House Executive Departments and Administration (09/28/22),yes,Executive Departments and Administration,2022-09-28,title,yes,2022-09-28 09:59:17,2022-09-28T13:59:17Z,2022-09-28T14:46:24Z,PT47M16S,2022-09-29T02:49:51Z
_uxgXML9nm8,House Judiciary (09/28/22),yes,Judiciary,2022-09-28,title,yes,2022-09-28 13:00:41,2022-09-28T17:00:41Z,2022-09-28T19:07:37Z,PT2H6M56S,2022-09-29T07:15:12Z
bo6oTXSRYrA,House Health and Human Services Oversight Committee (10/03/22),yes,Health and Human Services Oversight Committee,2022-10-03,title,yes,2022-10-03 10:00:36,2022-10-03T14:00:36Z,2022-10-03T19:18:51Z,PT5H18M9S,2022-10-03T19:40:01Z
8ZqiIb6SgHU,House Education (10/03/22),yes,Education,2022-10-03,title,yes,2022-10-03 13:00:47,2022-10-03T17:00:47Z,2022-10-03T18:19:42Z,PT1H18M51S,2022-10-04T06:25:02Z
aeu8_11T3c0,"House Resources, Recreation and Development (10/04/22)",yes,"Resources, Recreation and Development",2022-10-04,title,yes,2022-10-04 09:29:41,2022-10-04T13:29:41Z,2022-10-04T14:23:38Z,PT54M6S,2022-10-05T02:28:24Z
LYjaidFqi14,House Transportation (10/04/22),yes,Transportation,2022-10-04,title,yes,2022-10-04 09:59:16,2022-10-04T13:59:16Z,2022-10-04T15:02:58Z,PT1H3M50S,2022-10-05T03:07:48Z
_PmOleAapmw,"House Science, Technology and Energy (10/04/22)",yes,"Science, Technology and Energy",2022-10-04,title,yes,2022-10-04 12:59:37,2022-10-04T16:59:37Z,2022-10-04T17:43:32Z,PT44M6S,2022-10-05T05:46:26Z
mvxsNUymN3w,House Executive Departments and Administration (10/05/22),yes,Executive Departments and Administration,2022-10-05,title,yes,2022-10-05 13:00:02,2022-10-05T17:00:02Z,2022-10-05T17:34:05Z,PT33M56S,2022-10-06T05:36:11Z
ao84oJ3MKpM,Administrative Rules (10/06/22),yes,Administrative Rules,2022-10-06,title,yes,2022-10-06 08:55:42,2022-10-06T12:55:42Z,2022-10-06T13:11:10Z,PT15M40S,2022-10-07T01:12:20Z
LsRfuWywHO0,House Environment and Agriculture (10/06),NO,,,title,yes,2022-10-06 10:29:16,2022-10-06T14:29:16Z,2022-10-06T15:29:53Z,PT1H46S,2022-10-07T03:34:07Z
5ouXi42sbh8,"House Science, Technology and Energy (10/06/22)",yes,"Science, Technology and Energy",2022-10-06,title,yes,2022-10-06 10:00:11,2022-10-06T14:00:11Z,2022-10-06T16:06:15Z,PT2H5M40S,2022-10-07T04:12:17Z
1GK_D73A7_k,House Education (10/06/22),yes,Education,2022-10-06,title,yes,2022-10-06 14:00:27,2022-10-06T18:00:27Z,2022-10-06T19:51:51Z,PT1H51M26S,2022-10-07T07:57:51Z
pYbKUrnGz2A,House Municipal and County Government (10/11/22),yes,Municipal and County Government,2022-10-11,title,yes,2022-10-11 09:58:58,2022-10-11T13:58:58Z,2022-10-11T15:06:01Z,PT1H7M1S,2022-10-12T03:10:17Z
O6pLoa2M1nE,House Education (10/11/22),yes,Education,2022-10-11,title,yes,2022-10-11 09:00:37,2022-10-11T13:00:37Z,2022-10-11T15:16:24Z,PT2H15M58S,2022-10-12T03:26:06Z
44ei8bzN4aM,House Commerce and Consumer Affairs (10/12/22),yes,Commerce and Consumer Affairs,2022-10-12,title,yes,2022-10-12 09:59:37,2022-10-12T13:59:37Z,2022-10-12T18:29:04Z,PT4H29M31S,2022-10-12T18:47:09Z
yxsA2y_Govg,"House Resource, Recreation and Development (10/12/22)",yes,"Resource, Recreation and Development",2022-10-12,title,yes,2022-10-12 08:59:57,2022-10-12T12:59:57Z,2022-10-12T18:46:09Z,PT5H46M11S,2022-10-12T19:07:50Z
-TAWHc6FgAQ,House Education (10/12/22),yes,Education,2022-10-12,title,yes,2022-10-12 09:29:21,2022-10-12T13:29:21Z,2022-10-12T16:09:32Z,PT2H40M8S,2022-10-13T04:17:33Z
p8iuzN6J2xE,House Commerce and Consumer Affairs (10/13/22),yes,Commerce and Consumer Affairs,2022-10-13,title,yes,2022-10-13 09:59:26,2022-10-13T13:59:26Z,2022-10-13T18:11:17Z,PT4H11M41S,2022-10-13T18:26:35Z
ZUGEfunsac0,"House Labor, Industrial and Rehabilitative Services (10/13/22)",yes,"Labor, Industrial and Rehabilitative Services",2022-10-13,title,yes,2022-10-13 09:59:52,2022-10-13T13:59:52Z,2022-10-13T14:54:55Z,PT55M1S,2022-10-14T02:58:11Z
rYAZ-gEvurs,Fiscal Committee (10/14/22),yes,Fiscal Committee,2022-10-14,title,yes,2022-10-14 09:59:17,2022-10-14T13:59:17Z,2022-10-14T17:02:03Z,PT3H2M46S,2022-10-15T05:12:45Z
ALVpvL-DMYY,House Health and Human Services Oversight Committee (10/17/22),yes,Health and Human Services Oversight Committee,2022-10-17,title,yes,2022-10-17 10:04:57,2022-10-17T14:04:57Z,2022-10-17T15:49:50Z,PT1H44M50S,2022-10-18T03:55:02Z
X1WjMEnrBe8,House Health and Human Services Oversight Committee (Afternoon Session - 10/17/22),NO,,,title,yes,2022-10-17 12:59:16,2022-10-17T16:59:16Z,2022-10-17T18:42:48Z,PT1H43M31S,2022-10-18T06:48:31Z
7C7ZojaU_BE,House State-Federal Relations and Veterans Affairs (10/18/22),yes,State-Federal Relations and Veterans Affairs,2022-10-18,title,yes,2022-10-18 09:58:22,2022-10-18T13:58:22Z,2022-10-18T14:57:25Z,PT59M5S,2022-10-19T08:48:35Z
u1LgFIOMD-g,House Environment and Agriculture (10/18/22),yes,Environment and Agriculture,2022-10-18,title,yes,2022-10-18 08:59:22,2022-10-18T12:59:22Z,2022-10-18T14:25:30Z,PT1H26M20S,2022-10-19T08:55:22Z
3QyQgxaqlUk,House Judiciary (10/18/22),yes,Judiciary,2022-10-18,title,yes,2022-10-18 13:00:08,2022-10-18T17:00:08Z,2022-10-18T18:52:29Z,PT1H52M21S,2022-10-19T10:43:03Z
cIA1hpzG8DI,House Legislative Administration (10/19/22),yes,Legislative Administration,2022-10-19,title,yes,2022-10-19 09:59:27,2022-10-19T13:59:27Z,2022-10-19T14:11:01Z,PT11M31S,2022-10-20T02:11:46Z
5okG7TS09xc,House Commerce and Consumer Affairs (10/19/22),yes,Commerce and Consumer Affairs,2022-10-19,title,yes,2022-10-19 10:00:07,2022-10-19T14:00:07Z,2022-10-19T15:20:43Z,PT1H20M26S,2022-10-20T03:25:20Z
gYQdqTevapI,"House Resources, Recreation and Development (10/19/22)",yes,"Resources, Recreation and Development",2022-10-19,title,yes,2022-10-19 09:59:22,2022-10-19T13:59:22Z,2022-10-19T16:38:19Z,PT2H39M6S,2022-10-20T04:47:22Z
YouM5fkXEqI,Administrative Rules (10/20),NO,,,title,yes,2022-10-20 08:57:12,2022-10-20T12:57:12Z,2022-10-20T14:30:34Z,PT1H33M21S,2022-10-21T02:35:57Z
AL8bVTxCmHE,House Education (10/24/22),yes,Education,2022-10-24,title,yes,2022-10-24 09:00:06,2022-10-24T13:00:06Z,2022-10-24T15:54:33Z,PT2H54M25S,2022-10-25T04:03:13Z
TcsYW3Z8cXs,House Special Committee on Redistricting (10/25/22),yes,Special Committee on Redistricting,2022-10-25,title,yes,2022-10-25 14:59:52,2022-10-25T18:59:52Z,2022-10-25T19:09:53Z,PT10M11S,2022-10-25T19:12:03Z
zW9k7L6SMys,House Environment and Agriculture (10/25/22),yes,Environment and Agriculture,2022-10-25,title,yes,2022-10-25 10:29:31,2022-10-25T14:29:31Z,2022-10-25T15:10:02Z,PT40M26S,2022-10-26T03:12:49Z
BfcH-WnUSn8,Health and Human Services Oversight Committee (10/28/22),yes,Health and Human Services Oversight Committee,2022-10-28,title,yes,2022-10-28 09:59:47,2022-10-28T13:59:47Z,2022-10-28T16:09:41Z,PT2H10M6S,2022-10-29T04:18:06Z
YMGdWTw-L1E,House Health and Human Services Oversight Committee (10/31/22),yes,Health and Human Services Oversight Committee,2022-10-31,title,yes,2022-10-31 09:59:56,2022-10-31T13:59:56Z,2022-10-31T19:33:00Z,PT5H32M51S,2022-10-31T19:52:44Z
xMTk8IXluvg,Joint Legislative Performance Audit and Oversight Committee (11/10/2022),yes,Joint Legislative Performance Audit and Oversight Committee,2022-11-10,title,yes,2022-11-10 10:59:42,2022-11-10T15:59:42Z,2022-11-10T16:22:03Z,PT22M31S,2022-11-11T04:23:44Z
8K8LCa3os_o,Administrative Rules (11/17),NO,,,title,yes,2022-11-17 08:55:21,2022-11-17T13:55:21Z,2022-11-17T15:02:05Z,PT1H6M50S,2022-11-18T03:06:02Z
vp92uvsR8VQ,Fiscal Committee (11/18),NO,,,title,yes,2022-11-18 09:59:37,2022-11-18T14:59:37Z,2022-11-18T16:47:56Z,PT1H48M21S,2022-11-19T04:53:23Z
MN2OWG9faVE,House Health and Human Services Oversight Committee (11/18/22),yes,Health and Human Services Oversight Committee,2022-11-18,title,yes,2022-11-18 12:59:17,2022-11-18T17:59:17Z,2022-11-18T19:59:20Z,PT2H6S,2022-11-19T08:06:44Z
BjuUxwTXQDs,Governor's Budget Hearing (11/28/22),yes,Governor's Budget Hearing,2022-11-28,title,yes,2022-11-28 08:58:26,2022-11-28T13:58:26Z,2022-11-28T21:43:14Z,PT7H44M46S,2022-11-28T22:08:20Z
0_UmSNpF_eE,Long Range Capital Planning & Utilization Committee (11/28),NO,,,title,yes,2022-11-28 09:26:07,2022-11-28T14:26:07Z,2022-11-28T15:12:16Z,PT46M21S,2022-11-29T03:14:41Z
Mr7pnEyvQCU,Capital Budget Overview Committee (11/28),NO,,,title,yes,2022-11-28 10:14:42,2022-11-28T15:14:42Z,2022-11-28T15:28:23Z,PT13M51S,2022-11-29T03:29:58Z
q47JArpS8Z8,Governor's Budget Hearing (11/29/22),yes,Governor's Budget Hearing,2022-11-29,title,yes,2022-11-29 08:29:22,2022-11-29T13:29:22Z,2022-11-29T20:53:26Z,PT7H24M10S,2022-11-29T21:20:38Z
CECYtj-WVUw,Governor's Budget Hearing (11/30/22),yes,Governor's Budget Hearing,2022-11-30,title,yes,2022-11-30 08:27:17,2022-11-30T13:27:17Z,2022-11-30T16:19:03Z,PT2H51M55S,2022-12-01T04:36:59Z
7O_Axnx7-xU,Fiscal Committee (12/02/22),yes,Fiscal Committee,2022-12-02,title,yes,2022-12-02 09:59:28,2022-12-02T14:59:28Z,2022-12-02T15:48:04Z,PT48M36S,2022-12-03T03:51:21Z
uRz07MS4VNE,House Session (12/07/22),yes,Session,2022-12-07,title,yes,2022-12-07 09:58:32,2022-12-07T14:58:32Z,2022-12-07T21:17:46Z,PT6H19M16S,2022-12-07T21:49:05Z
29YDID-Iqq8,Administrative Rules (12/15),NO,,,title,yes,2022-12-15 09:03:06,2022-12-15T14:03:06Z,2022-12-15T14:50:17Z,PT47M21S,2022-12-16T02:54:45Z
pWJ1AS4w23Y,House Rules (12/20/2022),yes,Rules,2022-12-20,title,yes,2022-12-20 09:59:06,2022-12-20T14:59:06Z,2022-12-20T16:35:24Z,PT1H36M26S,2022-12-21T04:45:16Z
