video_id,title,title_parsed,parsed_committee,parsed_date,date_from,has_start_time,start_eastern,actual_start_utc,actual_end_utc,duration_iso,published_at
EB_AmrivNQQ,House Session (01/04/23),yes,Session,2023-01-04,title,yes,2023-01-04 10:01:06,2023-01-04T15:01:06Z,2023-01-04T17:23:38Z,PT2H22M26S,2023-01-05T06:02:24Z
_P2SebNSBew,Governor's Inauguration (01/05/2023),yes,Governor's Inauguration,2023-01-05,title,yes,2023-01-05 11:14:37,2023-01-05T16:14:37Z,2023-01-05T17:45:19Z,PT1H30M41S,2023-01-06T05:59:42Z
KtUukmtR8IQ,House Education (01/06/23),yes,Education,2023-01-06,title,yes,2023-01-06 09:29:12,2023-01-06T14:29:12Z,2023-01-06T21:03:27Z,PT6H34M16S,2023-01-06T21:43:22Z
tSLksR5ugTs,House Executive Departments and Administration (01/09/23),yes,Executive Departments and Administration,2023-01-09,title,yes,2023-01-09 09:59:52,2023-01-09T14:59:52Z,2023-01-09T19:53:19Z,PT4H53M36S,2023-01-09T20:28:40Z
AHLCIOEmazE,"House Science, Technology and Energy (01/09/23)",yes,"Science, Technology and Energy",2023-01-09,title,yes,2023-01-09 09:01:06,2023-01-09T14:01:06Z,2023-01-09T20:55:09Z,PT6H54M1S,2023-01-10T00:44:07Z
ws_4cUe5uz0,House Children and Family Law (01/10/23),yes,Children and Family Law,2023-01-10,title,yes,2023-01-10 10:14:22,2023-01-10T15:14:22Z,2023-01-10T20:48:58Z,PT5H34M40S,2023-01-10T21:31:46Z
NZqO3sqwD0Q,House Election Law (01/10/23),yes,Election Law,2023-01-10,title,yes,2023-01-10 09:58:46,2023-01-10T14:58:46Z,2023-01-10T19:39:09Z,PT4H40M30S,2023-01-10T21:41:32Z
W7ipJHxOVr0,House Commerce and Consumer Affairs (01/10/23),yes,Commerce and Consumer Affairs,2023-01-10,title,yes,2023-01-10 09:58:37,2023-01-10T14:58:37Z,2023-01-10T20:48:01Z,PT5H49M21S,2023-01-10T21:42:24Z
f4cCAW6zMeA,House Ways and Means (01/10/23),yes,Ways and Means,2023-01-10,title,yes,2023-01-10 10:03:11,2023-01-10T15:03:11Z,2023-01-10T19:22:14Z,PT4H19M1S,2023-01-10T21:57:32Z
dgdrUnib6_g,House Environment and Agriculture (01/10/23),yes,Environment and Agriculture,2023-01-10,title,yes,2023-01-10 09:58:42,2023-01-10T14:58:42Z,2023-01-10T20:58:59Z,PT6H,2023-01-10T22:15:29Z
ta4Y32VhV84,Legislative Oversight Committee for the Education Improvement and Assessment Program,NO,,,title,yes,2023-01-10 09:58:17,2023-01-10T14:58:17Z,2023-01-10T16:36:30Z,PT1H38M25S,2023-01-11T04:50:31Z
q3JxgZ4MTe8,House Ways and Means (01/11/23),yes,Ways and Means,2023-01-11,title,yes,2023-01-11 08:57:27,2023-01-11T13:57:27Z,2023-01-11T20:01:05Z,PT6H3M36S,2023-01-11T20:58:27Z
c2VFUD5sfM0,House Education (01/11/23),yes,Education,2023-01-11,title,yes,2023-01-11 09:29:52,2023-01-11T14:29:52Z,2023-01-11T19:45:24Z,PT5H15M16S,2023-01-11T21:01:18Z
WOH6lxqwcnE,House Municipal and County Government (01/11/23),yes,Municipal and County Government,2023-01-11,title,yes,2023-01-11 10:01:37,2023-01-11T15:01:37Z,2023-01-11T20:33:32Z,PT5H31M56S,2023-01-11T21:42:16Z
Cy6FZ3qr46o,House Executive Departments and Administration (01/11/23),yes,Executive Departments and Administration,2023-01-11,title,yes,2023-01-11 09:59:02,2023-01-11T14:59:02Z,2023-01-11T20:25:48Z,PT5H26M49S,2023-01-11T22:05:23Z
T0jifiwinzE,House Judiciary (01/11/23),yes,Judiciary,2023-01-11,title,yes,2023-01-11 08:59:37,2023-01-11T13:59:37Z,2023-01-11T15:30:15Z,PT1H30M41S,2023-01-12T03:39:02Z
Kmy5xhrtjac,House Criminal Justice and Public Safety (01/11/23),yes,Criminal Justice and Public Safety,2023-01-11,title,yes,2023-01-11 09:59:12,2023-01-11T14:59:12Z,2023-01-11T18:29:15Z,PT3H30M11S,2023-01-12T07:15:23Z
0hhmhCwRNFM,House Executive Departments and Administration (01/12/23),yes,Executive Departments and Administration,2023-01-12,title,yes,2023-01-12 09:59:57,2023-01-12T14:59:57Z,2023-01-12T19:15:03Z,PT4H15M3S,2023-01-12T19:50:59Z
yukutU3ioYk,House Commerce and Consumer Affairs (01/12/23),yes,Commerce and Consumer Affairs,2023-01-12,title,yes,2023-01-12 09:59:57,2023-01-12T14:59:57Z,2023-01-12T19:54:35Z,PT4H54M46S,2023-01-12T20:30:46Z
vTfYn_FXz7U,House Education (01/12/23),yes,Education,2023-01-12,title,yes,2023-01-12 09:29:52,2023-01-12T14:29:52Z,2023-01-12T20:28:06Z,PT5H58M16S,2023-01-12T21:18:56Z
vOoEtRNHB6E,House Ways and Means (01/12/23),yes,Ways and Means,2023-01-12,title,yes,2023-01-12 09:00:27,2023-01-12T14:00:27Z,2023-01-12T17:14:49Z,PT3H14M36S,2023-01-13T06:06:56Z
KxYKjkGW0gI,"House Labor, Industrial and Rehabilitative Services (01/12/23)",yes,"Labor, Industrial and Rehabilitative Services",2023-01-12,title,yes,2023-01-12 10:00:11,2023-01-12T15:00:11Z,2023-01-12T17:29:59Z,PT2H30M1S,2023-01-13T06:46:07Z
Tjcq4E4jcyA,House State-Federal Relations and Veterans Affairs (01/13/23),yes,State-Federal Relations and Veterans Affairs,2023-01-13,title,yes,2023-01-13 09:01:46,2023-01-13T14:01:46Z,2023-01-13T17:33:16Z,PT3H31M12S,2023-01-14T06:28:35Z
vVjuOtWLquE,House Public Works and Highways (01/13/23),yes,Public Works and Highways,2023-01-13,title,yes,2023-01-13 12:59:11,2023-01-13T17:59:11Z,2023-01-13T18:57:35Z,PT58M30S,2023-01-14T07:06:43Z
c2-QHK3Gm_Q,House Ways and Means (01/17/23),yes,Ways and Means,2023-01-17,title,yes,2023-01-17 09:59:36,2023-01-17T14:59:36Z,2023-01-17T19:47:53Z,PT4H48M20S,2023-01-17T20:33:30Z
TocBa14k-dA,House Children and Family Law (01/17/23),yes,Children and Family Law,2023-01-17,title,yes,2023-01-17 09:29:31,2023-01-17T14:29:31Z,2023-01-17T20:19:40Z,PT5H50M15S,2023-01-17T21:14:01Z
O1YMLbEFGtA,House Election Law (01/17/23),yes,Election Law,2023-01-17,title,yes,2023-01-17 09:59:42,2023-01-17T14:59:42Z,2023-01-17T20:45:48Z,PT5H46M9S,2023-01-17T21:24:14Z
OaEbZuAV8-8,"House Science, Technology and Energy (01/17/23)",yes,"Science, Technology and Energy",2023-01-17,title,yes,2023-01-17 09:59:17,2023-01-17T14:59:17Z,2023-01-17T20:24:10Z,PT5H24M51S,2023-01-17T21:45:14Z
YFlE893kRkk,House Environment and Agriculture (01/17/23),yes,Environment and Agriculture,2023-01-17,title,yes,2023-01-17 09:56:16,2023-01-17T14:56:16Z,2023-01-17T20:02:32Z,PT5H6M9S,2023-01-17T22:18:41Z
1Ux7IUR9X3w,House Transportation (01/17/23),yes,Transportation,2023-01-17,title,yes,2023-01-17 09:27:56,2023-01-17T14:27:56Z,2023-01-17T21:12:28Z,PT6H44M16S,2023-01-17T22:32:47Z
TNB3MZRaJxg,"House Health, Human Services and Elderly Affairs (01/17/23)",yes,"Health, Human Services and Elderly Affairs",2023-01-17,title,yes,2023-01-17 09:29:47,2023-01-17T14:29:47Z,2023-01-17T17:43:50Z,PT3H14M6S,2023-01-18T06:27:42Z
11bNcb1SDUw,House Education (01/12/23),yes,Education,2023-01-12,title,yes,2023-01-18 09:03:52,2023-01-18T14:03:52Z,2023-01-18T14:04:12Z,PT21S,2023-01-18T14:06:19Z
uZRCzBQIa2Y,House Executive Departments and Administration (01/18/23),yes,Executive Departments and Administration,2023-01-18,title,yes,2023-01-18 09:59:11,2023-01-18T14:59:11Z,2023-01-18T19:46:02Z,PT4H46M50S,2023-01-18T20:22:00Z
qf3j31iAd8o,House Education (01/18/23),yes,Education,2023-01-18,title,yes,2023-01-18 09:29:21,2023-01-18T14:29:21Z,2023-01-18T20:17:13Z,PT5H47M49S,2023-01-18T21:13:36Z
NQ07EcqwFfk,House Municipal and County Government (01/18/23),yes,Municipal and County Government,2023-01-18,title,yes,2023-01-18 09:59:16,2023-01-18T14:59:16Z,2023-01-18T21:08:59Z,PT6H9M46S,2023-01-18T21:52:31Z
nzzo6Zcxrpo,House Judiciary (01/18/23),yes,Judiciary,2023-01-18,title,yes,2023-01-18 08:58:16,2023-01-18T13:58:16Z,2023-01-18T21:33:04Z,PT7H34M51S,2023-01-18T23:36:46Z
XMEEbZOrySQ,House Finance (01/18/23),yes,Finance,2023-01-18,title,yes,2023-01-18 09:56:22,2023-01-18T14:56:22Z,2023-01-18T17:00:39Z,PT2H4M20S,2023-01-19T05:09:07Z
irRSxy8bgd8,House Commerce and Consumer Affairs (01/18/23),yes,Commerce and Consumer Affairs,2023-01-18,title,yes,2023-01-18 09:56:26,2023-01-18T14:56:26Z,2023-01-18T21:24:39Z,PT6H28M13S,2023-01-19T05:35:24Z
Ndeb-njC8Ko,"House Resources, Recreation and Development (01/18/23)",yes,"Resources, Recreation and Development",2023-01-18,title,yes,2023-01-18 09:05:02,2023-01-18T14:05:02Z,2023-01-18T17:39:08Z,PT3H34M5S,2023-01-19T06:12:09Z
0l0i0o30Awg,House Finance Division II (01/18/23),yes,Finance Division II,2023-01-18,title,yes,2023-01-18 12:58:22,2023-01-18T17:58:22Z,2023-01-18T18:42:18Z,PT44M1S,2023-01-19T06:50:56Z
iq-HKjtSnHU,House Finance Division I (01/18/23),yes,Finance Division I,2023-01-18,title,yes,2023-01-18 12:58:31,2023-01-18T17:58:31Z,2023-01-18T18:54:24Z,PT55M50S,2023-01-19T07:07:58Z
3Vdoll4D7mA,House Finance Division III (01/18/23),yes,Finance Division III,2023-01-18,title,yes,2023-01-18 12:59:52,2023-01-18T17:59:52Z,2023-01-18T19:01:22Z,PT1H1M31S,2023-01-19T07:21:45Z
8ZZGUJCEkrM,House Criminal Justice and Public Safety (01/18/23),yes,Criminal Justice and Public Safety,2023-01-18,title,yes,2023-01-18 09:59:07,2023-01-18T14:59:07Z,2023-01-18T18:25:45Z,PT3H26M44S,2023-01-19T09:30:01Z
3jTghu2gL5E,House Executive Departments and Administration (01/19/23),yes,Executive Departments and Administration,2023-01-19,title,yes,2023-01-19 09:59:17,2023-01-19T14:59:17Z,2023-01-19T20:10:18Z,PT5H10M53S,2023-01-19T20:43:37Z
OUMZ11E9dtw,House Education (01/19/23),yes,Education,2023-01-19,title,yes,2023-01-19 09:29:12,2023-01-19T14:29:12Z,2023-01-19T20:21:48Z,PT5H52M41S,2023-01-19T21:45:25Z
0-40nuYUH0Q,House Municipal and County Government (01/19/23),yes,Municipal and County Government,2023-01-19,title,yes,2023-01-19 10:33:52,2023-01-19T15:33:52Z,2023-01-19T21:17:36Z,PT5H40M,2023-01-19T22:06:39Z
rsWoQZM_5j4,"House Labor, Industrial and Rehabilitative Services (01/19/23)",yes,"Labor, Industrial and Rehabilitative Services",2023-01-19,title,yes,2023-01-19 09:58:57,2023-01-19T14:58:57Z,2023-01-19T20:56:49Z,PT5H57M40S,2023-01-19T22:18:01Z
a9iqYhIVaA8,House Judiciary (01/19/23),yes,Judiciary,2023-01-19,title,yes,2023-01-19 08:59:22,2023-01-19T13:59:22Z,2023-01-19T21:34:59Z,PT7H35M25S,2023-01-20T00:28:51Z
kG22Efx4BF0,House Criminal Justice and Public Safety (01/19/23),yes,Criminal Justice and Public Safety,2023-01-19,title,yes,2023-01-19 09:59:12,2023-01-19T14:59:12Z,2023-01-19T17:15:36Z,PT2H16M31S,2023-01-20T05:38:28Z
txHU11p9KB0,"House Science, Technology and Energy (01/19/23)",yes,"Science, Technology and Energy",2023-01-19,title,yes,2023-01-19 10:27:37,2023-01-19T15:27:37Z,2023-01-19T19:14:19Z,PT3H46M30S,2023-01-20T07:48:31Z
f-Lg5f9IXIY,House Criminal Justice and Public Safety (01/20/23),yes,Criminal Justice and Public Safety,2023-01-20,title,yes,2023-01-20 09:57:36,2023-01-20T14:57:36Z,2023-01-20T20:27:17Z,PT5H29M44S,2023-01-20T21:25:02Z
nrnr8EJvmts,House State-Federal Relations and Veterans Affairs (01/20/23),yes,State-Federal Relations and Veterans Affairs,2023-01-20,title,yes,2023-01-20 09:29:27,2023-01-20T14:29:27Z,2023-01-20T20:40:14Z,PT6H10M41S,2023-01-20T21:34:31Z
5AoQDA7pXKI,Administrative Rules (01/20/2023),yes,Administrative Rules,2023-01-20,title,yes,2023-01-20 08:55:22,2023-01-20T13:55:22Z,2023-01-20T14:51:30Z,PT56M21S,2023-01-21T04:36:56Z
kfnuErQwytA,House Finance (01/24/23),yes,Finance,2023-01-24,title,yes,2023-01-24 09:58:46,2023-01-24T14:58:46Z,2023-01-24T19:20:48Z,PT4H22M11S,2023-01-24T20:01:56Z
ME88g3oEiGo,House Transportation (01/24/23),yes,Transportation,2023-01-24,title,yes,2023-01-24 09:01:47,2023-01-24T14:01:47Z,2023-01-24T19:46:19Z,PT5H44M41S,2023-01-24T20:35:41Z
XVLu9khcPxQ,House Election Law (01/24/23),yes,Election Law,2023-01-24,title,yes,2023-01-24 09:58:27,2023-01-24T14:58:27Z,2023-01-24T20:14:43Z,PT5H16M16S,2023-01-24T20:56:43Z
fPwvM5ZIBVY,House Ways and Means (01/24/23),yes,Ways and Means,2023-01-24,title,yes,2023-01-24 09:58:21,2023-01-24T14:58:21Z,2023-01-24T20:11:18Z,PT5H12M56S,2023-01-24T21:00:12Z
qHnPO3KVc4I,"House Science, Technology and Energy (01/24/23)",yes,"Science, Technology and Energy",2023-01-24,title,yes,2023-01-24 08:59:52,2023-01-24T13:59:52Z,2023-01-24T20:41:24Z,PT6H41M19S,2023-01-24T21:41:16Z
L2VyakzUj6A,House Education (01/24/23),yes,Education,2023-01-24,title,yes,2023-01-24 08:58:42,2023-01-24T13:58:42Z,2023-01-24T21:06:40Z,PT7H7M55S,2023-01-24T21:55:15Z
ZRyJEhMyObo,House Environment and Agriculture (01/24/23),yes,Environment and Agriculture,2023-01-24,title,yes,2023-01-24 09:58:47,2023-01-24T14:58:47Z,2023-01-24T21:27:11Z,PT6H28M26S,2023-01-24T23:25:39Z
lLdVgE1TibQ,House Children and Family Law (01/24/23),yes,Children and Family Law,2023-01-24,title,yes,2023-01-24 09:29:12,2023-01-24T14:29:12Z,2023-01-24T21:28:10Z,PT6H58M56S,2023-01-25T00:08:23Z
503YpYY226o,House Executive Departments and Administration (01/25/23),yes,Executive Departments and Administration,2023-01-25,title,yes,2023-01-25 08:59:31,2023-01-25T13:59:31Z,2023-01-25T19:42:27Z,PT5H42M47S,2023-01-25T20:38:29Z
SGeITrNgPag,House Ways and Means (01/25/23),yes,Ways and Means,2023-01-25,title,yes,2023-01-25 09:59:02,2023-01-25T14:59:02Z,2023-01-25T20:10:21Z,PT5H11M27S,2023-01-25T21:05:31Z
DT8u3oDc8kw,House Education (01/25/23),yes,Education,2023-01-25,title,yes,2023-01-25 08:58:21,2023-01-25T13:58:21Z,2023-01-25T20:41:49Z,PT6H43M29S,2023-01-25T21:42:47Z
HVlbgtSAzxU,House Public Works and Highways (01/25/23),yes,Public Works and Highways,2023-01-25,title,yes,2023-01-25 09:57:12,2023-01-25T14:57:12Z,2023-01-25T20:58:15Z,PT6H33S,2023-01-25T21:42:58Z
bAEvHYZUvgg,House Commerce and Consumer Affairs (01/25/23),yes,Commerce and Consumer Affairs,2023-01-25,title,yes,2023-01-25 08:58:51,2023-01-25T13:58:51Z,2023-01-25T21:10:58Z,PT7H12M6S,2023-01-25T22:30:16Z
gmGui-E0BNA,"House Resources, Recreation and Development (01/25/23)",yes,"Resources, Recreation and Development",2023-01-25,title,yes,2023-01-25 08:58:11,2023-01-25T13:58:11Z,2023-01-25T19:41:02Z,PT5H42M48S,2023-01-25T22:31:26Z
oI-mGatHQMU,"House Health, Human Services and Elderly Affairs (01/25/23)",yes,"Health, Human Services and Elderly Affairs",2023-01-25,title,yes,2023-01-25 08:58:46,2023-01-25T13:58:46Z,2023-01-25T21:30:28Z,PT7H31M24S,2023-01-25T22:34:07Z
wsZ55ew-0rg,House Judiciary (01/25/23),yes,Judiciary,2023-01-25,title,yes,2023-01-25 08:59:32,2023-01-25T13:59:32Z,2023-01-25T21:38:08Z,PT7H38M48S,2023-01-25T23:35:03Z
XbPCZ9n7Zgo,House Municipal and County Government (01/25/23),yes,Municipal and County Government,2023-01-25,title,yes,2023-01-25 10:27:06,2023-01-25T15:27:06Z,2023-01-25T16:48:15Z,PT1H21M5S,2023-01-26T04:59:43Z
ItHFlU0culQ,House Finance Division II (01/25/23),yes,Finance Division II,2023-01-25,title,yes,2023-01-25 09:56:57,2023-01-25T14:56:57Z,2023-01-25T17:26:01Z,PT2H29M6S,2023-01-26T05:49:31Z
EkiqMupeQX0,House Executive Departments and Administration (01/26/23),yes,Executive Departments and Administration,2023-01-26,title,yes,2023-01-26 08:59:37,2023-01-26T13:59:37Z,2023-01-26T20:10:27Z,PT6H10M56S,2023-01-26T20:47:34Z
A7kxa_zdzfk,"House Labor, Industrial and Rehabilitative Services (01/26/23)",yes,"Labor, Industrial and Rehabilitative Services",2023-01-26,title,yes,2023-01-26 09:58:12,2023-01-26T14:58:12Z,2023-01-26T20:32:54Z,PT5H34M44S,2023-01-26T21:25:39Z
pqOCDZgGJrs,House Criminal Justice and Public Service (01/26/23),yes,Criminal Justice and Public Service,2023-01-26,title,yes,2023-01-26 08:57:56,2023-01-26T13:57:56Z,2023-01-26T21:24:07Z,PT7H26M11S,2023-01-26T22:57:24Z
sevFyaBnNII,House Municipal and County Government (01/26/23),yes,Municipal and County Government,2023-01-26,title,yes,2023-01-26 09:58:21,2023-01-26T14:58:21Z,2023-01-26T21:01:04Z,PT6H2M51S,2023-01-26T23:13:34Z
rHLFsu_zNyU,House Commerce and Consumer Affairs (01/26/23),yes,Commerce and Consumer Affairs,2023-01-26,title,yes,2023-01-26 09:54:27,2023-01-26T14:54:27Z,2023-01-26T22:33:53Z,PT7H39M26S,2023-01-26T23:51:01Z
V6IY6c_XJwk,House Finance (01/26/23),yes,Finance,2023-01-26,title,yes,2023-01-26 09:58:12,2023-01-26T14:58:12Z,2023-01-26T20:45:29Z,PT5H47M21S,2023-01-27T01:01:39Z
lK3Dk18hml0,House Judiciary (01/26/23),yes,Judiciary,2023-01-26,title,yes,2023-01-26 08:57:37,2023-01-26T13:57:37Z,2023-01-26T23:56:53Z,PT9H59M18S,2023-01-27T02:09:02Z
rtJsYy5fNdY,House Education (01/27/23),yes,Education,2023-01-27,title,yes,2023-01-27 09:12:31,2023-01-27T14:12:31Z,2023-01-27T20:56:52Z,PT6H44M19S,2023-01-27T21:43:56Z
hqRGu-pD5Pw,House State-Federal Relations and Veterans Affairs (01/27/23),yes,State-Federal Relations and Veterans Affairs,2023-01-27,title,yes,2023-01-27 09:29:16,2023-01-27T14:29:16Z,2023-01-27T21:17:42Z,PT6H48M10S,2023-01-27T22:40:01Z
14b-Y-uR7ao,House Criminal Justice and Public Safety (01/27/23),yes,Criminal Justice and Public Safety,2023-01-27,title,yes,2023-01-27 09:29:22,2023-01-27T14:29:22Z,2023-01-27T22:06:45Z,PT7H37M21S,2023-01-27T22:57:35Z
HeAEEe7dDAA,House Executive Departments and Administration (01/27/23),yes,Executive Departments and Administration,2023-01-27,title,yes,2023-01-27 09:59:22,2023-01-27T14:59:22Z,2023-01-27T18:20:55Z,PT3H21M35S,2023-01-28T06:40:55Z
ZG2inXbPLjU,Fiscal Committee (01/27/23),yes,Fiscal Committee,2023-01-27,title,yes,2023-01-27 12:58:31,2023-01-27T17:58:31Z,2023-01-27T20:01:57Z,PT2H3M20S,2023-01-28T08:12:45Z
aJlNCYZ3BeQ,House Legislative Administration (01/30/23),yes,Legislative Administration,2023-01-30,title,yes,2023-01-30 08:59:12,2023-01-30T13:59:12Z,2023-01-30T18:31:10Z,PT4H32M2S,2023-01-30T19:11:34Z
xjSn9cbnYVk,"House Science, Technology and Energy (01/30/23)",yes,"Science, Technology and Energy",2023-01-30,title,yes,2023-01-30 08:59:06,2023-01-30T13:59:06Z,2023-01-30T21:20:55Z,PT7H21M53S,2023-01-31T01:05:05Z
ID_TPOM6IAY,Special Committee on Housing (01/30/2023),yes,Special Committee on Housing,2023-01-30,title,yes,2023-01-30 09:57:16,2023-01-30T14:57:16Z,2023-01-30T16:17:50Z,PT1H20M36S,2023-01-31T04:24:20Z
UgFSDhmV7Bg,House Judiciary (01/30/23),yes,Judiciary,2023-01-30,title,yes,2023-01-30 12:58:22,2023-01-30T17:58:22Z,2023-01-30T20:30:23Z,PT2H32M1S,2023-01-31T09:17:40Z
7J4xgH1UVWU,House Finance Division II (01/31/23),yes,Finance Division II,2023-01-31,title,yes,2023-01-31 09:58:21,2023-01-31T14:58:21Z,2023-01-31T19:13:46Z,PT4H15M26S,2023-01-31T19:46:38Z
VGuLfjELUy0,House Education (01/31/23),yes,Education,2023-01-31,title,yes,2023-01-31 08:57:41,2023-01-31T13:57:41Z,2023-01-31T19:56:05Z,PT5H58M21S,2023-01-31T20:49:31Z
y-XQpNxu8Zw,House Children and Family Law (01/31/23),yes,Children and Family Law,2023-01-31,title,yes,2023-01-31 09:28:47,2023-01-31T14:28:47Z,2023-01-31T20:08:25Z,PT5H39M37S,2023-01-31T20:55:54Z
3fnlT_lQL7w,House Ways and Means (01/31/23),yes,Ways and Means,2023-01-31,title,yes,2023-01-31 09:59:08,2023-01-31T14:59:08Z,2023-01-31T20:08:49Z,PT5H9M38S,2023-01-31T21:03:05Z
jQhKF2ia7FE,House Finance Division I (01/31/23),yes,Finance Division I,2023-01-31,title,yes,2023-01-31 09:58:22,2023-01-31T14:58:22Z,2023-01-31T20:06:43Z,PT5H8M21S,2023-01-31T21:12:48Z
5gezpAK_2Vs,House Election Law (01/31/23),yes,Election Law,2023-01-31,title,yes,2023-01-31 09:59:31,2023-01-31T14:59:31Z,2023-01-31T20:31:03Z,PT5H31M29S,2023-01-31T21:24:31Z
us1eNNjx14Y,House Transportation (01/31/23),yes,Transportation,2023-01-31,title,yes,2023-01-31 09:29:36,2023-01-31T14:29:36Z,2023-01-31T20:02:31Z,PT5H32M42S,2023-01-31T21:51:04Z
pyAqpDPHcAA,House Environment and Agriculture (01/31/23),yes,Environment and Agriculture,2023-01-31,title,yes,2023-01-31 08:59:21,2023-01-31T13:59:21Z,2023-01-31T21:09:54Z,PT7H9M52S,2023-01-31T22:25:37Z
TDVp2RBF51E,"House Science, Technology and Energy (01/31/23)",yes,"Science, Technology and Energy",2023-01-31,title,yes,2023-01-31 08:59:37,2023-01-31T13:59:37Z,2023-01-31T21:36:27Z,PT7H36M53S,2023-01-31T22:46:41Z
LnvmUt_HoEk,House Fish and Game and Marine Resources (01/31/23),yes,Fish and Game and Marine Resources,2023-01-31,title,yes,2023-01-31 09:58:12,2023-01-31T14:58:12Z,2023-01-31T18:13:59Z,PT3H15M46S,2023-02-01T06:30:32Z
Yx6ZuCgjmpQ,House Commerce and Consumer Affairs (01/31/23),yes,Commerce and Consumer Affairs,2023-01-31,title,yes,2023-01-31 13:29:32,2023-01-31T18:29:32Z,2023-01-31T21:14:54Z,PT2H45M30S,2023-02-01T10:07:15Z
3qUueCcggQk,House Finance Division II (02/01/23),yes,Finance Division II,2023-02-01,title,yes,2023-02-01 09:58:17,2023-02-01T14:58:17Z,2023-02-01T19:21:54Z,PT4H23M41S,2023-02-01T20:20:53Z
K_Z2DzSJi04,House Executive Departments and Administration (02/01/23),yes,Executive Departments and Administration,2023-02-01,title,yes,2023-02-01 09:14:17,2023-02-01T14:14:17Z,2023-02-01T19:26:17Z,PT5H11M58S,2023-02-01T20:55:16Z
l4q-Tw9g8UY,House Finance Division III (02/01/23),yes,Finance Division III,2023-02-01,title,yes,2023-02-01 10:58:52,2023-02-01T15:58:52Z,2023-02-01T20:15:37Z,PT4H16M51S,2023-02-01T21:14:39Z
ixAaLH42zmA,"House Resources, Recreation and Development (02/01/23)",yes,"Resources, Recreation and Development",2023-02-01,title,yes,2023-02-01 09:58:07,2023-02-01T14:58:07Z,2023-02-01T20:25:17Z,PT5H27M9S,2023-02-01T21:14:55Z
SbJtinCn6ew,House Municipal and County Government (02/01/23),yes,Municipal and County Government,2023-02-01,title,yes,2023-02-01 09:58:17,2023-02-01T14:58:17Z,2023-02-01T20:06:33Z,PT5H8M20S,2023-02-01T21:23:57Z
CRr2bRm0acM,House Criminal Justice and Public Safety (02/01/23),yes,Criminal Justice and Public Safety,2023-02-01,title,yes,2023-02-01 08:57:36,2023-02-01T13:57:36Z,2023-02-01T19:58:33Z,PT6H30S,2023-02-01T21:30:14Z
_zJCT0cK1mY,House Finance Division I (02/01/23),yes,Finance Division I,2023-02-01,title,yes,2023-02-01 09:58:21,2023-02-01T14:58:21Z,2023-02-01T21:21:49Z,PT6H23M21S,2023-02-01T22:43:43Z
RNf8W8ISjpc,House Education (02/01/23),yes,Education,2023-02-01,title,yes,2023-02-01 09:28:46,2023-02-01T14:28:46Z,2023-02-01T21:08:45Z,PT6H39M59S,2023-02-01T22:48:40Z
BNKsnAKlHeo,House Commerce and Consumer Affairs (02/01/23),yes,Commerce and Consumer Affairs,2023-02-01,title,yes,2023-02-01 10:24:52,2023-02-01T15:24:52Z,2023-02-01T21:25:37Z,PT6H45S,2023-02-01T23:05:28Z
42wTeYbQWn4,"House Health, Human Services and Elderly Affairs (02/01/23)",yes,"Health, Human Services and Elderly Affairs",2023-02-01,title,yes,2023-02-01 08:57:27,2023-02-01T13:57:27Z,2023-02-01T20:39:42Z,PT6H42M3S,2023-02-01T23:21:19Z
fvrpdjzBblM,House Judiciary (02/01/23),yes,Judiciary,2023-02-01,title,yes,2023-02-01 08:58:33,2023-02-01T13:58:33Z,2023-02-01T17:07:00Z,PT3H8M30S,2023-02-02T05:26:03Z
ooiEElUTfzw,House Session (02/02/23),yes,Session,2023-02-02,title,yes,2023-02-02 09:59:21,2023-02-02T14:59:21Z,2023-02-02T16:24:42Z,PT1H25M21S,2023-02-03T05:10:50Z
XcNq9YTv1ug,House Executive Departments and Administration Work Session on HB 620 (02/02/23),yes,Executive Departments and Administration Work Session on HB 620,2023-02-02,title,yes,2023-02-02 12:58:26,2023-02-02T17:58:26Z,2023-02-02T18:20:10Z,PT21M50S,2023-02-03T06:22:23Z
fLvNM7VcCr4,House Commerce and Consumer Affairs (02/02/23),yes,Commerce and Consumer Affairs,2023-02-02,title,yes,2023-02-02 13:29:52,2023-02-02T18:29:52Z,2023-02-02T19:32:31Z,PT1H2M50S,2023-02-03T07:40:52Z
NNCZOvlT-xE,"House Executive Departments and Administration Work Session: HB 250, HB 571, HB 436, HB 449 (2/2/23)",yes,"Executive Departments and Administration Work Session: HB 250, HB 571, HB 436, HB 449",2023-02-02,title,yes,2023-02-02 12:58:36,2023-02-02T17:58:36Z,2023-02-02T20:02:14Z,PT2H3M46S,2023-02-03T08:20:47Z
0GrkpZ_WWzw,"House Health, Human Services and Elderly Affairs (02/02/23)",yes,"Health, Human Services and Elderly Affairs",2023-02-02,title,yes,2023-02-02 13:02:31,2023-02-02T18:02:31Z,2023-02-02T20:17:05Z,PT2H14M31S,2023-02-03T08:44:05Z
wxx23OeT8xQ,House State-Federal Relations and Veterans Affairs (02/03/23),yes,State-Federal Relations and Veterans Affairs,2023-02-03,title,yes,2023-02-03 09:06:16,2023-02-03T14:06:16Z,2023-02-03T20:09:25Z,PT6H2M21S,2023-02-03T21:37:43Z
pekglRr394s,House Finance Division I (02/03/23),yes,Finance Division I,2023-02-03,title,yes,2023-02-03 09:59:52,2023-02-03T14:59:52Z,2023-02-03T20:27:42Z,PT5H27M56S,2023-02-03T21:44:58Z
tVK1CmRBjew,House Finance Division III (02/03/23),yes,Finance Division III,2023-02-03,title,yes,2023-02-03 10:59:22,2023-02-03T15:59:22Z,2023-02-03T21:12:54Z,PT5H13M37S,2023-02-03T22:26:44Z
WpFSmKWkmW8,House Education (02/03/23),yes,Education,2023-02-03,title,yes,2023-02-03 09:30:11,2023-02-03T14:30:11Z,2023-02-03T21:35:47Z,PT7H5M42S,2023-02-03T23:29:37Z
avq6_yJpJec,House Public Works and Highways (02/03/23),yes,Public Works and Highways,2023-02-03,title,yes,2023-02-03 08:58:43,2023-02-03T13:58:43Z,2023-02-03T21:26:59Z,PT7H27M56S,2023-02-04T00:45:40Z
lZToaAk3LE8,"House Science, Technology and Energy (02/03/23)",yes,"Science, Technology and Energy",2023-02-03,title,yes,2023-02-03 08:58:37,2023-02-03T13:58:37Z,2023-02-03T22:57:54Z,PT8H59M19S,2023-02-04T01:06:05Z
McD2YpaITRw,Health and Human Services Oversight Committee (02/03/23),yes,Health and Human Services Oversight Committee,2023-02-03,title,yes,2023-02-03 10:02:26,2023-02-03T15:02:26Z,2023-02-03T16:38:46Z,PT1H36M26S,2023-02-04T04:52:00Z
yFTlb-Z3wlI,House Criminal Justice and Public Safety (02/03/23),yes,Criminal Justice and Public Safety,2023-02-03,title,yes,2023-02-03 08:59:16,2023-02-03T13:59:16Z,2023-02-03T16:28:00Z,PT2H28M39S,2023-02-04T06:01:37Z
KI8Pyqa-mnw,House Legislative Administration (02/06/23),yes,Legislative Administration,2023-02-06,title,yes,2023-02-06 08:58:17,2023-02-06T13:58:17Z,2023-02-06T19:19:34Z,PT5H21M11S,2023-02-06T20:16:55Z
Ocv8exXTYzg,House Education (02/06/23),yes,Education,2023-02-06,title,yes,2023-02-06 09:29:31,2023-02-06T14:29:31Z,2023-02-06T20:27:00Z,PT5H57M41S,2023-02-06T21:01:09Z
IYmnqji_-Xk,"House Science, Technology and Energy (02/06/23)",yes,"Science, Technology and Energy",2023-02-06,title,yes,2023-02-06 08:58:41,2023-02-06T13:58:41Z,2023-02-06T21:18:23Z,PT7H19M24S,2023-02-06T22:46:44Z
UmsmhNl0GJU,Kid Governor Inauguration (02/06/2023),yes,Kid Governor Inauguration,2023-02-06,title,yes,2023-02-06 09:58:26,2023-02-06T14:58:26Z,2023-02-06T16:18:32Z,PT1H20M16S,2023-02-07T04:24:31Z
-YOPR_V51xM,House Criminal Justice and Public Safety (02/06/23),yes,Criminal Justice and Public Safety,2023-02-06,title,yes,2023-02-06 14:01:52,2023-02-06T19:01:52Z,2023-02-06T19:42:06Z,PT40M25S,2023-02-07T07:49:39Z
2o4unHwsaxE,House Finance Division II (02/07/23),yes,Finance Division II,2023-02-07,title,yes,2023-02-07 10:00:27,2023-02-07T15:00:27Z,2023-02-07T19:16:29Z,PT4H15M51S,2023-02-07T20:02:47Z
_6BnQqugzvI,House Environment and Agriculture (02/07/23),yes,Environment and Agriculture,2023-02-07,title,yes,2023-02-07 08:57:22,2023-02-07T13:57:22Z,2023-02-07T19:19:35Z,PT5H22M21S,2023-02-07T20:39:05Z
cOaVfj0VpXw,House Children and Family Law (02/07/23),yes,Children and Family Law,2023-02-07,title,yes,2023-02-07 09:29:22,2023-02-07T14:29:22Z,2023-02-07T20:15:18Z,PT5H46M,2023-02-07T21:03:06Z
GIKsNC1Bfqk,"House Labor, Industrial and Rehabilitative Services (02/07/23)",yes,"Labor, Industrial and Rehabilitative Services",2023-02-07,title,yes,2023-02-07 10:00:12,2023-02-07T15:00:12Z,2023-02-07T20:43:38Z,PT5H43M25S,2023-02-07T21:37:04Z
27eehOYwpas,House Election Law (02/07/23),yes,Election Law,2023-02-07,title,yes,2023-02-07 09:56:02,2023-02-07T14:56:02Z,2023-02-07T20:06:25Z,PT5H10M24S,2023-02-07T21:48:36Z
yzlxMLsmW34,House Finance Division I (02/07/23),yes,Finance Division I,2023-02-07,title,yes,2023-02-07 09:55:56,2023-02-07T14:55:56Z,2023-02-07T20:58:39Z,PT6H2M51S,2023-02-07T21:53:10Z
yQkxb4bv3cs,House Ways and Means (02/07/23),yes,Ways and Means,2023-02-07,title,yes,2023-02-07 10:00:31,2023-02-07T15:00:31Z,2023-02-07T20:48:17Z,PT5H47M34S,2023-02-07T21:56:00Z
uZ8nqQ_d6PY,"House Science, Technology and Energy (02/07/23)",yes,"Science, Technology and Energy",2023-02-07,title,yes,2023-02-07 08:58:51,2023-02-07T13:58:51Z,2023-02-07T20:39:12Z,PT6H40M21S,2023-02-07T22:23:11Z
1pcV2TdNj0E,House Commerce and Consumer Affairs (02/07/23),yes,Commerce and Consumer Affairs,2023-02-07,title,yes,2023-02-07 10:00:37,2023-02-07T15:00:37Z,2023-02-07T20:40:16Z,PT5H39M36S,2023-02-07T22:35:33Z
adyG7terYXY,House Transportation (02/07/23),yes,Transportation,2023-02-07,title,yes,2023-02-07 09:29:16,2023-02-07T14:29:16Z,2023-02-07T20:49:25Z,PT6H19M58S,2023-02-07T22:51:06Z
t-yUM1o1tRk,House Education (02/07/23),yes,Education,2023-02-07,title,yes,2023-02-07 08:57:21,2023-02-07T13:57:21Z,2023-02-07T22:08:04Z,PT8H10M27S,2023-02-08T00:22:55Z
Y8k_AhChJaI,"House Resources, Recreation and Development (02/08/23)",yes,"Resources, Recreation and Development",2023-02-08,title,yes,2023-02-08 10:29:07,2023-02-08T15:29:07Z,2023-02-08T19:56:38Z,PT4H27M36S,2023-02-08T20:52:16Z
WNM_Sm7nqSI,"House Health, Human Services and Elderly Affairs (02/08/23)",yes,"Health, Human Services and Elderly Affairs",2023-02-08,title,yes,2023-02-08 09:00:56,2023-02-08T14:00:56Z,2023-02-08T20:49:19Z,PT6H48M7S,2023-02-08T22:01:19Z
1fiFCN0EZq0,House Executive Departments and Administration (02/08/23),yes,Executive Departments and Administration,2023-02-08,title,yes,2023-02-08 09:58:52,2023-02-08T14:58:52Z,2023-02-08T20:44:49Z,PT5H45M53S,2023-02-08T22:15:53Z
BEBj2wWsMrU,House Education (02/08/23),yes,Education,2023-02-08,title,yes,2023-02-08 09:01:07,2023-02-08T14:01:07Z,2023-02-08T21:20:59Z,PT7H19M29S,2023-02-08T22:31:12Z
wsy-DVjv30A,House Commerce and Consumer Affairs (02/08/23),yes,Commerce and Consumer Affairs,2023-02-08,title,yes,2023-02-08 09:58:52,2023-02-08T14:58:52Z,2023-02-08T21:19:53Z,PT6H21M7S,2023-02-08T22:43:25Z
yuWKW7dCwaA,House Municipal and County Government (02/08/23),yes,Municipal and County Government,2023-02-08,title,yes,2023-02-08 10:03:22,2023-02-08T15:03:22Z,2023-02-08T21:21:50Z,PT6H18M16S,2023-02-08T22:45:25Z
WzSdY3buvk0,House Criminal Justice and Public Safety (02/08/23),yes,Criminal Justice and Public Safety,2023-02-08,title,yes,2023-02-08 08:59:12,2023-02-08T13:59:12Z,2023-02-08T22:26:10Z,PT8H27M4S,2023-02-08T23:20:05Z
2DTjO5ctF2E,House Judiciary (02/08/23),yes,Judiciary,2023-02-08,title,yes,2023-02-08 10:59:07,2023-02-08T15:59:07Z,2023-02-08T22:34:34Z,PT6H35M34S,2023-02-08T23:20:41Z
J7gZkE9rX2k,House Finance Division III (02/08/23),yes,Finance Division III,2023-02-08,title,yes,2023-02-08 09:58:57,2023-02-08T14:58:57Z,2023-02-08T17:23:11Z,PT2H23M25S,2023-02-09T05:45:13Z
YNNstaWQuF4,House Executive Departments and Administration (02/09/23),yes,Executive Departments and Administration,2023-02-09,title,yes,2023-02-09 09:57:31,2023-02-09T14:57:31Z,2023-02-09T20:12:45Z,PT5H15M11S,2023-02-09T21:12:23Z
XoorC5cA-lw,House Finance (02/09/23),yes,Finance,2023-02-09,title,yes,2023-02-09 09:57:16,2023-02-09T14:57:16Z,2023-02-09T20:04:38Z,PT5H7M2S,2023-02-09T21:21:45Z
5PsXIkp1IfM,"House Health, Human Services and Elderly Affairs (02/09/23)",yes,"Health, Human Services and Elderly Affairs",2023-02-09,title,yes,2023-02-09 08:59:36,2023-02-09T13:59:36Z,2023-02-09T21:23:25Z,PT7H22M36S,2023-02-09T22:33:17Z
FAiZLkuY2Ig,House Criminal Justice and Public Safety (02/09/23),yes,Criminal Justice and Public Safety,2023-02-09,title,yes,2023-02-09 09:00:22,2023-02-09T14:00:22Z,2023-02-09T22:34:36Z,PT8H31M31S,2023-02-10T01:00:40Z
zCg_GeVqKiw,House Finance Division III (02/09/23),yes,Finance Division III,2023-02-09,title,yes,2023-02-09 11:09:57,2023-02-09T16:09:57Z,2023-02-09T18:53:11Z,PT2H42M39S,2023-02-10T07:21:12Z
pZJeNvbdbg8,House Municipal and County Government (02/09/23),yes,Municipal and County Government,2023-02-09,title,yes,2023-02-09 10:29:01,2023-02-09T15:29:01Z,2023-02-09T19:28:51Z,PT3H59M50S,2023-02-10T07:59:00Z
IBp9OGVAtNU,House Criminal Justice and Public Safety (02/10/23),yes,Criminal Justice and Public Safety,2023-02-10,title,yes,2023-02-10 08:29:22,2023-02-10T13:29:22Z,2023-02-10T17:31:39Z,PT4H2M25S,2023-02-10T18:13:26Z
FjRXsKIu_w8,House Education (02/10/23),yes,Education,2023-02-10,title,yes,2023-02-10 09:00:27,2023-02-10T14:00:27Z,2023-02-10T21:39:15Z,PT7H38M46S,2023-02-10T22:28:21Z
KdD9rn1USJU,House Executive Departments and Administration - HB 655-FN (02/10/23),yes,Executive Departments and Administration - HB 655-FN,2023-02-10,title,yes,2023-02-10 09:59:12,2023-02-10T14:59:12Z,2023-02-10T16:24:34Z,PT1H25M31S,2023-02-11T04:37:05Z
bANjA6nyLGA,House State-Federal Relations and Veterans Affairs (02/10/23),yes,State-Federal Relations and Veterans Affairs,2023-02-10,title,yes,2023-02-10 09:56:31,2023-02-10T14:56:31Z,2023-02-10T16:28:27Z,PT1H31M51S,2023-02-11T04:39:08Z
YWp2_22GEuA,House Executive Departments and Administration -  HB 436-FN-L - (02/09/23),yes,Executive Departments and Administration -  HB 436-FN-L -,2023-02-09,title,yes,2023-02-10 09:59:12,2023-02-10T14:59:12Z,2023-02-10T16:57:03Z,PT1H58M1S,2023-02-11T05:18:20Z
LzLrr9GEOqw,House Finance Division I (02/10/23),yes,Finance Division I,2023-02-10,title,yes,2023-02-10 09:59:11,2023-02-10T14:59:11Z,2023-02-10T18:51:19Z,PT3H52M16S,2023-02-11T07:25:02Z
dyadUXM9kmo,House Education (02/13/23),yes,Education,2023-02-13,title,yes,2023-02-13 08:57:31,2023-02-13T13:57:31Z,2023-02-13T19:44:17Z,PT5H46M41S,2023-02-13T20:17:29Z
rILMKyk_NCU,"House Science, Technology and Energy (02/13/23)",yes,"Science, Technology and Energy",2023-02-13,title,yes,2023-02-13 08:59:23,2023-02-13T13:59:23Z,2023-02-13T21:39:57Z,PT7H40M36S,2023-02-14T00:57:45Z
QX7-kzL_E-o,House Ways and Means (02/13/23),yes,Ways and Means,2023-02-13,title,yes,2023-02-13 09:58:01,2023-02-13T14:58:01Z,2023-02-13T17:01:57Z,PT2H3M56S,2023-02-14T05:19:06Z
NNa0L5qAQiI,House Election Law (02/14/23),yes,Election Law,2023-02-14,title,yes,2023-02-14 11:59:37,2023-02-14T16:59:37Z,2023-02-14T17:08:52Z,PT9M26S,2023-02-14T17:12:01Z
V5YQaUsEIj0,House Session (02/14/23),yes,Session,2023-02-14,title,yes,2023-02-14 10:00:37,2023-02-14T15:00:37Z,2023-02-14T22:39:30Z,PT7H38M46S,2023-02-15T00:04:39Z
P4Nfn0bBUhM,House Ways and Means (02/15/23),yes,Ways and Means,2023-02-15,title,yes,2023-02-15 09:58:56,2023-02-15T14:58:56Z,2023-02-15T19:36:10Z,PT4H37M21S,2023-02-15T20:41:57Z
YjSKNckAPgo,House Education (02/15/23),yes,Education,2023-02-15,title,yes,2023-02-15 08:58:27,2023-02-15T13:58:27Z,2023-02-15T20:00:42Z,PT6H2M16S,2023-02-15T20:52:12Z
ksI1-AJHMUs,House Commerce and Consumer Affairs (02/15/23),yes,Commerce and Consumer Affairs,2023-02-15,title,yes,2023-02-15 09:58:51,2023-02-15T14:58:51Z,2023-02-15T20:52:13Z,PT5H53M20S,2023-02-15T22:37:45Z
ONotX-D8LR8,House Municipal and County Government (02/15/23),yes,Municipal and County Government,2023-02-15,title,yes,2023-02-15 10:29:01,2023-02-15T15:29:01Z,2023-02-15T20:19:37Z,PT4H50M43S,2023-02-15T22:57:03Z
fwfKd2QiW2A,House Executive Departments and Administration (02/15/23),yes,Executive Departments and Administration,2023-02-15,title,yes,2023-02-15 09:30:36,2023-02-15T14:30:36Z,2023-02-15T21:10:53Z,PT6H40M13S,2023-02-15T23:20:27Z
NF9fIYJm2p0,"House Health, Human Services and Elderly Affairs (02/15/23)",yes,"Health, Human Services and Elderly Affairs",2023-02-15,title,yes,2023-02-15 09:08:01,2023-02-15T14:08:01Z,2023-02-15T21:33:46Z,PT7H25M30S,2023-02-15T23:37:47Z
SQbi9bLoV4c,House Judiciary (02/15/23),yes,Judiciary,2023-02-15,title,yes,2023-02-15 08:58:47,2023-02-15T13:58:47Z,2023-02-15T22:17:09Z,PT8H18M31S,2023-02-16T00:41:14Z
jp_9UUCtcDk,House Special Committee on Childcare (02/15/23),yes,Special Committee on Childcare,2023-02-15,title,yes,2023-02-15 09:58:52,2023-02-15T14:58:52Z,2023-02-15T16:02:02Z,PT1H3M15S,2023-02-16T04:14:52Z
y3EgEPxnyyQ,House Finance (02/15/23),yes,Finance,2023-02-15,title,yes,2023-02-15 09:58:56,2023-02-15T14:58:56Z,2023-02-15T18:05:21Z,PT3H6M19S,2023-02-16T06:28:44Z
ro9RQic5HpQ,House Finance Division I (02/15/23),yes,Finance Division I,2023-02-15,title,yes,2023-02-15 12:58:21,2023-02-15T17:58:21Z,2023-02-15T19:03:30Z,PT1H5M18S,2023-02-16T07:09:53Z
uFoA1uLsXjA,House Finance Division II (02/15/23),yes,Finance Division II,2023-02-15,title,yes,2023-02-15 12:58:17,2023-02-15T17:58:17Z,2023-02-15T19:16:50Z,PT1H18M32S,2023-02-16T07:25:17Z
7-Lr7hZZTIA,"House Science, Technology and Energy (02/15/23)",yes,"Science, Technology and Energy",2023-02-15,title,yes,2023-02-15 12:59:06,2023-02-15T17:59:06Z,2023-02-15T19:43:30Z,PT1H44M36S,2023-02-16T07:53:45Z
IAbsqfoDy50,House Ways and Means (02/16/23),yes,Ways and Means,2023-02-16,title,yes,2023-02-16 09:56:31,2023-02-16T14:56:31Z,2023-02-16T19:34:45Z,PT4H38M26S,2023-02-16T20:19:33Z
1M-vG-EzhAY,House Finance Division II (02/16/23),yes,Finance Division II,2023-02-16,title,yes,2023-02-16 09:56:37,2023-02-16T14:56:37Z,2023-02-16T19:39:31Z,PT4H43M6S,2023-02-16T20:40:57Z
WHvCcPLBgUQ,House Executive Departments and Administration (02/16/23),yes,Executive Departments and Administration,2023-02-16,title,yes,2023-02-16 09:59:17,2023-02-16T14:59:17Z,2023-02-16T20:01:44Z,PT5H2M33S,2023-02-16T21:34:06Z
NkiKMk2J5iM,House Education (02/16/23),yes,Education,2023-02-16,title,yes,2023-02-16 09:02:21,2023-02-16T14:02:21Z,2023-02-16T20:22:21Z,PT6H20M6S,2023-02-16T22:02:48Z
zk-wz8uM-Go,House Judiciary (02/16/23),yes,Judiciary,2023-02-16,title,yes,2023-02-16 08:57:46,2023-02-16T13:57:46Z,2023-02-16T21:02:58Z,PT7H5M13S,2023-02-16T22:25:47Z
RH7LagoQNQ0,House Finance Division I (02/16/23),yes,Finance Division I,2023-02-16,title,yes,2023-02-16 09:33:31,2023-02-16T14:33:31Z,2023-02-16T20:51:01Z,PT6H17M27S,2023-02-16T22:26:20Z
coVoKQp-HfA,"House Science, Technology and Energy (02/16/23)",yes,"Science, Technology and Energy",2023-02-16,title,yes,2023-02-16 08:58:16,2023-02-16T13:58:16Z,2023-02-16T20:52:49Z,PT6H54M41S,2023-02-16T22:32:04Z
EtPX8lmfjLc,"House Health, Human Services and Elderly Affairs (02/16/23)",yes,"Health, Human Services and Elderly Affairs",2023-02-16,title,yes,2023-02-16 08:57:52,2023-02-16T13:57:52Z,2023-02-16T21:49:41Z,PT7H52M,2023-02-16T22:48:11Z
TmXXvZdJytM,"House Labor, Industrial and Rehabilitative Services (02/16/23)",yes,"Labor, Industrial and Rehabilitative Services",2023-02-16,title,yes,2023-02-16 09:59:12,2023-02-16T14:59:12Z,2023-02-16T21:22:29Z,PT6H23M31S,2023-02-16T23:00:41Z
I7aEX8-FZLk,House Criminal Justice and Public Safety (02/16/23),yes,Criminal Justice and Public Safety,2023-02-16,title,yes,2023-02-16 09:01:41,2023-02-16T14:01:41Z,2023-02-16T17:29:40Z,PT3H28M5S,2023-02-17T06:03:40Z
FdR3zcCNvYM,House Criminal Justice and Public Safety (02/17/23),yes,Criminal Justice and Public Safety,2023-02-17,title,yes,2023-02-17 08:58:07,2023-02-17T13:58:07Z,2023-02-17T18:18:12Z,PT4H20M6S,2023-02-17T18:44:54Z
R3--t-6PNe8,House Special Committee on Housing (02/17/23),yes,Special Committee on Housing,2023-02-17,title,yes,2023-02-17 09:59:12,2023-02-17T14:59:12Z,2023-02-17T20:23:30Z,PT5H24M24S,2023-02-17T21:03:28Z
-Ovk1HXkFw4,House Finance Division I (02/17/23),yes,Finance Division I,2023-02-17,title,yes,2023-02-17 09:28:42,2023-02-17T14:28:42Z,2023-02-17T20:25:29Z,PT5H56M21S,2023-02-17T21:51:31Z
6V6m8alr9hA,Administrative Rules (02/17/2023),yes,Administrative Rules,2023-02-17,title,yes,2023-02-17 08:55:41,2023-02-17T13:55:41Z,2023-02-17T14:48:12Z,PT52M26S,2023-02-18T03:05:24Z
_ZLlFKmPqrU,Fiscal Committee (02/17/23),yes,Fiscal Committee,2023-02-17,title,yes,2023-02-17 09:59:06,2023-02-17T14:59:06Z,2023-02-17T16:10:47Z,PT1H11M51S,2023-02-18T04:19:32Z
vWnB0moIFSU,House Executive Departments and Administration (02/17/23),yes,Executive Departments and Administration,2023-02-17,title,yes,2023-02-17 09:59:11,2023-02-17T14:59:11Z,2023-02-17T16:31:30Z,PT1H32M31S,2023-02-18T05:04:04Z
uIfa-4a4s64,House Finance Division III (02/17/23),yes,Finance Division III,2023-02-17,title,yes,2023-02-17 12:59:42,2023-02-17T17:59:42Z,2023-02-17T20:03:05Z,PT2H3M31S,2023-02-18T08:20:42Z
AOHn6XM44hg,House Executive Departments and Administration (02/21/23),yes,Executive Departments and Administration,2023-02-21,title,yes,2023-02-21 09:58:42,2023-02-21T14:58:42Z,2023-02-21T15:43:57Z,PT45M,2023-02-21T15:48:39Z
xk0HMbIYbkY,"House Science, Technology and Energy (02/21/23)",yes,"Science, Technology and Energy",2023-02-21,title,yes,2023-02-21 08:59:17,2023-02-21T13:59:17Z,2023-02-21T18:01:53Z,PT4H2M46S,2023-02-21T18:27:50Z
VkFfnu9Y-AU,House Finance Division III (02/21/23),yes,Finance Division III,2023-02-21,title,yes,2023-02-21 09:58:37,2023-02-21T14:58:37Z,2023-02-21T19:32:19Z,PT4H33M41S,2023-02-21T21:06:46Z
DXOqH2nb194,House Transportation (02/21/23),yes,Transportation,2023-02-21,title,yes,2023-02-21 09:29:06,2023-02-21T14:29:06Z,2023-02-21T19:32:59Z,PT5H4M6S,2023-02-21T21:07:07Z
7bhgoYrQ7Ao,House Finance Division I (02/21/23),yes,Finance Division I,2023-02-21,title,yes,2023-02-21 09:29:07,2023-02-21T14:29:07Z,2023-02-21T19:30:40Z,PT5H1M41S,2023-02-21T21:14:12Z
583m2woQ9Gc,House Education (02/21/23),yes,Education,2023-02-21,title,yes,2023-02-21 08:59:12,2023-02-21T13:59:12Z,2023-02-21T20:12:14Z,PT6H13M16S,2023-02-21T21:16:38Z
1H1UOmO5MUo,House Election Law (02/21/23),yes,Election Law,2023-02-21,title,yes,2023-02-21 09:58:32,2023-02-21T14:58:32Z,2023-02-21T21:34:27Z,PT6H35M33S,2023-02-21T23:13:08Z
ivuYbjQSpPo,House Environment and Agriculture (02/21/23),yes,Environment and Agriculture,2023-02-21,title,yes,2023-02-21 10:34:01,2023-02-21T15:34:01Z,2023-02-21T21:47:22Z,PT6H13M26S,2023-02-21T23:27:14Z
Wm9FEjfY8KQ,House Children and Family Law (02/21/23),yes,Children and Family Law,2023-02-21,title,yes,2023-02-21 09:29:12,2023-02-21T14:29:12Z,2023-02-21T20:56:26Z,PT6H27M26S,2023-02-22T01:27:48Z
WGFC693sm_Y,House Criminal Justice and Public Safety (02/21/23),yes,Criminal Justice and Public Safety,2023-02-21,title,yes,2023-02-21 09:59:02,2023-02-21T14:59:02Z,2023-02-21T18:30:38Z,PT3H31M35S,2023-02-22T06:52:11Z
QGuIOJYm54Y,House Finance Division II (02/21/23),yes,Finance Division II,2023-02-21,title,yes,2023-02-21 10:56:13,2023-02-21T15:56:13Z,2023-02-21T19:35:54Z,PT3H39M56S,2023-02-22T08:16:47Z
Du0nZqAq0xM,House Finance (02/21/23),yes,Finance,2023-02-21,title,yes,2023-02-21 14:30:12,2023-02-21T19:30:12Z,2023-02-21T21:10:33Z,PT1H40M31S,2023-02-22T09:23:40Z
Zt-1c2yXPl8,House Session (02/22/23),yes,Session,2023-02-22,title,yes,2023-02-22 09:58:57,2023-02-22T14:58:57Z,2023-02-22T21:58:22Z,PT6H59M27S,2023-02-22T23:06:39Z
aw2tj0rN7qo,House Session (02/23/23),yes,Session,2023-02-23,title,yes,2023-02-23 10:59:21,2023-02-23T15:59:21Z,2023-02-23T21:27:43Z,PT5H27M41S,2023-02-23T23:09:00Z
7kPAUcEd1gk,House Public Works and Highways (02/24/23),yes,Public Works and Highways,2023-02-24,title,yes,2023-02-24 10:03:21,2023-02-24T15:03:21Z,2023-02-24T19:28:19Z,PT4H25M6S,2023-02-24T20:31:36Z
jBoxr5A4Yk8,House Finance Division I (02/24/23),yes,Finance Division I,2023-02-24,title,yes,2023-02-24 09:29:17,2023-02-24T14:29:17Z,2023-02-24T19:48:30Z,PT5H19M26S,2023-02-24T22:32:24Z
8amkbMzvZM8,House Education (02/24/23),yes,Education,2023-02-24,title,yes,2023-02-24 09:29:12,2023-02-24T14:29:12Z,2023-02-24T21:38:59Z,PT7H9M56S,2023-02-24T23:12:59Z
w4H2qT90WXE,House Executive Departments and Administration (02/24/23),yes,Executive Departments and Administration,2023-02-24,title,yes,2023-02-24 08:59:51,2023-02-24T13:59:51Z,2023-02-24T15:44:00Z,PT1H43M55S,2023-02-25T03:52:16Z
rFGXcb4d46A,House Criminal Justice and Public Safety (02/24/23),yes,Criminal Justice and Public Safety,2023-02-24,title,yes,2023-02-24 08:58:51,2023-02-24T13:58:51Z,2023-02-24T16:18:52Z,PT2H20M1S,2023-02-25T04:48:54Z
o0wMazyft3Y,Health and Human Services Oversight Committee (02/24/23),yes,Health and Human Services Oversight Committee,2023-02-24,title,yes,2023-02-24 09:59:52,2023-02-24T14:59:52Z,2023-02-24T16:55:06Z,PT1H55M26S,2023-02-25T05:05:37Z
nn1WpaytgDE,House Finance Division III (02/24/23),yes,Finance Division III,2023-02-24,title,yes,2023-02-24 13:00:31,2023-02-24T18:00:31Z,2023-02-24T20:00:14Z,PT1H59M56S,2023-02-25T08:27:52Z
eWYDBLbeHQA,House Ways and Means (02/27/23),yes,Ways and Means,2023-02-27,title,yes,2023-02-27 09:58:52,2023-02-27T14:58:52Z,2023-02-27T19:08:26Z,PT4H9M46S,2023-02-27T20:20:20Z
l5qjt_wlqAk,House Finance Division III (02/27/23),yes,Finance Division III,2023-02-27,title,yes,2023-02-27 09:58:46,2023-02-27T14:58:46Z,2023-02-27T20:59:35Z,PT6H54S,2023-02-27T21:48:54Z
AsU69CA0EbU,House Election Law (02/28/23),yes,Election Law,2023-02-28,title,yes,2023-02-28 09:57:36,2023-02-28T14:57:36Z,2023-02-28T20:33:30Z,PT5H35M40S,2023-02-28T21:44:47Z
7Mdp6TfxRFY,House Environment and Agriculture (02/28/23),yes,Environment and Agriculture,2023-02-28,title,yes,2023-02-28 09:29:16,2023-02-28T14:29:16Z,2023-02-28T19:20:02Z,PT4H50M51S,2023-02-28T22:16:00Z
wQhRWX4sR4w,House Finance Division II (02/28/23),yes,Finance Division II,2023-02-28,title,yes,2023-02-28 09:57:42,2023-02-28T14:57:42Z,2023-02-28T19:55:27Z,PT4H57M56S,2023-02-28T22:17:08Z
E9znqeT3_eI,House Executive Departments and Administration (02/28/23),yes,Executive Departments and Administration,2023-02-28,title,yes,2023-02-28 09:59:11,2023-02-28T14:59:11Z,2023-02-28T16:29:05Z,PT1H30M6S,2023-03-01T05:07:51Z
YXwjDFDDqiU,House Finance Division III (02/28/23),yes,Finance Division III,2023-02-28,title,yes,2023-02-28 09:58:31,2023-02-28T14:58:31Z,2023-02-28T17:46:35Z,PT2H47M56S,2023-03-01T06:01:28Z
jzlMt8tcfUE,"House Health, Human Services and Elderly Affairs (03/01/23)",yes,"Health, Human Services and Elderly Affairs",2023-03-01,title,yes,2023-03-01 08:59:11,2023-03-01T13:59:11Z,2023-03-01T19:13:23Z,PT5H14M8S,2023-03-01T21:00:43Z
LXO09ZZzVqI,House Ways and Means (03/01/23),yes,Ways and Means,2023-03-01,title,yes,2023-03-01 09:59:23,2023-03-01T14:59:23Z,2023-03-01T19:54:48Z,PT4H55M26S,2023-03-01T21:15:48Z
KCdqZoNvaOI,House Finance Division II (03/01/23),yes,Finance Division II,2023-03-01,title,yes,2023-03-01 09:59:22,2023-03-01T14:59:22Z,2023-03-01T19:39:59Z,PT4H40M46S,2023-03-01T21:31:22Z
RiXNLi2af0w,House Finance Division III (03/01/23),yes,Finance Division III,2023-03-01,title,yes,2023-03-01 09:59:26,2023-03-01T14:59:26Z,2023-03-01T17:53:34Z,PT2H54M6S,2023-03-02T06:32:04Z
3qXxcwYVGqM,House Finance Division I (03/02/2023),yes,Finance Division I,2023-03-02,title,yes,2023-03-02 09:29:06,2023-03-02T14:29:06Z,2023-03-02T18:54:16Z,PT4H24M43S,2023-03-02T20:03:46Z
vB6REKIe3aI,"House Science, Technology and Energy (03/02/2023)",yes,"Science, Technology and Energy",2023-03-02,title,yes,2023-03-02 10:28:17,2023-03-02T15:28:17Z,2023-03-02T17:05:42Z,PT1H37M34S,2023-03-03T05:49:54Z
6COe8um2Ppc,"House Labor, Industrial and Rehabilitative Services (03/02/23)",yes,"Labor, Industrial and Rehabilitative Services",2023-03-02,title,yes,2023-03-02 10:08:11,2023-03-02T15:08:11Z,2023-03-02T18:05:22Z,PT2H57M1S,2023-03-03T06:31:53Z
RUWCqrnZS08,House Finance Division I (03/03/23),yes,Finance Division I,2023-03-03,title,yes,2023-03-03 09:29:06,2023-03-03T14:29:06Z,2023-03-03T21:53:04Z,PT7H23M51S,2023-03-03T22:25:40Z
7Nleop23H_o,House Public Works and Highways (03/06/23),yes,Public Works and Highways,2023-03-06,title,yes,2023-03-06 09:02:46,2023-03-06T14:02:46Z,2023-03-06T21:49:57Z,PT7H47M16S,2023-03-07T00:45:37Z
cxlf7cucGdM,House Finance (03/06/23),yes,Finance,2023-03-06,title,yes,2023-03-06 09:59:26,2023-03-06T14:59:26Z,2023-03-06T17:07:10Z,PT2H7M41S,2023-03-07T05:23:21Z
c28kuxudn_I,House Education (03/06/23),yes,Education,2023-03-06,title,yes,2023-03-06 09:35:56,2023-03-06T14:35:56Z,2023-03-06T17:54:25Z,PT3H18M41S,2023-03-07T06:20:37Z
L3ZccaUR7VA,House Finance Division I (03/06/23),yes,Finance Division I,2023-03-06,title,yes,2023-03-06 12:58:17,2023-03-06T17:58:17Z,2023-03-06T19:45:39Z,PT1H47M36S,2023-03-07T08:00:04Z
iX3pNFSvbZ4,House Finance Division II (03/06/23),yes,Finance Division II,2023-03-06,title,yes,2023-03-06 12:58:02,2023-03-06T17:58:02Z,2023-03-06T20:06:49Z,PT2H8M39S,2023-03-07T08:14:42Z
ME4IQcZlZrU,House Finance Division III (03/06/23),yes,Finance Division III,2023-03-06,title,yes,2023-03-06 13:57:41,2023-03-06T18:57:41Z,2023-03-06T20:40:00Z,PT1H42M16S,2023-03-07T08:59:42Z
a-mEXWtWGM4,"House Science, Technology and Energy (03/07/23)",yes,"Science, Technology and Energy",2023-03-07,title,yes,2023-03-07 08:58:36,2023-03-07T13:58:36Z,2023-03-07T18:02:15Z,PT4H3M35S,2023-03-07T18:44:33Z
7kSXLfwr0d4,House Commerce and Consumer Affairs (03/07/23),yes,Commerce and Consumer Affairs,2023-03-07,title,yes,2023-03-07 09:44:16,2023-03-07T14:44:16Z,2023-03-07T18:55:59Z,PT4H11M40S,2023-03-07T19:51:37Z
INSeXugWoWs,House Fish and Game and Marine Resources (03/07/23),yes,Fish and Game and Marine Resources,2023-03-07,title,yes,2023-03-07 10:01:52,2023-03-07T15:01:52Z,2023-03-07T20:20:03Z,PT5H18M,2023-03-07T21:45:15Z
7sZTmOzJJB4,House Ways and Means (03/07/23),yes,Ways and Means,2023-03-07,title,yes,2023-03-07 09:58:47,2023-03-07T14:58:47Z,2023-03-07T19:51:23Z,PT4H52M33S,2023-03-07T22:00:25Z
mKQazO-vdps,House Finance Division II (03/07/23),yes,Finance Division II,2023-03-07,title,yes,2023-03-07 09:58:47,2023-03-07T14:58:47Z,2023-03-07T21:17:35Z,PT6H18M49S,2023-03-07T22:40:03Z
Z_IisPrVeuM,House Finance Division I (03/07/23),yes,Finance Division I,2023-03-07,title,yes,2023-03-07 09:29:01,2023-03-07T14:29:01Z,2023-03-07T20:53:29Z,PT6H24M18S,2023-03-07T22:40:37Z
nPVDLFluk-4,"House Health, Human Services and Elderly Affairs (03/07/23)",yes,"Health, Human Services and Elderly Affairs",2023-03-07,title,yes,2023-03-07 09:59:27,2023-03-07T14:59:27Z,2023-03-07T21:31:55Z,PT6H32M39S,2023-03-07T22:42:00Z
WEneqFmyjq4,House Education (03/07/23),yes,Education,2023-03-07,title,yes,2023-03-07 09:29:12,2023-03-07T14:29:12Z,2023-03-07T21:54:42Z,PT7H25M20S,2023-03-07T23:28:05Z
aLRYrTrwIHo,House Children and Family Law (03/07/23),yes,Children and Family Law,2023-03-07,title,yes,2023-03-07 09:29:11,2023-03-07T14:29:11Z,2023-03-07T22:26:46Z,PT7H57M25S,2023-03-07T23:59:02Z
vi7JP-TGboc,House Election Law (03/07/23),yes,Election Law,2023-03-07,title,yes,2023-03-07 09:59:52,2023-03-07T14:59:52Z,2023-03-07T21:49:12Z,PT6H49M19S,2023-03-08T02:39:09Z
-iWFQuQeru0,House Environment and Agriculture (03/07/23),yes,Environment and Agriculture,2023-03-07,title,yes,2023-03-07 09:29:17,2023-03-07T14:29:17Z,2023-03-07T16:50:29Z,PT2H21M21S,2023-03-08T05:13:12Z
RzOa_t5zxB8,House Transportation (03/07/23),yes,Transportation,2023-03-07,title,yes,2023-03-07 09:59:57,2023-03-07T14:59:57Z,2023-03-07T16:40:37Z,PT1H40M41S,2023-03-08T05:16:54Z
zM4dsqvjdMM,"House Labor, Industrial and Rehabilitative Services (03/07/23)",yes,"Labor, Industrial and Rehabilitative Services",2023-03-07,title,yes,2023-03-07 12:55:47,2023-03-07T17:55:47Z,2023-03-07T18:55:20Z,PT59M44S,2023-03-08T07:06:16Z
ZC3E5d_1_tE,House Finance Division III (03/07/23),yes,Finance Division III,2023-03-07,title,yes,2023-03-07 09:58:46,2023-03-07T14:58:46Z,2023-03-07T18:48:45Z,PT3H49M53S,2023-03-08T07:40:07Z
la6HGrrk5rQ,House Executive Departments and Administration Subcommittee Work Session (03/08/23),yes,Executive Departments and Administration Subcommittee Work Session,2023-03-08,title,yes,2023-03-08 09:13:52,2023-03-08T14:13:52Z,2023-03-08T14:16:16Z,PT2M6S,2023-03-08T14:17:46Z
pkFRQ-alwlw,House Legislative Administration (03/08/23),yes,Legislative Administration,2023-03-08,title,yes,2023-03-08 09:58:12,2023-03-08T14:58:12Z,2023-03-08T19:45:02Z,PT4H46M52S,2023-03-08T20:29:21Z
y-JeTOzi6xY,House Commerce and Consumer Affairs (03/08/23),yes,Commerce and Consumer Affairs,2023-03-08,title,yes,2023-03-08 09:58:12,2023-03-08T14:58:12Z,2023-03-08T19:58:00Z,PT4H59M56S,2023-03-08T20:34:42Z
SyPgf4_b_to,House Finance Division II (03/08/23),yes,Finance Division II,2023-03-08,title,yes,2023-03-08 09:58:17,2023-03-08T14:58:17Z,2023-03-08T20:00:28Z,PT5H2M10S,2023-03-08T21:01:12Z
Qh1FoBfCdzs,House Finance Division I (03/08/23),yes,Finance Division I,2023-03-08,title,yes,2023-03-08 09:58:16,2023-03-08T14:58:16Z,2023-03-08T21:05:47Z,PT6H7M28S,2023-03-08T22:58:50Z
7U9jeB_eavc,"House Health, Human Services and Elderly Affairs (03/08/23)",yes,"Health, Human Services and Elderly Affairs",2023-03-08,title,yes,2023-03-08 08:58:41,2023-03-08T13:58:41Z,2023-03-08T22:15:51Z,PT8H17M21S,2023-03-08T23:57:08Z
tEgAVAci2ec,House Education (03/08/23),yes,Education,2023-03-08,title,yes,2023-03-08 09:29:26,2023-03-08T14:29:26Z,2023-03-08T21:34:35Z,PT7H5M10S,2023-03-09T00:14:57Z
yBcSLpOcGns,House Executive Departments and Administration Subcommittee Work Session on HB 258 (03/08/23),yes,Executive Departments and Administration Subcommittee Work Session on HB 258,2023-03-08,title,yes,2023-03-08 08:58:51,2023-03-08T13:58:51Z,2023-03-08T14:31:41Z,PT31M57S,2023-03-09T02:48:40Z
r1ZhuQ9l5Gg,House Judiciary (03/08/23),yes,Judiciary,2023-03-08,title,yes,2023-03-08 09:00:16,2023-03-08T14:00:16Z,2023-03-08T21:35:18Z,PT7H35M1S,2023-03-09T04:28:51Z
YcBo7Ap_bgg,House Ways and Means (03/08/23),yes,Ways and Means,2023-03-08,title,yes,2023-03-08 13:04:32,2023-03-08T18:04:32Z,2023-03-08T19:02:55Z,PT58M25S,2023-03-09T07:10:04Z
cNMsCP9aimA,House Executive Departments and Administration (03/08/23),yes,Executive Departments and Administration,2023-03-08,title,yes,2023-03-08 08:59:41,2023-03-08T13:59:41Z,2023-03-08T20:45:16Z,PT6H44M37S,2023-03-09T07:52:42Z
1wS0NHu3qTc,"House Resources, Recreation and Development (03/08/23)",yes,"Resources, Recreation and Development",2023-03-08,title,yes,2023-03-08 10:57:42,2023-03-08T15:57:42Z,2023-03-08T19:53:51Z,PT3H55M15S,2023-03-09T08:11:23Z
S4dHxfM5L0o,House Finance Division III (03/08/23),yes,Finance Division III,2023-03-08,title,yes,2023-03-08 13:02:57,2023-03-08T18:02:57Z,2023-03-08T21:30:50Z,PT3H27M46S,2023-03-09T09:53:08Z
MkzxTQVw0WQ,House Session (03/09/23),yes,Session,2023-03-09,title,yes,2023-03-09 10:01:06,2023-03-09T15:01:06Z,2023-03-09T23:32:20Z,PT8H31M16S,2023-03-10T01:16:16Z
vRi2I2VLCQI,House Finance Division I (03/10/23),yes,Finance Division I,2023-03-10,title,yes,2023-03-10 09:29:02,2023-03-10T14:29:02Z,2023-03-10T20:11:27Z,PT5H42M36S,2023-03-10T21:23:28Z
YpaNJCr78Js,House Finance Division II (03/10/23),yes,Finance Division II,2023-03-10,title,yes,2023-03-10 09:59:07,2023-03-10T14:59:07Z,2023-03-10T20:51:03Z,PT5H52M6S,2023-03-10T21:39:34Z
EAWDIf8sov0,House Public Works and Highways (03/10/23),yes,Public Works and Highways,2023-03-10,title,yes,2023-03-10 10:28:12,2023-03-10T15:28:12Z,2023-03-10T20:43:09Z,PT5H15M6S,2023-03-10T21:55:47Z
He_H6RbozhA,House Executive Departments and Administration (03/10/23),yes,Executive Departments and Administration,2023-03-10,title,yes,2023-03-10 10:59:27,2023-03-10T15:59:27Z,2023-03-10T21:12:48Z,PT5H13M31S,2023-03-10T23:12:06Z
t3liU4jL5js,Capital Budget Overview Committee (03/10/2023),yes,Capital Budget Overview Committee,2023-03-10,title,yes,2023-03-10 08:58:21,2023-03-10T13:58:21Z,2023-03-10T14:32:38Z,PT34M26S,2023-03-11T02:38:12Z
CwZ52DWil_E,Long Range Capital Planning & Utilization Committee (03/10/2023),yes,Long Range Capital Planning & Utilization Committee,2023-03-10,title,yes,2023-03-10 09:33:42,2023-03-10T14:33:42Z,2023-03-10T14:58:56Z,PT25M25S,2023-03-11T03:01:27Z
XX4QMfeApP4,House Criminal Justice and Public Safety (03/10/23),yes,Criminal Justice and Public Safety,2023-03-10,title,yes,2023-03-10 08:58:42,2023-03-10T13:58:42Z,2023-03-10T17:54:26Z,PT3H55M41S,2023-03-11T06:26:48Z
6gGrWP8uyY0,House Education (03/10/23),yes,Education,2023-03-10,title,yes,2023-03-10 09:36:56,2023-03-10T14:36:56Z,2023-03-10T18:10:06Z,PT3H33M1S,2023-03-11T06:59:56Z
0elDsK9gYkw,House Finance Division III (03/10/23),yes,Finance Division III,2023-03-10,title,yes,2023-03-10 13:57:26,2023-03-10T18:57:26Z,2023-03-10T21:57:20Z,PT2H59M41S,2023-03-11T10:35:06Z
EcdVEtZefDg,House Education (03/13/23),yes,Education,2023-03-13,title,yes,2023-03-13 09:02:47,2023-03-13T13:02:47Z,2023-03-13T13:03:19Z,PT45S,2023-03-13T13:04:04Z
WAInUx3Iy0U,House Finance Division I (03/13/23),yes,Finance Division I,2023-03-13,title,yes,2023-03-13 09:25:42,2023-03-13T13:25:42Z,2023-03-13T17:54:40Z,PT4H29M11S,2023-03-13T18:52:19Z
5y01tvyM7M0,House Ways and Means (03/13/23),yes,Ways and Means,2023-03-13,title,yes,2023-03-13 08:58:32,2023-03-13T12:58:32Z,2023-03-13T18:03:28Z,PT5H5M1S,2023-03-13T19:38:46Z
ug_iEBg2lCM,House Education (03/13/23),yes,Education,2023-03-13,title,yes,2023-03-13 09:31:32,2023-03-13T13:31:32Z,2023-03-13T19:04:34Z,PT5H32M31S,2023-03-13T19:47:00Z
TiY7l7nEN5I,"House Health, Human Services and Elderly Affairs (03/13/23)",yes,"Health, Human Services and Elderly Affairs",2023-03-13,title,yes,2023-03-13 09:35:21,2023-03-13T13:35:21Z,2023-03-13T18:52:18Z,PT5H15M27S,2023-03-13T20:24:55Z
H32JUGKRW0s,House Public Works and Highways (03/13/23),yes,Public Works and Highways,2023-03-13,title,yes,2023-03-13 09:58:22,2023-03-13T13:58:22Z,2023-03-13T19:32:14Z,PT5H33M51S,2023-03-13T20:37:00Z
e-QztWzisk4,"House Science, Technology and Energy (03/13/23)",yes,"Science, Technology and Energy",2023-03-13,title,yes,2023-03-13 09:01:12,2023-03-13T13:01:12Z,2023-03-13T19:52:45Z,PT6H51M,2023-03-13T21:22:49Z
wajbxnfn2_g,House Finance Division II (03/13/23),yes,Finance Division II,2023-03-13,title,yes,2023-03-13 09:56:37,2023-03-13T13:56:37Z,2023-03-13T16:28:01Z,PT2H31M36S,2023-03-14T04:50:32Z
GhEW6hCuJ7w,House Finance Division III (03/13/23),yes,Finance Division III,2023-03-13,title,yes,2023-03-13 09:56:38,2023-03-13T13:56:38Z,2023-03-13T17:33:33Z,PT3H36M36S,2023-03-14T06:10:13Z
HXLRQYYVL50,House Finance (03/13/23),yes,Finance,2023-03-13,title,yes,2023-03-13 13:58:57,2023-03-13T17:58:57Z,2023-03-13T21:52:29Z,PT3H53M41S,2023-03-14T10:34:49Z
XUYtRVbdHU8,House Education (03/15/23),yes,Education,2023-03-15,title,yes,2023-03-15 09:29:22,2023-03-15T13:29:22Z,2023-03-15T18:22:15Z,PT4H52M51S,2023-03-15T19:47:28Z
-uNvw8uTO14,House Finance (03/15/23),yes,Finance,2023-03-15,title,yes,2023-03-15 09:59:52,2023-03-15T13:59:52Z,2023-03-15T19:08:24Z,PT5H8M36S,2023-03-15T20:13:40Z
mKEoMwOl_fY,House Public Works and Highways (03/15/23),yes,Public Works and Highways,2023-03-15,title,yes,2023-03-15 09:56:32,2023-03-15T13:56:32Z,2023-03-15T19:49:17Z,PT5H52M56S,2023-03-15T21:11:00Z
JK5y7YVOo78,House Executive Departments and Administration (03/15/23),yes,Executive Departments and Administration,2023-03-15,title,yes,2023-03-15 09:59:46,2023-03-15T13:59:46Z,2023-03-15T20:16:11Z,PT6H16M21S,2023-03-15T22:04:50Z
vgIRvJpQZWw,House Election Law (03/15/23),yes,Election Law,2023-03-15,title,yes,2023-03-15 09:56:27,2023-03-15T13:56:27Z,2023-03-15T15:18:09Z,PT1H21M51S,2023-03-16T03:29:17Z
ngSKDaaQK64,House Commerce and Consumer Affairs (03/15/23),yes,Commerce and Consumer Affairs,2023-03-15,title,yes,2023-03-15 09:59:27,2023-03-15T13:59:27Z,2023-03-15T15:40:17Z,PT1H40M56S,2023-03-16T03:57:48Z
YmoeDPFGXxY,House Children and Family Law (03/15/23),yes,Children and Family Law,2023-03-15,title,yes,2023-03-15 09:29:31,2023-03-15T13:29:31Z,2023-03-15T17:00:03Z,PT3H30M31S,2023-03-16T06:07:40Z
KLRGZXXJ8UY,House Ways and Means (03/15/23),yes,Ways and Means,2023-03-15,title,yes,2023-03-15 10:58:46,2023-03-15T14:58:46Z,2023-03-15T18:19:35Z,PT3H21M1S,2023-03-16T06:45:11Z
zszt25KD-M0,"House Labor, Industrial and Rehabilitative Services (03/15/23)",yes,"Labor, Industrial and Rehabilitative Services",2023-03-15,title,yes,2023-03-15 13:58:56,2023-03-15T17:58:56Z,2023-03-15T20:29:26Z,PT2H30M40S,2023-03-16T09:07:22Z
PyzCV3VEt1Y,House Session (03/16/23),yes,Session,2023-03-16,title,yes,2023-03-16 08:57:46,2023-03-16T12:57:46Z,2023-03-16T20:33:13Z,PT7H35M11S,2023-03-16T22:32:04Z
qXi2hZuUoYo,House Finance Division II (03/17/23),yes,Finance Division II,2023-03-17,title,yes,2023-03-17 10:02:37,2023-03-17T14:02:37Z,2023-03-17T20:07:51Z,PT6H5M10S,2023-03-17T20:59:01Z
zjYnJ707Il0,House Finance Division III (03/17/23),yes,Finance Division III,2023-03-17,title,yes,2023-03-17 09:35:06,2023-03-17T13:35:06Z,2023-03-17T20:39:18Z,PT7H3M50S,2023-03-17T21:52:43Z
5M8BpoOh55A,House Finance Division I (03/17/23),yes,Finance Division I,2023-03-17,title,yes,2023-03-17 09:33:32,2023-03-17T13:33:32Z,2023-03-17T19:42:46Z,PT6H8M4S,2023-03-17T22:48:30Z
TL-W0WNjrIc,Administrative Rules (03/17/2023),yes,Administrative Rules,2023-03-17,title,yes,2023-03-17 08:57:07,2023-03-17T12:57:07Z,2023-03-17T14:09:14Z,PT1H12M16S,2023-03-18T02:56:14Z
k2qHbXgMq9M,House Public Works and Highways (03/17/23),yes,Public Works and Highways,2023-03-17,title,yes,2023-03-17 10:02:37,2023-03-17T14:02:37Z,2023-03-17T16:13:01Z,PT2H10M36S,2023-03-18T05:14:59Z
CR2PoKb0TwU,House Finance Division II (03/20/23),yes,Finance Division II,2023-03-20,title,yes,2023-03-20 09:57:27,2023-03-20T13:57:27Z,2023-03-20T19:59:21Z,PT6H1M41S,2023-03-20T21:40:50Z
2qQb6VSy26g,House Finance Division III (03/20/23),yes,Finance Division III,2023-03-20,title,yes,2023-03-20 09:29:07,2023-03-20T13:29:07Z,2023-03-20T21:50:50Z,PT8H21M8S,2023-03-20T23:30:10Z
noJI9CsY-_Y,House Finance Division I (03/20/23),yes,Finance Division I,2023-03-20,title,yes,2023-03-20 09:29:11,2023-03-20T13:29:11Z,2023-03-20T15:54:16Z,PT2H25M16S,2023-03-21T04:04:35Z
N2edJLjqZPc,House Public Works and Highways (03/20/23),yes,Public Works and Highways,2023-03-20,title,yes,2023-03-20 09:57:32,2023-03-20T13:57:32Z,2023-03-20T16:41:24Z,PT2H43M51S,2023-03-21T05:00:30Z
nX2Ifmx3zp0,House Finance (03/20/23),yes,Finance,2023-03-20,title,yes,2023-03-20 12:59:11,2023-03-20T16:59:11Z,2023-03-20T18:58:23Z,PT1H59M21S,2023-03-21T07:12:28Z
9Ierom7gW3E,House Finance Division I (03/20/23 - Afternoon Session),NO,,,title,yes,2023-03-20 15:07:42,2023-03-20T19:07:42Z,2023-03-20T21:08:06Z,PT2H36S,2023-03-21T09:25:03Z
CCCYy6EwMaw,House Finance Division II (03/21/23),yes,Finance Division II,2023-03-21,title,yes,2023-03-21 09:57:52,2023-03-21T13:57:52Z,2023-03-21T18:05:07Z,PT4H7M26S,2023-03-21T19:08:47Z
qVFag1AhDQ4,House Ways and Means (03/21/23),yes,Ways and Means,2023-03-21,title,yes,2023-03-21 10:01:26,2023-03-21T14:01:26Z,2023-03-21T20:19:53Z,PT6H18M26S,2023-03-21T21:35:03Z
Aw2GDSSX4zM,House Finance Division I (03/21/23),yes,Finance Division I,2023-03-21,title,yes,2023-03-21 09:37:47,2023-03-21T13:37:47Z,2023-03-21T20:04:30Z,PT6H26M41S,2023-03-21T21:39:27Z
b4ByHqcRMKQ,House Finance Division III (03/21/23),yes,Finance Division III,2023-03-21,title,yes,2023-03-21 09:58:02,2023-03-21T13:58:02Z,2023-03-21T23:42:47Z,PT9H44M48S,2023-03-22T00:42:39Z
znSc9_BFqw4,House Session (03/22/23),yes,Session,2023-03-22,title,yes,2023-03-22 09:01:21,2023-03-22T13:01:21Z,2023-03-22T21:42:17Z,PT8H40M46S,2023-03-22T22:47:15Z
3vK798t4aVA,House Session (03/23/23),yes,Session,2023-03-23,title,yes,2023-03-23 08:59:47,2023-03-23T12:59:47Z,2023-03-23T19:11:07Z,PT6H11M21S,2023-03-23T20:15:20Z
K5Tv9y5fQ7s,House Finance Division I (03/24/23),yes,Finance Division I,2023-03-24,title,yes,2023-03-24 09:30:37,2023-03-24T13:30:37Z,2023-03-24T14:13:37Z,PT43M1S,2023-03-25T02:22:30Z
M8W4RT2IL2E,House Finance Division III (03/24/23),yes,Finance Division III,2023-03-24,title,yes,2023-03-24 08:59:12,2023-03-24T12:59:12Z,2023-03-24T14:20:43Z,PT1H21M40S,2023-03-25T02:36:57Z
qvf4VVVN89s,Health and Human Services Oversight Committee (03/24/23),yes,Health and Human Services Oversight Committee,2023-03-24,title,yes,2023-03-24 09:58:22,2023-03-24T13:58:22Z,2023-03-24T15:40:19Z,PT1H41M56S,2023-03-25T03:52:11Z
D1mjTF8CaEc,Fiscal Committee (03/24/23),yes,Fiscal Committee,2023-03-24,title,yes,2023-03-24 12:58:27,2023-03-24T16:58:27Z,2023-03-24T18:20:42Z,PT1H22M26S,2023-03-25T06:30:44Z
3LXufnjZjZA,House Finance (03/27/23),yes,Finance,2023-03-27,title,yes,2023-03-27 09:58:02,2023-03-27T13:58:02Z,2023-03-27T20:05:56Z,PT6H7M58S,2023-03-27T21:07:13Z
Yb2LolZl09U,House Ways and Means (03/27/23),yes,Ways and Means,2023-03-27,title,yes,2023-03-27 11:03:07,2023-03-27T15:03:07Z,2023-03-27T21:37:53Z,PT6H34M46S,2023-03-27T22:25:45Z
lXP6sTGwRJw,House Finance (03/28/23),yes,Finance,2023-03-28,title,yes,2023-03-28 09:32:36,2023-03-28T13:32:36Z,2023-03-28T17:59:01Z,PT4H26M27S,2023-03-28T18:48:32Z
htnBtCnxCV8,House Children and Family Law (03/28/23),yes,Children and Family Law,2023-03-28,title,yes,2023-03-28 09:27:07,2023-03-28T13:27:07Z,2023-03-28T20:29:42Z,PT7H2M34S,2023-03-29T03:19:50Z
vbFOdcRT_XA,House Judiciary & Children and Family Law Joint Committee Meeting (03/28/23),yes,Judiciary & Children and Family Law Joint Committee Meeting,2023-03-28,title,yes,2023-03-28 14:26:56,2023-03-28T18:26:56Z,2023-03-28T20:29:44Z,PT2H2M50S,2023-03-29T08:40:06Z
mYeZ9DcP3hY,"House Health, Human Services and Elderly Affairs (03/29/23)",yes,"Health, Human Services and Elderly Affairs",2023-03-29,title,yes,2023-03-29 09:28:51,2023-03-29T13:28:51Z,2023-03-29T17:59:16Z,PT4H7M10S,2023-03-29T18:54:57Z
wa_6ECcQzW4,House Criminal Justice and Public Safety (03/29/23),yes,Criminal Justice and Public Safety,2023-03-29,title,yes,2023-03-29 08:59:02,2023-03-29T12:59:02Z,2023-03-29T19:43:03Z,PT6H19M19S,2023-03-29T20:48:05Z
dRN5CT1qSFA,House Executive Departments and Administration (03/29/23),yes,Executive Departments and Administration,2023-03-29,title,yes,2023-03-29 09:58:11,2023-03-29T13:58:11Z,2023-03-29T18:46:32Z,PT4H24M38S,2023-03-29T20:55:17Z
9szzw_pRN9k,House Education (03/29/23),yes,Education,2023-03-29,title,yes,2023-03-29 09:29:56,2023-03-29T13:29:56Z,2023-03-29T20:34:30Z,PT6H41M35S,2023-03-29T21:33:56Z
UY4Kpp55Ut4,House Finance (03/29/23),yes,Finance,2023-03-29,title,yes,2023-03-29 09:58:42,2023-03-29T13:58:42Z,2023-03-29T14:44:40Z,PT36M41S,2023-03-30T02:49:27Z
mqH_0CR8aCY,House Finance Afternoon Session (03/29/23),yes,Finance Afternoon Session,2023-03-29,title,yes,2023-03-29 14:29:07,2023-03-29T18:29:07Z,2023-03-29T18:59:47Z,PT30M51S,2023-03-30T07:05:28Z
OKoV0rCscH8,House Education (03/30/23),yes,Education,2023-03-30,title,yes,2023-03-30 09:27:36,2023-03-30T13:27:36Z,2023-03-30T18:17:45Z,PT4H50M2S,2023-03-30T19:10:25Z
MsTxeKcC3Ac,House Executive Departments and Administration (03/30/23),yes,Executive Departments and Administration,2023-03-30,title,yes,2023-03-30 09:58:06,2023-03-30T13:58:06Z,2023-03-30T18:38:39Z,PT4H40M39S,2023-03-30T20:35:25Z
8BBZU5Hj1Kc,House Criminal Justice and Public Safety (03/30/23),yes,Criminal Justice and Public Safety,2023-03-30,title,yes,2023-03-30 09:06:06,2023-03-30T13:06:06Z,2023-03-30T14:44:26Z,PT1H38M21S,2023-03-31T02:58:19Z
j426V1R0Le4,House Special Committee on Housing (03/31/23),yes,Special Committee on Housing,2023-03-31,title,yes,2023-03-31 08:59:12,2023-03-31T12:59:12Z,2023-03-31T18:28:47Z,PT4H34M29S,2023-03-31T19:44:41Z
Ud-N9egBHQI,"House Science, Technology and Energy (04/03/23)",yes,"Science, Technology and Energy",2023-04-03,title,yes,2023-04-03 09:05:02,2023-04-03T13:05:02Z,2023-04-03T18:50:32Z,PT5H45M36S,2023-04-03T20:08:19Z
dkRjJNvgrk8,"House Health, Human Services and Elderly Affairs (04/04/23)",yes,"Health, Human Services and Elderly Affairs",2023-04-04,title,yes,2023-04-04 09:29:38,2023-04-04T13:29:38Z,2023-04-04T18:14:56Z,PT4H45M16S,2023-04-04T18:46:02Z
xrqhLm1Nws4,House Fish and Game and Marine Resources  (04/04/23),yes,Fish and Game and Marine Resources,2023-04-04,title,yes,2023-04-04 09:55:37,2023-04-04T13:55:37Z,2023-04-04T18:31:18Z,PT4H35M26S,2023-04-04T18:59:53Z
68mtXXmZE_w,Finance Committee Budget Briefing (04/04/2023),yes,Finance Committee Budget Briefing,2023-04-04,title,yes,2023-04-04 12:57:07,2023-04-04T16:57:07Z,2023-04-04T19:09:24Z,PT2H12M21S,2023-04-05T07:37:58Z
uU3lVfuRJAc,House Executive Departments and Administration (04/05/23),yes,Executive Departments and Administration,2023-04-05,title,yes,2023-04-05 10:03:11,2023-04-05T14:03:11Z,2023-04-05T18:04:00Z,PT4H28S,2023-04-05T18:33:03Z
pJA3A2NI85g,House Criminal Justice and Public Safety (04/05/23),yes,Criminal Justice and Public Safety,2023-04-05,title,yes,2023-04-05 09:00:02,2023-04-05T13:00:02Z,2023-04-05T18:10:17Z,PT5H10M8S,2023-04-05T18:46:30Z
xg-wESoyG0c,House Executive Departments and Administration Subcommittee Work Session (04/05/23),yes,Executive Departments and Administration Subcommittee Work Session,2023-04-05,title,yes,2023-04-05 09:00:32,2023-04-05T13:00:32Z,2023-04-05T13:49:48Z,PT49M15S,2023-04-06T01:57:31Z
aHCzvxT7B2c,House Session (04/06/23),yes,Session,2023-04-06,title,yes,2023-04-06 08:59:52,2023-04-06T12:59:52Z,2023-04-06T19:11:33Z,PT6H10M20S,2023-04-06T20:11:29Z
RJOwWRj3W70,"House Science, Technology and Energy (04/10/23)",yes,"Science, Technology and Energy",2023-04-10,title,yes,2023-04-10 08:57:56,2023-04-10T12:57:56Z,2023-04-10T18:38:25Z,PT5H40M36S,2023-04-10T19:21:58Z
DI2F1QaImi4,House Special Committee on Commissions (04/10/23),yes,Special Committee on Commissions,2023-04-10,title,yes,2023-04-10 09:58:57,2023-04-10T13:58:57Z,2023-04-10T17:30:00Z,PT3H31M9S,2023-04-11T06:01:01Z
RholNvpCFwI,House Education (04/11/23),yes,Education,2023-04-11,title,yes,2023-04-11 10:00:47,2023-04-11T14:00:47Z,2023-04-11T19:57:02Z,PT5H56M26S,2023-04-11T20:43:22Z
XRPX3L-A7sE,House Election Law (04/11/23),yes,Election Law,2023-04-11,title,yes,2023-04-11 13:00:27,2023-04-11T17:00:27Z,2023-04-11T20:06:16Z,PT3H5M51S,2023-04-12T08:25:01Z
2FWTeTn13sI,"House Resources, Recreation and Development (04/12/23)",yes,"Resources, Recreation and Development",2023-04-12,title,yes,2023-04-12 08:58:01,2023-04-12T12:58:01Z,2023-04-12T17:51:42Z,PT4H53M51S,2023-04-12T18:28:21Z
ZLdPBDyB8e4,House Judiciary (04/12/23),yes,Judiciary,2023-04-12,title,yes,2023-04-12 09:58:07,2023-04-12T13:58:07Z,2023-04-12T19:04:38Z,PT5H6M36S,2023-04-12T19:36:11Z
azDCD9HZCuQ,House Commerce and Consumer Affairs (04/12/23),yes,Commerce and Consumer Affairs,2023-04-12,title,yes,2023-04-12 09:59:31,2023-04-12T13:59:31Z,2023-04-12T19:10:58Z,PT5H11M26S,2023-04-12T19:51:56Z
w7f8Mts2PI0,"House Health, Human Services and Elderly Affairs (04/12/23)",yes,"Health, Human Services and Elderly Affairs",2023-04-12,title,yes,2023-04-12 09:27:56,2023-04-12T13:27:56Z,2023-04-12T15:46:20Z,PT2H18M21S,2023-04-13T03:59:14Z
mnKoHtvjQ_0,House Executive Departments and Administration (04/12/23),yes,Executive Departments and Administration,2023-04-12,title,yes,2023-04-12 10:59:42,2023-04-12T14:59:42Z,2023-04-12T18:35:39Z,PT3H35M41S,2023-04-13T07:11:28Z
s1JgV92qkyo,"House Executive Departments and Administration: Work Session on SB 149, SB 44 (04/13/23)",yes,"Executive Departments and Administration: Work Session on SB 149, SB 44",2023-04-13,title,yes,2023-04-13 09:58:57,2023-04-13T13:58:57Z,2023-04-13T18:54:04Z,PT4H54M45S,2023-04-13T19:43:17Z
ukAcWzc_im4,"House Executive Departments and Administration: Work Session on SB 203, SB 147 (04/13/23)",yes,"Executive Departments and Administration: Work Session on SB 203, SB 147",2023-04-13,title,yes,2023-04-13 09:58:52,2023-04-13T13:58:52Z,2023-04-13T14:55:30Z,PT56M41S,2023-04-14T03:20:12Z
YC_oUPwEkho,"House Labor, Industrial and Rehabilitative Services (04/13/23)",yes,"Labor, Industrial and Rehabilitative Services",2023-04-13,title,yes,2023-04-13 09:58:46,2023-04-13T13:58:46Z,2023-04-13T16:43:35Z,PT2H44M51S,2023-04-14T05:07:50Z
P_HMPiazhaA,House Public Works and Highways (04/13/23),yes,Public Works and Highways,2023-04-13,title,yes,2023-04-13 14:07:07,2023-04-13T18:07:07Z,2023-04-13T20:29:59Z,PT2H22M52S,2023-04-14T08:55:48Z
1uga41lc2OI,Public Higher Education Study Committee (04/14/23),yes,Public Higher Education Study Committee,2023-04-14,title,yes,2023-04-14 10:07:06,2023-04-14T14:07:06Z,2023-04-14T16:00:51Z,PT1H53M45S,2023-04-15T04:14:00Z
gkLmvfP_2es,"House Science, Technology and Energy (04/17/23)",yes,"Science, Technology and Energy",2023-04-17,title,yes,2023-04-17 08:56:47,2023-04-17T12:56:47Z,2023-04-17T19:34:28Z,PT6H37M41S,2023-04-17T20:08:40Z
kIjEcl0MsRw,House Education (04/17/23),yes,Education,2023-04-17,title,yes,2023-04-17 09:58:16,2023-04-17T13:58:16Z,2023-04-17T20:03:23Z,PT6H5M4S,2023-04-17T20:42:24Z
_45Q9SSXl6E,Joint Legislative Performance Audit and Oversight Committee (04/17/2023),yes,Joint Legislative Performance Audit and Oversight Committee,2023-04-17,title,yes,2023-04-17 08:58:56,2023-04-17T12:58:56Z,2023-04-17T14:42:49Z,PT1H44M1S,2023-04-18T02:56:47Z
Ssx0eGcXHJU,House Special Committee on Commissions (04/17/23),yes,Special Committee on Commissions,2023-04-17,title,yes,2023-04-17 09:59:06,2023-04-17T13:59:06Z,2023-04-17T15:49:21Z,PT1H49M14S,2023-04-18T04:02:11Z
xw-rb4HCvz4,House Ways and Means (04/18/23),yes,Ways and Means,2023-04-18,title,yes,2023-04-18 10:28:52,2023-04-18T14:28:52Z,2023-04-18T18:54:00Z,PT4H25M16S,2023-04-18T19:26:37Z
nBm0MYtLbqE,House Education (04/18/23),yes,Education,2023-04-18,title,yes,2023-04-18 09:59:52,2023-04-18T13:59:52Z,2023-04-18T21:24:11Z,PT7H24M31S,2023-04-18T22:15:00Z
3CNtiHvLVHQ,House Election Law (04/18/23),yes,Election Law,2023-04-18,title,yes,2023-04-18 09:45:06,2023-04-18T13:45:06Z,2023-04-18T15:41:19Z,PT1H56M21S,2023-04-19T03:49:58Z
5HfXU5d_K_Q,"House Science, Technology and Energy (04/18/23)",yes,"Science, Technology and Energy",2023-04-18,title,yes,2023-04-18 08:59:12,2023-04-18T12:59:12Z,2023-04-18T15:47:59Z,PT2H48M56S,2023-04-19T04:12:54Z
HK_3yMz0k70,House Transportation (04/18/23),yes,Transportation,2023-04-18,title,yes,2023-04-18 09:28:12,2023-04-18T13:28:12Z,2023-04-18T16:27:06Z,PT2H59M6S,2023-04-19T04:42:52Z
nVT6oHC08xE,"House Health, Human Services and Elderly Affairs (04/19/23)",yes,"Health, Human Services and Elderly Affairs",2023-04-19,title,yes,2023-04-19 09:28:04,2023-04-19T13:28:04Z,2023-04-19T17:50:22Z,PT4H22M26S,2023-04-19T18:40:51Z
bRTpQP9mM_E,"House Resources, Recreation and Development (04/19/23)",yes,"Resources, Recreation and Development",2023-04-19,title,yes,2023-04-19 08:58:02,2023-04-19T12:58:02Z,2023-04-19T17:54:50Z,PT4H56M46S,2023-04-19T18:50:20Z
H_oSDFVHpgw,House Education (04/19/23),yes,Education,2023-04-19,title,yes,2023-04-19 10:00:26,2023-04-19T14:00:26Z,2023-04-19T19:29:30Z,PT5H29M11S,2023-04-19T20:06:45Z
6Q8zmTAKIVc,House Judiciary (04/19/23),yes,Judiciary,2023-04-19,title,yes,2023-04-19 10:00:27,2023-04-19T14:00:27Z,2023-04-19T19:06:48Z,PT5H6M31S,2023-04-19T20:47:32Z
k9RmCp8du78,House Commerce and Consumer Affairs (04/19/23),yes,Commerce and Consumer Affairs,2023-04-19,title,yes,2023-04-19 10:00:27,2023-04-19T14:00:27Z,2023-04-19T19:22:04Z,PT5H21M46S,2023-04-19T21:21:07Z
4LHi0nD6e7c,House Legislative Administration (04/19/23),yes,Legislative Administration,2023-04-19,title,yes,2023-04-19 08:57:56,2023-04-19T12:57:56Z,2023-04-19T14:53:26Z,PT1H55M29S,2023-04-20T03:14:53Z
pAU_izhhzMU,House Criminal Justice and Public Safety (04/19/23),yes,Criminal Justice and Public Safety,2023-04-19,title,yes,2023-04-19 08:57:56,2023-04-19T12:57:56Z,2023-04-19T16:35:06Z,PT3H36M56S,2023-04-20T05:08:02Z
B0ZLlymhN-w,House Municipal and County Government (04/20/23),yes,Municipal and County Government,2023-04-20,title,yes,2023-04-20 09:57:57,2023-04-20T13:57:57Z,2023-04-20T21:18:24Z,PT7H20M36S,2023-04-20T22:43:27Z
V2DGryD6cm0,Long Range Capital Planning and Utilization Committee (04/21/23),yes,Long Range Capital Planning and Utilization Committee,2023-04-21,title,yes,2023-04-21 09:01:06,2023-04-21T13:01:06Z,2023-04-21T13:19:12Z,PT18M5S,2023-04-22T01:22:07Z
cnc6TZmKdC4,Administrative Rules (04/21/2023),yes,Administrative Rules,2023-04-21,title,yes,2023-04-21 08:52:52,2023-04-21T12:52:52Z,2023-04-21T14:42:15Z,PT1H49M36S,2023-04-22T02:57:33Z
myHg208UR8s,Fiscal Committee (04/21/23),yes,Fiscal Committee,2023-04-21,title,yes,2023-04-21 09:57:22,2023-04-21T13:57:22Z,2023-04-21T15:56:20Z,PT1H58M56S,2023-04-22T04:11:18Z
ouUm0FmPlVE,House Special Committee on Housing (04/24/23),yes,Special Committee on Housing,2023-04-24,title,yes,2023-04-24 09:59:42,2023-04-24T13:59:42Z,2023-04-24T19:57:27Z,PT5H57M41S,2023-04-24T20:59:04Z
fPx9JOhoetI,"House Science, Technology and Energy (04/24/23)",yes,"Science, Technology and Energy",2023-04-24,title,yes,2023-04-24 08:59:06,2023-04-24T12:59:06Z,2023-04-24T16:16:40Z,PT3H17M41S,2023-04-25T05:00:51Z
9TDMPCUozxg,House Ways and Means (04/25/23),yes,Ways and Means,2023-04-25,title,yes,2023-04-25 09:59:07,2023-04-25T13:59:07Z,2023-04-25T18:09:00Z,PT4H9M45S,2023-04-25T19:05:26Z
waaK0Q6W4Ic,House Environment and Agriculture (04/25/23),yes,Environment and Agriculture,2023-04-25,title,yes,2023-04-25 08:58:02,2023-04-25T12:58:02Z,2023-04-25T19:25:44Z,PT6H25M1S,2023-04-25T20:30:07Z
JQKcfve1TRE,House Children and Family Law (04/25/23),yes,Children and Family Law,2023-04-25,title,yes,2023-04-25 08:58:17,2023-04-25T12:58:17Z,2023-04-25T14:06:33Z,PT1H8M1S,2023-04-26T02:14:23Z
3mn6Zg_QPxA,House Executive Departments and Administration (04/25/23),yes,Executive Departments and Administration,2023-04-25,title,yes,2023-04-25 09:57:37,2023-04-25T13:57:37Z,2023-04-25T14:49:56Z,PT52M11S,2023-04-26T03:01:02Z
mdOeAsLSRFI,House Special Committee on the Family Division of the Circuit Court (04/25/23),yes,Special Committee on the Family Division of the Circuit Court,2023-04-25,title,yes,2023-04-25 09:57:42,2023-04-25T13:57:42Z,2023-04-25T15:22:36Z,PT1H25M6S,2023-04-26T03:32:19Z
7RA0VFEqLRs,House Fish and Game and Marine Resources (04/25/23),yes,Fish and Game and Marine Resources,2023-04-25,title,yes,2023-04-25 09:58:12,2023-04-25T13:58:12Z,2023-04-25T15:29:41Z,PT1H31M21S,2023-04-26T03:58:22Z
e1P5sZhnyhU,House Education (04/25/23),yes,Education,2023-04-25,title,yes,2023-04-25 09:58:12,2023-04-25T13:58:12Z,2023-04-25T15:45:54Z,PT1H47M20S,2023-04-26T04:00:59Z
slK62pxplbI,House Election Law (04/25/23),yes,Election Law,2023-04-25,title,yes,2023-04-25 09:58:12,2023-04-25T13:58:12Z,2023-04-25T15:55:57Z,PT1H57M36S,2023-04-26T04:14:16Z
aa1IvQI4Cb4,House Rules (04/25/23),yes,Rules,2023-04-25,title,yes,2023-04-25 12:58:16,2023-04-25T16:58:16Z,2023-04-25T17:19:18Z,PT21M,2023-04-26T05:22:08Z
E6k_7lofZLk,"House Health, Human Services and Elderly Affairs (04/26/23)",yes,"Health, Human Services and Elderly Affairs",2023-04-26,title,yes,2023-04-26 09:29:12,2023-04-26T13:29:12Z,2023-04-26T18:51:10Z,PT5H22M11S,2023-04-26T19:41:09Z
ayYBpjDvPLw,House Commerce and Consumer Affairs (04/26/23),yes,Commerce and Consumer Affairs,2023-04-26,title,yes,2023-04-26 10:09:56,2023-04-26T14:09:56Z,2023-04-26T18:43:21Z,PT4H33M23S,2023-04-26T19:42:14Z
6MvbUSirIYo,House Ways and Means (04/26/23),yes,Ways and Means,2023-04-26,title,yes,2023-04-26 09:27:26,2023-04-26T13:27:26Z,2023-04-26T19:12:11Z,PT5H44M56S,2023-04-26T20:21:50Z
aukl3vPMye4,House Executive Departments and Administration (04/26/23),yes,Executive Departments and Administration,2023-04-26,title,yes,2023-04-26 08:58:32,2023-04-26T12:58:32Z,2023-04-26T19:41:09Z,PT6H42M51S,2023-04-26T20:47:48Z
W8dA69X3juQ,House Executive Departments and Administration: Work Session on SB 71-FN  (04/26/23),yes,Executive Departments and Administration: Work Session on SB 71-FN,2023-04-26,title,yes,2023-04-26 08:58:42,2023-04-26T12:58:42Z,2023-04-26T13:29:14Z,PT30M31S,2023-04-27T01:32:39Z
uamEOBSc5Iw,House Criminal Justice and Public Safety (04/26/23),yes,Criminal Justice and Public Safety,2023-04-26,title,yes,2023-04-26 09:59:42,2023-04-26T13:59:42Z,2023-04-26T15:50:13Z,PT1H50M31S,2023-04-27T04:07:00Z
iOiejJ4Hudg,House State-Federal Relations and Veterans Affairs (04/28/23),yes,State-Federal Relations and Veterans Affairs,2023-04-28,title,yes,2023-04-28 10:30:06,2023-04-28T14:30:06Z,2023-04-28T15:47:30Z,PT1H17M31S,2023-04-29T04:03:44Z
sg5tN3BKfTc,Health and Human Services Oversight Committee (04/28/23),yes,Health and Human Services Oversight Committee,2023-04-28,title,yes,2023-04-28 09:59:12,2023-04-28T13:59:12Z,2023-04-28T16:30:30Z,PT2H31M31S,2023-04-29T04:49:06Z
RGWvRX7PLQk,"House Science,Technology and Energy (05/01/23)",yes,"Science,Technology and Energy",2023-05-01,title,yes,2023-05-01 08:59:57,2023-05-01T12:59:57Z,2023-05-01T18:18:28Z,PT5H18M41S,2023-05-01T19:03:47Z
Uek3D0Sc7RI,House Special Committee on Commissions (05/01/23),yes,Special Committee on Commissions,2023-05-01,title,yes,2023-05-01 09:59:11,2023-05-01T13:59:11Z,2023-05-01T15:40:43Z,PT1H41M40S,2023-05-02T03:53:15Z
qVRVw5lXlWY,House Criminal Justice and Public Safety (05/02/23),yes,Criminal Justice and Public Safety,2023-05-02,title,yes,2023-05-02 10:28:01,2023-05-02T14:28:01Z,2023-05-02T14:55:23Z,PT27M31S,2023-05-03T03:04:06Z
jVjJumYj6_w,House Special Committee on the Family Division of the Circuit Court (05/02/23),yes,Special Committee on the Family Division of the Circuit Court,2023-05-02,title,yes,2023-05-02 09:28:51,2023-05-02T13:28:51Z,2023-05-02T15:56:40Z,PT2H28M,2023-05-03T04:55:34Z
nSGylq9FBTQ,House Ways and Means (05/03/23),yes,Ways and Means,2023-05-03,title,NO,,,,PT1H37M10S,2023-05-03T18:56:42Z
nfWAGTR6O2o,"House Health, Human Services and Elderly Affairs (05/03/23)",yes,"Health, Human Services and Elderly Affairs",2023-05-03,title,yes,2023-05-03 09:27:11,2023-05-03T13:27:11Z,2023-05-03T18:44:19Z,PT5H17M16S,2023-05-03T19:13:05Z
Aq3zyZK5ZDk,"House Resources, Recreation and Development (05/03/23)",yes,"Resources, Recreation and Development",2023-05-03,title,yes,2023-05-03 10:29:07,2023-05-03T14:29:07Z,2023-05-03T19:01:23Z,PT4H32M12S,2023-05-03T19:30:11Z
LAUrYBkLPeo,House Commerce and Consumer Affairs (05/03/23),yes,Commerce and Consumer Affairs,2023-05-03,title,yes,2023-05-03 09:58:16,2023-05-03T13:58:16Z,2023-05-03T19:00:13Z,PT5H2M6S,2023-05-03T19:31:33Z
Uc_MD779-LU,House Judiciary (05/03/23),yes,Judiciary,2023-05-03,title,yes,2023-05-03 08:59:42,2023-05-03T12:59:42Z,2023-05-03T14:34:08Z,PT1H34M31S,2023-05-04T02:45:48Z
1-G0wqu6RPM,House Executive Departments and Administration (05/03/23),yes,Executive Departments and Administration,2023-05-03,title,yes,2023-05-03 09:59:47,2023-05-03T13:59:47Z,2023-05-03T14:53:31Z,PT53M56S,2023-05-04T03:21:35Z
g1fpjJh34mM,House Education (05/03/23),yes,Education,2023-05-03,title,yes,2023-05-03 09:29:16,2023-05-03T13:29:16Z,2023-05-03T15:53:10Z,PT2H24M6S,2023-05-04T04:06:41Z
4iX6iQCPhpM,House Ways and Means (05/03/23),yes,Ways and Means,2023-05-03,title,yes,2023-05-03 09:27:16,2023-05-03T13:27:16Z,2023-05-03T16:47:51Z,PT3H20M36S,2023-05-04T05:05:22Z
4c4xAQcE2Uw,House Session (05/04/23),yes,Session,2023-05-04,title,yes,2023-05-04 09:01:41,2023-05-04T13:01:41Z,2023-05-04T16:24:42Z,PT3H22M39S,2023-05-05T04:53:09Z
d_lzpqa4yZM,House Special Committee on Commissions (05/08/23),yes,Special Committee on Commissions,2023-05-08,title,yes,2023-05-08 10:26:56,2023-05-08T14:26:56Z,2023-05-08T15:56:07Z,PT1H29M6S,2023-05-09T04:11:01Z
AKV1cImsBJE,House Ways and Means (05/09/23),yes,Ways and Means,2023-05-09,title,yes,2023-05-09 08:56:31,2023-05-09T12:56:31Z,2023-05-09T15:03:46Z,PT2H7M15S,2023-05-10T03:17:49Z
PELSDx62URU,House Public Works and Highways (05/09/23),yes,Public Works and Highways,2023-05-09,title,yes,2023-05-09 09:59:11,2023-05-09T13:59:11Z,2023-05-09T15:39:53Z,PT1H40M51S,2023-05-10T03:53:22Z
q0TXXSyB0SQ,House Special Committee on the Family Division of the Circuit Court (05/09/23),yes,Special Committee on the Family Division of the Circuit Court,2023-05-09,title,yes,2023-05-09 09:32:07,2023-05-09T13:32:07Z,2023-05-09T16:00:41Z,PT2H28M39S,2023-05-10T04:26:44Z
D9mC9vSVPC0,House Election Law (05/09/23),yes,Election Law,2023-05-09,title,yes,2023-05-09 09:42:26,2023-05-09T13:42:26Z,2023-05-09T15:57:00Z,PT2H14M46S,2023-05-10T04:35:36Z
-d0l7Tfx8Dw,House Environment and Agriculture (05/09/23),yes,Environment and Agriculture,2023-05-09,title,yes,2023-05-09 09:25:27,2023-05-09T13:25:27Z,2023-05-09T17:24:52Z,PT3H59M21S,2023-05-10T06:00:59Z
durB5Hc7xaQ,House Commerce and Consumer Affairs (05/10/23),yes,Commerce and Consumer Affairs,2023-05-10,title,yes,2023-05-10 08:56:32,2023-05-10T12:56:32Z,2023-05-10T18:13:48Z,PT5H17M,2023-05-10T19:51:10Z
_Y5XnrXb5Pw,"House Resources, Recreation and Development (05/10/23)",yes,"Resources, Recreation and Development",2023-05-10,title,yes,2023-05-10 08:56:21,2023-05-10T12:56:21Z,2023-05-10T14:43:33Z,PT1H47M10S,2023-05-11T02:51:47Z
b6-dAmbOXQw,House Judiciary (05/10/23),yes,Judiciary,2023-05-10,title,yes,2023-05-10 08:58:26,2023-05-10T12:58:26Z,2023-05-10T14:54:14Z,PT1H56M1S,2023-05-11T03:22:09Z
5CS0li1WKrI,House Executive Departments and Administration (05/10/23),yes,Executive Departments and Administration,2023-05-10,title,yes,2023-05-10 09:27:26,2023-05-10T13:27:26Z,2023-05-10T15:50:14Z,PT2H22M56S,2023-05-11T03:59:57Z
eD6mKborfE0,House Special Committee on Childcare (05/10/23),yes,Special Committee on Childcare,2023-05-10,title,yes,2023-05-10 09:59:11,2023-05-10T13:59:11Z,2023-05-10T16:14:08Z,PT2H14M59S,2023-05-11T04:26:14Z
Zqt2dOtswi0,"House Health, Human Services and Elderly Affairs (05/10/23)",yes,"Health, Human Services and Elderly Affairs",2023-05-10,title,yes,2023-05-10 09:55:47,2023-05-10T13:55:47Z,2023-05-10T17:15:46Z,PT3H19M58S,2023-05-11T05:29:38Z
obgrdpXuYtY,House Municipal and County Government (05/10/23),yes,Municipal and County Government,2023-05-10,title,yes,2023-05-10 10:29:06,2023-05-10T14:29:06Z,2023-05-10T17:13:49Z,PT2H44M51S,2023-05-11T05:45:42Z
jrojC4ueO_s,House Special Committee on Housing (05/15/23),yes,Special Committee on Housing,2023-05-15,title,yes,2023-05-15 09:57:02,2023-05-15T13:57:02Z,2023-05-15T18:43:42Z,PT4H46M51S,2023-05-15T19:23:33Z
uEy-nXThGsQ,House Transportation (05/16/23),yes,Transportation,2023-05-16,title,yes,2023-05-16 10:01:41,2023-05-16T14:01:41Z,2023-05-16T15:11:02Z,PT1H9M31S,2023-05-17T03:39:09Z
-GWN4ETvLDg,"House Health, Human Services and Elderly Affairs (05/16/23)",yes,"Health, Human Services and Elderly Affairs",2023-05-16,title,yes,2023-05-16 10:29:16,2023-05-16T14:29:16Z,2023-05-16T15:31:40Z,PT1H2M36S,2023-05-17T03:40:21Z
qoYlqVk64UE,House Election Law (05/16/23),yes,Election Law,2023-05-16,title,yes,2023-05-16 09:59:12,2023-05-16T13:59:12Z,2023-05-16T15:38:49Z,PT1H39M46S,2023-05-17T03:54:47Z
eEOPQCz32ak,House Ways and Means (05/16/23),yes,Ways and Means,2023-05-16,title,yes,2023-05-16 09:26:17,2023-05-16T13:26:17Z,2023-05-16T16:01:09Z,PT2H34M51S,2023-05-17T04:26:58Z
TppRpmPCm7U,House Special Committee on the Family Division of the Circuit Court (05/16/23),yes,Special Committee on the Family Division of the Circuit Court,2023-05-16,title,yes,2023-05-16 09:26:12,2023-05-16T13:26:12Z,2023-05-16T16:28:12Z,PT3H2M4S,2023-05-17T04:51:12Z
Spo-gxJfoxI,"House Resources, Recreation and Development (05/17/23)",yes,"Resources, Recreation and Development",2023-05-17,title,yes,2023-05-17 08:56:51,2023-05-17T12:56:51Z,2023-05-17T13:14:52Z,PT18M6S,2023-05-18T01:16:21Z
b2ELTRSn84Y,House Legislative Administration (05/17/23),yes,Legislative Administration,2023-05-17,title,yes,2023-05-17 10:00:17,2023-05-17T14:00:17Z,2023-05-17T14:37:30Z,PT37M25S,2023-05-18T02:41:42Z
6kjSfLcPfjk,House Special Committee on Childcare (05/17/23),yes,Special Committee on Childcare,2023-05-17,title,yes,2023-05-17 09:59:31,2023-05-17T13:59:31Z,2023-05-17T14:38:36Z,PT39M14S,2023-05-18T02:46:13Z
aqQ9c5Ml2_A,House Criminal Justice and Public Safety (05/17/23),yes,Criminal Justice and Public Safety,2023-05-17,title,yes,2023-05-17 09:57:17,2023-05-17T13:57:17Z,2023-05-17T16:36:13Z,PT2H38M43S,2023-05-18T04:52:24Z
tHEmK341FI0,House Session (05/18/23),yes,Session,2023-05-18,title,yes,2023-05-18 10:01:56,2023-05-18T14:01:56Z,2023-05-18T21:51:09Z,PT7H49M3S,2023-05-18T23:06:28Z
hY5lAMyGH3A,Administrative Rules (05/19/2023),yes,Administrative Rules,2023-05-19,title,yes,2023-05-19 08:54:57,2023-05-19T12:54:57Z,2023-05-19T14:29:32Z,PT1H34M46S,2023-05-20T02:43:27Z
F2d1GZIROII,Fiscal Committee (05/19/23),yes,Fiscal Committee,2023-05-19,title,yes,2023-05-19 09:59:24,2023-05-19T13:59:24Z,2023-05-19T15:16:19Z,PT1H17M3S,2023-05-20T03:28:01Z
29RUGYzFFZU,Health and Human Services Oversight Committee (05/19/23),yes,Health and Human Services Oversight Committee,2023-05-19,title,yes,2023-05-19 12:59:17,2023-05-19T16:59:17Z,2023-05-19T18:50:34Z,PT1H51M16S,2023-05-20T07:19:53Z
Y305TKMMm6Q,House Executive Departments and Administration (05/22/23),yes,Executive Departments and Administration,2023-05-22,title,yes,2023-05-22 09:55:57,2023-05-22T13:55:57Z,2023-05-22T15:08:01Z,PT1H12M1S,2023-05-23T03:15:22Z
nepIkiJ077E,"House Science, Technology and Energy (05/22/23)",yes,"Science, Technology and Energy",2023-05-22,title,yes,2023-05-22 09:55:51,2023-05-22T13:55:51Z,2023-05-22T15:11:45Z,PT1H15M56S,2023-05-23T03:41:52Z
qoxy3UxuvKM,House Special Committee on Commissions (05/22/23),yes,Special Committee on Commissions,2023-05-22,title,yes,2023-05-22 12:57:37,2023-05-22T16:57:37Z,2023-05-22T18:33:41Z,PT1H36M16S,2023-05-23T06:46:29Z
MKrqPqQ3Pjo,House Finance Division III (05/23/2023),yes,Finance Division III,2023-05-23,title,yes,2023-05-23 09:58:42,2023-05-23T13:58:42Z,2023-05-23T15:27:49Z,PT1H29M16S,2023-05-24T03:43:39Z
kx1UbyeUMwc,House Special Committee on the Family Division of the Circuit Court (05/23/23),yes,Special Committee on the Family Division of the Circuit Court,2023-05-23,title,yes,2023-05-23 09:25:32,2023-05-23T13:25:32Z,2023-05-23T15:55:51Z,PT2H30M30S,2023-05-24T04:16:59Z
kbJGyq_IVKc,House Environment and Agriculture (05/23/23),yes,Environment and Agriculture,2023-05-23,title,yes,2023-05-23 09:58:36,2023-05-23T13:58:36Z,2023-05-23T16:05:56Z,PT2H7M30S,2023-05-24T04:20:46Z
vmFPS2NFdsc,House Commerce and Consumer Affairs (05/23/23),yes,Commerce and Consumer Affairs,2023-05-23,title,yes,2023-05-23 09:59:31,2023-05-23T13:59:31Z,2023-05-23T16:57:13Z,PT2H57M51S,2023-05-24T05:23:09Z
JNuUsG5wN1U,House Executive Departments and Administration (05/24/23),yes,Executive Departments and Administration,2023-05-24,title,yes,2023-05-24 08:56:31,2023-05-24T12:56:31Z,2023-05-24T15:34:23Z,PT2H37M51S,2023-05-25T04:01:04Z
MAPaoo358d8,"House Health, Human Services and Elderly Affairs (05/24/23)",yes,"Health, Human Services and Elderly Affairs",2023-05-24,title,yes,2023-05-24 09:59:11,2023-05-24T13:59:11Z,2023-05-24T16:04:48Z,PT2H5M46S,2023-05-25T04:24:20Z
3c7s0CoFviE,House Municipal and County Government (05/24/23),yes,Municipal and County Government,2023-05-24,title,yes,2023-05-24 09:59:07,2023-05-24T13:59:07Z,2023-05-24T15:34:23Z,PT1H35M26S,2023-05-25T04:34:43Z
NL7WBn-jB7I,"House Labor, Industrial and Rehabilitative Services (05/25/23)",yes,"Labor, Industrial and Rehabilitative Services",2023-05-25,title,yes,2023-05-25 11:58:21,2023-05-25T15:58:21Z,2023-05-25T18:06:19Z,PT2H8M4S,2023-05-26T06:46:48Z
-wg2w6KgXJI,Capital Budget Overview Committee (05/26/2023),yes,Capital Budget Overview Committee,2023-05-26,title,yes,2023-05-26 08:59:16,2023-05-26T12:59:16Z,2023-05-26T13:25:53Z,PT26M36S,2023-05-27T01:58:09Z
bxBicKdXfWY,Long Range Capital Planning and Utilization Committee (05/26/2023),yes,Long Range Capital Planning and Utilization Committee,2023-05-26,title,yes,2023-05-26 08:59:27,2023-05-26T12:59:27Z,2023-05-26T13:51:59Z,PT52M25S,2023-05-27T02:16:07Z
m-HyFNOxduE,House Education (05/30/23),yes,Education,2023-05-30,title,yes,2023-05-30 09:54:42,2023-05-30T13:54:42Z,2023-05-30T20:36:20Z,PT6H41M41S,2023-05-30T22:39:35Z
fJe3oqM2Z9Y,House Commerce and Consumer Affairs (05/30/23),yes,Commerce and Consumer Affairs,2023-05-30,title,yes,2023-05-30 09:32:36,2023-05-30T13:32:36Z,2023-05-30T15:10:41Z,PT1H38M6S,2023-05-31T04:04:53Z
sw5sSSMo-U0,House Ways and Means (05/30/23),yes,Ways and Means,2023-05-30,title,yes,2023-05-30 09:26:51,2023-05-30T13:26:51Z,2023-05-30T15:36:10Z,PT2H9M20S,2023-05-31T04:58:32Z
Be2AR05lLkw,House Election Law (05/30/23),yes,Election Law,2023-05-30,title,yes,2023-05-30 09:44:11,2023-05-30T13:44:11Z,2023-05-30T15:43:33Z,PT1H59M23S,2023-05-31T06:39:05Z
mJompxUC-YU,House Criminal Justice and Public Safety (Afternoon 05/31/23),NO,,,title,yes,2023-05-31 11:56:37,2023-05-31T15:56:37Z,2023-05-31T16:01:42Z,PT5M6S,2023-05-31T16:06:27Z
HjxaJEXrUFc,House Criminal Justice and Public Safety (05/31/23),yes,Criminal Justice and Public Safety,2023-05-31,title,yes,2023-05-31 09:54:51,2023-05-31T13:54:51Z,2023-05-31T14:45:49Z,PT51M11S,2023-06-01T02:59:00Z
fmAjOJovOR4,House Special Committee on Childcare (05/31/23),yes,Special Committee on Childcare,2023-05-31,title,yes,2023-05-31 09:59:07,2023-05-31T13:59:07Z,2023-05-31T15:15:05Z,PT1H16M10S,2023-06-01T04:10:00Z
kfJZua3KNSY,House Finance Division l (05/31/2023),yes,Finance Division l,2023-05-31,title,yes,2023-05-31 12:59:11,2023-05-31T16:59:11Z,2023-05-31T18:53:44Z,PT1H54M40S,2023-06-01T07:29:50Z
Er-SKqqkBAg,House Finance (06/01/23),yes,Finance,2023-06-01,title,yes,2023-06-01 09:59:32,2023-06-01T13:59:32Z,2023-06-01T15:28:59Z,PT1H29M36S,2023-06-02T04:09:46Z
6lE4q2qkTG0,Public Higher Education Study Committee (06/05/23),yes,Public Higher Education Study Committee,2023-06-05,title,yes,2023-06-05 09:54:32,2023-06-05T13:54:32Z,2023-06-05T15:57:37Z,PT2H3M6S,2023-06-06T04:36:19Z
dn6uBpe5CpM,House Special Committee on the Family Division of the Circuit Court (06/06/23),yes,Special Committee on the Family Division of the Circuit Court,2023-06-06,title,yes,2023-06-06 09:29:02,2023-06-06T13:29:02Z,2023-06-06T16:01:06Z,PT2H32M13S,2023-06-07T04:58:32Z
inEpVvBMDso,Finance Committee Budget Briefing (06/06/2023),yes,Finance Committee Budget Briefing,2023-06-06,title,yes,2023-06-06 13:59:12,2023-06-06T17:59:12Z,2023-06-06T19:17:50Z,PT1H18M51S,2023-06-07T07:40:25Z
l-U_-7y8TBk,House Judiciary (06/07/23),yes,Judiciary,2023-06-07,title,yes,2023-06-07 09:55:52,2023-06-07T13:55:52Z,2023-06-07T15:16:09Z,PT1H20M16S,2023-06-08T03:30:31Z
_oGdOW2UoTo,House Session (06/08/23),yes,Session,2023-06-08,title,yes,2023-06-08 09:58:07,2023-06-08T13:58:07Z,2023-06-08T20:10:18Z,PT6H12M11S,2023-06-08T23:36:06Z
W7Nn1rWvOXk,Legislative Oversight Committee for the Education Improvement and Assessment Program (06/12/23),yes,Legislative Oversight Committee for the Education Improvement and Assessment Program,2023-06-12,title,yes,2023-06-12 09:59:17,2023-06-12T13:59:17Z,2023-06-12T15:29:17Z,PT1H30M10S,2023-06-13T04:11:16Z
8xxKkX0rGgE,House Education (06/12/23),yes,Education,2023-06-12,title,yes,2023-06-12 12:59:12,2023-06-12T16:59:12Z,2023-06-12T18:35:40Z,PT1H36M36S,2023-06-13T07:00:36Z
bA12vp4duS8,House Special Committee on Housing (06/13/23),yes,Special Committee on Housing,2023-06-13,title,yes,2023-06-13 09:59:11,2023-06-13T13:59:11Z,2023-06-13T18:40:06Z,PT4H40M54S,2023-06-13T22:07:47Z
lCJqN5ldNDg,House Election Law (06/13/23),yes,Election Law,2023-06-13,title,yes,2023-06-13 09:59:31,2023-06-13T13:59:31Z,2023-06-13T15:27:08Z,PT1H27M36S,2023-06-14T03:50:44Z
NcnjWhdbJaQ,House Fish and Game and Marine Resources (06/13/23),yes,Fish and Game and Marine Resources,2023-06-13,title,yes,2023-06-13 09:58:12,2023-06-13T13:58:12Z,2023-06-13T15:57:00Z,PT1H59M,2023-06-14T04:27:52Z
jSVJeoZ7luA,House Session (06/15/23),yes,Session,2023-06-15,title,yes,2023-06-15 09:58:17,2023-06-15T13:58:17Z,2023-06-15T19:03:27Z,PT5H5M21S,2023-06-15T21:03:59Z
liTY7wqWp4M,Administrative Rules (06/16/2023),yes,Administrative Rules,2023-06-16,title,yes,2023-06-16 08:52:12,2023-06-16T12:52:12Z,2023-06-16T16:01:50Z,PT3H9M43S,2023-06-17T05:19:40Z
Usq9SCvJ_PA,Committee of Conference - LOB 205/207 (06/19/2023),yes,Committee of Conference - LOB 205/207,2023-06-19,title,yes,2023-06-19 08:59:47,2023-06-19T12:59:47Z,2023-06-19T19:48:58Z,PT6H49M21S,2023-06-19T21:27:45Z
vDxwuAKjPgY,Committee of Conference - LOB 306/308 (06/19/2023),yes,Committee of Conference - LOB 306/308,2023-06-19,title,yes,2023-06-19 10:28:22,2023-06-19T14:28:22Z,2023-06-19T19:14:27Z,PT4H46M16S,2023-06-19T21:48:50Z
4nKl4CWqt0s,Committee of Conference - LOB 210/211 (06/20/2023),yes,Committee of Conference - LOB 210/211,2023-06-20,title,yes,2023-06-20 09:58:07,2023-06-20T13:58:07Z,2023-06-20T14:19:42Z,PT21M46S,2023-06-21T02:27:16Z
GngHMwFWlhg,Committee of Conference - LOB 202/204 (06/20/2023),yes,Committee of Conference - LOB 202/204,2023-06-20,title,yes,2023-06-20 10:59:17,2023-06-20T14:59:17Z,2023-06-20T18:26:57Z,PT3H27M51S,2023-06-21T07:42:08Z
MHGCU2pe2JQ,Committee of Conference - LOB 301/303 (06/21/2023),yes,Committee of Conference - LOB 301/303,2023-06-21,title,yes,2023-06-21 08:59:12,2023-06-21T12:59:12Z,2023-06-21T18:26:32Z,PT5H27M31S,2023-06-21T20:13:17Z
XoogcXtqyww,Committee of Conference - LOB 202/204 (06/21/2023),yes,Committee of Conference - LOB 202/204,2023-06-21,title,yes,2023-06-21 09:59:07,2023-06-21T13:59:07Z,2023-06-21T14:42:39Z,PT43M40S,2023-06-22T03:16:06Z
S_K3vZoXW0A,Committee of Conference - LOB 205/207 (06/21/2023),yes,Committee of Conference - LOB 205/207,2023-06-21,title,yes,2023-06-21 09:00:13,2023-06-21T13:00:13Z,2023-06-21T16:38:11Z,PT3H37M56S,2023-06-22T06:59:21Z
O4Fme6h12j4,Committee of Conference - LOB 201/203 (06/22/2023),yes,Committee of Conference - LOB 201/203,2023-06-22,title,yes,2023-06-22 09:59:07,2023-06-22T13:59:07Z,2023-06-22T15:06:53Z,PT1H7M55S,2023-06-23T03:25:07Z
Ss7AwCtQ3YU,Health and Human Services Oversight Committee (06/23/23),yes,Health and Human Services Oversight Committee,2023-06-23,title,yes,2023-06-23 09:55:12,2023-06-23T13:55:12Z,2023-06-23T16:27:22Z,PT2H32M6S,2023-06-24T05:41:38Z
Ja-BubeWtNk,Fiscal Committee (06/23/23),yes,Fiscal Committee,2023-06-23,title,yes,2023-06-23 13:01:11,2023-06-23T17:01:11Z,2023-06-23T18:22:34Z,PT1H21M15S,2023-06-24T06:39:53Z
EFyxjBdko80,"House Labor, Industrial and Rehabilitative Services (06/23/23)",yes,"Labor, Industrial and Rehabilitative Services",2023-06-23,title,yes,2023-06-23 09:59:17,2023-06-23T13:59:17Z,2023-06-23T17:48:49Z,PT3H49M41S,2023-06-24T07:17:10Z
88WJbzW2vDI,House Executive Departments and Administration (06/27/23),yes,Executive Departments and Administration,2023-06-27,title,yes,2023-06-27 09:58:07,2023-06-27T13:58:07Z,2023-06-27T14:59:07Z,PT1H58S,2023-06-28T03:22:30Z
y9Ha_jSvBe0,House Election Law (06/27/23),yes,Election Law,2023-06-27,title,yes,2023-06-27 09:57:51,2023-06-27T13:57:51Z,2023-06-27T15:21:21Z,PT1H23M28S,2023-06-28T03:45:59Z
_jaZH0iSiE0,House Finance Division III (06/27/23),yes,Finance Division III,2023-06-27,title,yes,2023-06-27 09:58:02,2023-06-27T13:58:02Z,2023-06-27T15:38:24Z,PT1H40M31S,2023-06-28T04:46:39Z
16URzOM26A4,House Special Committee on Housing (06/27/23),yes,Special Committee on Housing,2023-06-27,title,yes,2023-06-27 09:57:52,2023-06-27T13:57:52Z,2023-06-27T16:20:23Z,PT2H22M37S,2023-06-28T05:13:53Z
UJesgarCfIM,House Special Committee on the Family Division of the Circuit Court (06/27/23),yes,Special Committee on the Family Division of the Circuit Court,2023-06-27,title,yes,2023-06-27 09:24:46,2023-06-27T13:24:46Z,2023-06-27T15:53:29Z,PT2H28M50S,2023-06-28T05:43:59Z
AXubrxcazJ0,House Judiciary (06/27/23),yes,Judiciary,2023-06-27,title,yes,2023-06-27 12:58:52,2023-06-27T16:58:52Z,2023-06-27T18:32:45Z,PT1H33M51S,2023-06-28T06:59:40Z
wE1WmsMogW0,House Education (06/28/23),yes,Education,2023-06-28,title,yes,2023-06-28 09:55:51,2023-06-28T13:55:51Z,2023-06-28T15:58:05Z,PT2H2M20S,2023-06-29T04:20:10Z
_fkZnal1X-g,House Education (06/28/23 Afternoon),NO,,,title,yes,2023-06-28 12:06:21,2023-06-28T16:06:21Z,2023-06-28T16:52:44Z,PT46M26S,2023-06-29T05:09:18Z
WrUTR_qhLNY,House Judiciary (06/28/23),yes,Judiciary,2023-06-28,title,yes,2023-06-28 09:59:12,2023-06-28T13:59:12Z,2023-06-28T17:55:36Z,PT3H56M36S,2023-06-29T06:17:40Z
qt_E2sQhBuc,House Session (06/29/23),yes,Session,2023-06-29,title,yes,2023-06-29 09:57:37,2023-06-29T13:57:37Z,2023-06-29T16:33:40Z,PT2H36M1S,2023-06-30T05:01:13Z
sh1WrtuAtno,Administrative Rules (07/20/2023),yes,Administrative Rules,2023-07-20,title,yes,2023-07-20 08:54:12,2023-07-20T12:54:12Z,2023-07-20T15:19:20Z,PT2H24M44S,2023-07-21T03:41:30Z
vozqeh0t3pU,Retirement Benefits Commission (08/03/2023),yes,Retirement Benefits Commission,2023-08-03,title,yes,2023-08-03 12:59:06,2023-08-03T16:59:06Z,2023-08-03T17:22:25Z,PT23M31S,2023-08-04T05:25:01Z
kUk6EbHPwc8,Legislative Performance Audit and Oversight Committee (08/11/23),yes,Legislative Performance Audit and Oversight Committee,2023-08-11,title,yes,2023-08-11 10:58:16,2023-08-11T14:58:16Z,2023-08-11T16:11:02Z,PT46M20S,2023-08-12T04:13:42Z
ai51lUeVKcE,Fiscal Committee (08/11/23),yes,Fiscal Committee,2023-08-11,title,yes,2023-08-11 12:58:57,2023-08-11T16:58:57Z,2023-08-11T18:21:00Z,PT1H22M11S,2023-08-12T06:47:54Z
i2sBnKdgShk,Administrative Rules (08/17/2023),yes,Administrative Rules,2023-08-17,title,yes,2023-08-17 08:57:01,2023-08-17T12:57:01Z,2023-08-17T13:37:51Z,PT41M1S,2023-08-18T01:40:53Z
ou72lrCiDCw,Retirement Benefits Commission (08/17/2023),yes,Retirement Benefits Commission,2023-08-17,title,yes,2023-08-17 12:58:42,2023-08-17T16:58:42Z,2023-08-17T17:43:55Z,PT45M21S,2023-08-18T05:50:15Z
zuP8cTI1G9g,Retirement Benefits Commission (08/24/23),yes,Retirement Benefits Commission,2023-08-24,title,yes,2023-08-24 12:58:06,2023-08-24T16:58:06Z,2023-08-24T18:36:27Z,PT1H38M26S,2023-08-25T07:35:51Z
Uj5Cf1BpFs0,House Special Committee on Housing (08/29/23),yes,Special Committee on Housing,2023-08-29,title,yes,2023-08-29 09:59:12,2023-08-29T13:59:12Z,2023-08-29T17:10:45Z,PT3H11M41S,2023-08-30T05:33:07Z
BGRGXi-H5-c,Administrative Rules (08/31/23),yes,Administrative Rules,2023-08-31,title,yes,2023-08-31 08:59:07,2023-08-31T12:59:07Z,2023-08-31T13:49:43Z,PT50M37S,2023-09-01T01:59:57Z
MmGTxkc5e_Y,Long Range Capital Planning and Utilization Committee (09/01/23),yes,Long Range Capital Planning and Utilization Committee,2023-09-01,title,yes,2023-09-01 09:59:06,2023-09-01T13:59:06Z,2023-09-01T14:24:27Z,PT25M30S,2023-09-02T02:42:18Z
LqDu75qTCnQ,House Special Committee on Housing (09/05/23),yes,Special Committee on Housing,2023-09-05,title,yes,2023-09-05 10:00:07,2023-09-05T14:00:07Z,2023-09-05T14:53:43Z,PT53M31S,2023-09-06T03:23:16Z
48ZbJD0dMk8,House Special Committee on Commissions (09/11/23),yes,Special Committee on Commissions,2023-09-11,title,yes,2023-09-11 12:55:47,2023-09-11T16:55:47Z,2023-09-11T18:32:58Z,PT1H37M16S,2023-09-12T07:17:43Z
s0uV8vCq5-Y,House Special Committee on the Family Division of the Circuit Court (09/12/23),yes,Special Committee on the Family Division of the Circuit Court,2023-09-12,title,yes,2023-09-12 09:30:12,2023-09-12T13:30:12Z,2023-09-12T15:01:32Z,PT1H31M26S,2023-09-13T03:48:35Z
fRZbnU1ITvQ,House Environment and Agriculture (09/12/23),yes,Environment and Agriculture,2023-09-12,title,yes,2023-09-12 09:59:11,2023-09-12T13:59:11Z,2023-09-12T16:01:04Z,PT2H2M1S,2023-09-13T04:55:25Z
Z8XcP7Jps5s,House Finance Division II (09/12/23),yes,Finance Division II,2023-09-12,title,yes,2023-09-12 12:58:51,2023-09-12T16:58:51Z,2023-09-12T17:58:07Z,PT59M19S,2023-09-13T06:13:35Z
tj-OZwyYoRo,House Criminal Justice and Public Safety (09/14/23),yes,Criminal Justice and Public Safety,2023-09-14,title,yes,2023-09-14 09:59:11,2023-09-14T13:59:11Z,2023-09-14T14:32:52Z,PT33M50S,2023-09-15T02:40:34Z
sEtOFqy0gJY,"House Labor, Industrial and Rehabilitative Services (09/14/23)",yes,"Labor, Industrial and Rehabilitative Services",2023-09-14,title,yes,2023-09-14 09:59:06,2023-09-14T13:59:06Z,2023-09-14T14:40:19Z,PT41M26S,2023-09-15T03:00:25Z
J1IURf7UvNs,Fiscal Committee (09/14/23),yes,Fiscal Committee,2023-09-14,title,yes,2023-09-14 09:58:56,2023-09-14T13:58:56Z,2023-09-14T15:00:21Z,PT1H1M35S,2023-09-15T03:27:18Z
FtwBB_8AEDU,House Education (09/14/23 - Morning),NO,,,title,yes,2023-09-14 08:58:42,2023-09-14T12:58:42Z,2023-09-14T15:55:11Z,PT2H56M36S,2023-09-15T04:40:34Z
l1RggvqiHkM,House Education (09/14/23 - Afternoon),NO,,,title,yes,2023-09-14 12:59:11,2023-09-14T16:59:11Z,2023-09-14T18:03:20Z,PT1H4M15S,2023-09-15T06:21:30Z
BaHWwjdgxvc,Retirement Benefits Commission (09/14/23),yes,Retirement Benefits Commission,2023-09-14,title,yes,2023-09-14 12:59:11,2023-09-14T16:59:11Z,2023-09-14T18:17:07Z,PT1H18M1S,2023-09-15T06:26:08Z
NtT7sP6ckKY,Long Range Capital Planning and Utilization Committee (09/15/2023),yes,Long Range Capital Planning and Utilization Committee,2023-09-15,title,yes,2023-09-15 08:59:11,2023-09-15T12:59:11Z,2023-09-15T13:45:35Z,PT46M18S,2023-09-16T02:07:54Z
R2r2-iwjbCQ,Capital Project Overview Committee (09/15/2023),yes,Capital Project Overview Committee,2023-09-15,title,yes,2023-09-15 09:46:42,2023-09-15T13:46:42Z,2023-09-15T14:36:43Z,PT50M11S,2023-09-16T03:14:58Z
QUuA6boqS1o,House Criminal Justice and Public Safety (09/15/23),yes,Criminal Justice and Public Safety,2023-09-15,title,yes,2023-09-15 09:59:07,2023-09-15T13:59:07Z,2023-09-15T16:45:14Z,PT2H46M21S,2023-09-16T05:58:39Z
zNDkRdIR05c,"House Health, Human Services and Elderly Affairs (09/18/23)",yes,"Health, Human Services and Elderly Affairs",2023-09-18,title,yes,2023-09-18 09:59:17,2023-09-18T13:59:17Z,2023-09-18T14:32:44Z,PT33M40S,2023-09-19T02:39:11Z
bh9csDIvafo,Committee to Study Extended Producer Responsibility (09/18/23),yes,Committee to Study Extended Producer Responsibility,2023-09-18,title,yes,2023-09-18 09:03:47,2023-09-18T13:03:47Z,2023-09-18T14:32:18Z,PT1H28M41S,2023-09-19T02:50:03Z
YaJAK9pOiOA,Commission to Study: Proposing Legislation for State-Controlled Sale of Cannabis (09/18/23),yes,Commission to Study: Proposing Legislation for State-Controlled Sale of Cannabis,2023-09-18,title,yes,2023-09-18 10:16:57,2023-09-18T14:16:57Z,2023-09-18T16:21:28Z,PT2H4M36S,2023-09-19T05:07:32Z
V2TK7VSunJU,House Education (09/19/23 - Morning),NO,,,title,yes,2023-09-19 09:55:12,2023-09-19T13:55:12Z,2023-09-19T16:07:05Z,PT2H11M57S,2023-09-20T04:24:43Z
KXkVroGsY80,House Ways and Means (09/19/23),yes,Ways and Means,2023-09-19,title,yes,2023-09-19 09:59:12,2023-09-19T13:59:12Z,2023-09-19T15:52:43Z,PT1H53M40S,2023-09-20T04:27:21Z
MSweeI1CK9s,House Education (09/19/23 - Afternoon),NO,,,title,yes,2023-09-19 12:58:41,2023-09-19T16:58:41Z,2023-09-19T18:20:26Z,PT1H21M51S,2023-09-20T06:30:26Z
AXL3uST2nrc,House Commerce and Consumer Affairs (09/20/23),yes,Commerce and Consumer Affairs,2023-09-20,title,yes,2023-09-20 09:59:07,2023-09-20T13:59:07Z,2023-09-20T17:52:24Z,PT3H53M31S,2023-09-21T06:24:03Z
k3_If7yvu38,Administrative Rules (09/21/23),yes,Administrative Rules,2023-09-21,title,yes,2023-09-21 08:59:27,2023-09-21T12:59:27Z,2023-09-21T14:42:17Z,PT1H43M1S,2023-09-22T02:57:09Z
KV3qQu6s_9U,House Finance Division I (09/21/23),yes,Finance Division I,2023-09-21,title,yes,2023-09-21 09:27:52,2023-09-21T13:27:52Z,2023-09-21T15:06:35Z,PT1H38M56S,2023-09-22T03:26:00Z
xpTLj2Dddcg,"House Labor, Industrial and Rehabilitative Services (09/21/23)",yes,"Labor, Industrial and Rehabilitative Services",2023-09-21,title,yes,2023-09-21 09:59:36,2023-09-21T13:59:36Z,2023-09-21T15:23:13Z,PT1H23M46S,2023-09-22T03:58:34Z
5Hgx7tNgyDM,Joint Committee on Tax Expenditure Review (09/21/23),yes,Joint Committee on Tax Expenditure Review,2023-09-21,title,yes,2023-09-21 10:27:32,2023-09-21T14:27:32Z,2023-09-21T15:56:20Z,PT1H29M1S,2023-09-22T04:07:50Z
gLdGjbsmG_I,House Criminal Justice and Public Safety (09/21/23),yes,Criminal Justice and Public Safety,2023-09-21,title,yes,2023-09-21 09:59:37,2023-09-21T13:59:37Z,2023-09-21T17:12:27Z,PT3H13M,2023-09-22T06:26:17Z
xYzj6BN_oyw,Health and Human Services Oversight Committee (09/22/23),yes,Health and Human Services Oversight Committee,2023-09-22,title,yes,2023-09-22 09:59:12,2023-09-22T13:59:12Z,2023-09-22T15:39:24Z,PT1H40M26S,2023-09-23T03:54:36Z
gzhfbC506I0,House Criminal Justice and Public Safety (09/22/23),yes,Criminal Justice and Public Safety,2023-09-22,title,yes,2023-09-22 09:57:56,2023-09-22T13:57:56Z,2023-09-22T17:55:36Z,PT3H57M34S,2023-09-23T06:20:44Z
pijZuCYrcqs,Worldwide Reporting Commission (09/25/2023),yes,Worldwide Reporting Commission,2023-09-25,title,yes,2023-09-25 09:30:11,2023-09-25T13:30:11Z,2023-09-25T18:34:15Z,PT5H4M6S,2023-09-25T20:36:30Z
kJl8EFbGSiA,"House Science, Technology and Energy (09/26/23)",yes,"Science, Technology and Energy",2023-09-26,title,yes,2023-09-26 09:58:46,2023-09-26T13:58:46Z,2023-09-26T18:12:34Z,PT4H13M49S,2023-09-26T19:10:04Z
07ylk1UoyaE,House Election Law (09/26/23),yes,Election Law,2023-09-26,title,yes,2023-09-26 09:58:52,2023-09-26T13:58:52Z,2023-09-26T14:33:33Z,PT34M51S,2023-09-27T02:37:05Z
oeAguyN6pYA,House Judiciary (09/26/23),yes,Judiciary,2023-09-26,title,yes,2023-09-26 09:59:12,2023-09-26T13:59:12Z,2023-09-26T15:07:56Z,PT1H8M56S,2023-09-27T03:15:45Z
dinSJ_c1rvo,House Education (09/26/23),yes,Education,2023-09-26,title,yes,2023-09-26 08:57:16,2023-09-26T12:57:16Z,2023-09-26T15:35:43Z,PT2H38M31S,2023-09-27T03:46:29Z
VhDol_WirUo,House Children and Family Law (09/26/23),yes,Children and Family Law,2023-09-26,title,yes,2023-09-26 09:29:07,2023-09-26T13:29:07Z,2023-09-26T16:21:50Z,PT2H52M51S,2023-09-27T04:35:15Z
b4hzg7OxrPg,"House Health, Human Services and Elderly Affairs (09/26/23)",yes,"Health, Human Services and Elderly Affairs",2023-09-26,title,yes,2023-09-26 13:01:51,2023-09-26T17:01:51Z,2023-09-26T17:29:52Z,PT28M10S,2023-09-27T05:33:36Z
zrQflA2defc,House Transportation (09/26/23),yes,Transportation,2023-09-26,title,yes,2023-09-26 09:59:12,2023-09-26T13:59:12Z,2023-09-26T17:46:37Z,PT3H47M30S,2023-09-27T06:12:30Z
oXQcH94RhDk,House Judiciary (09/27/23),yes,Judiciary,2023-09-27,title,yes,2023-09-27 09:31:42,2023-09-27T13:31:42Z,2023-09-27T14:54:41Z,PT1H23M6S,2023-09-28T03:15:01Z
S1mhK5NSOx0,"House Labor, Industrial and Rehabilitative Services (09/28/23)",yes,"Labor, Industrial and Rehabilitative Services",2023-09-28,title,yes,2023-09-28 10:00:26,2023-09-28T14:00:26Z,2023-09-28T15:50:52Z,PT1H50M26S,2023-09-29T04:15:54Z
K8bl9FuNluk,House Judiciary (09/28/23),yes,Judiciary,2023-09-28,title,yes,2023-09-28 09:59:07,2023-09-28T13:59:07Z,2023-09-28T16:55:04Z,PT2H56M6S,2023-09-29T05:21:36Z
lEg-nmIU8-E,Retirement Benefits Commission (09/28/23),yes,Retirement Benefits Commission,2023-09-28,title,yes,2023-09-28 12:59:12,2023-09-28T16:59:12Z,2023-09-28T18:22:35Z,PT1H23M35S,2023-09-29T06:33:53Z
Hkj_CXPHv1U,"House Health, Human Services and Elderly Affairs (09/29/23)",yes,"Health, Human Services and Elderly Affairs",2023-09-29,title,yes,2023-09-29 09:59:57,2023-09-29T13:59:57Z,2023-09-29T14:29:31Z,PT29M40S,2023-09-30T02:41:54Z
a-ktlLY1Bk8,House Criminal Justice and Public Safety (09/29/23),yes,Criminal Justice and Public Safety,2023-09-29,title,yes,2023-09-29 09:59:22,2023-09-29T13:59:22Z,2023-09-29T17:02:49Z,PT3H3M41S,2023-09-30T05:51:45Z
nFAvdN22kao,Committee to Study Extended Producer Responsibility (10/02/23),yes,Committee to Study Extended Producer Responsibility,2023-10-02,title,yes,2023-10-02 09:59:07,2023-10-02T13:59:07Z,2023-10-02T15:21:44Z,PT1H22M46S,2023-10-03T03:27:54Z
cp7oUDeiMGg,Worldwide Combined Reporting Commission (10/02/2023),yes,Worldwide Combined Reporting Commission,2023-10-02,title,yes,2023-10-02 09:59:12,2023-10-02T13:59:12Z,2023-10-02T16:23:21Z,PT2H24M20S,2023-10-03T04:36:14Z
IiV32aIOqeI,House Education (10/02/23),yes,Education,2023-10-02,title,yes,2023-10-02 09:26:46,2023-10-02T13:26:46Z,2023-10-02T16:16:04Z,PT2H49M31S,2023-10-03T04:39:20Z
YTlv0nQbrLc,House Special Committee on Commissions (10/02/23),yes,Special Committee on Commissions,2023-10-02,title,yes,2023-10-02 13:00:37,2023-10-02T17:00:37Z,2023-10-02T18:13:56Z,PT1H13M25S,2023-10-03T06:21:19Z
9VT98_2M3_M,House Special Committee on the Family Division of the Circuit Court (10/03/23),yes,Special Committee on the Family Division of the Circuit Court,2023-10-03,title,yes,2023-10-03 09:26:46,2023-10-03T13:26:46Z,2023-10-03T18:13:04Z,PT4H46M26S,2023-10-03T18:50:55Z
9zecqhnY61Q,House Finance Division III (10/03/23),yes,Finance Division III,2023-10-03,title,yes,2023-10-03 09:58:46,2023-10-03T13:58:46Z,2023-10-03T14:37:18Z,PT38M40S,2023-10-04T02:41:58Z
02GlRFcXTJE,"House Science, Technology and Energy (10/03/23)",yes,"Science, Technology and Energy",2023-10-03,title,yes,2023-10-03 10:02:36,2023-10-03T14:02:36Z,2023-10-03T16:07:31Z,PT2H5M1S,2023-10-04T04:18:44Z
aV2NWIwIQ20,House Children and Family Law (10/03/23),yes,Children and Family Law,2023-10-03,title,yes,2023-10-03 13:03:41,2023-10-03T17:03:41Z,2023-10-03T19:17:23Z,PT2H13M50S,2023-10-04T07:27:52Z
FImZy-9otPM,House Criminal Justice and Public Safety (10/04/23),yes,Criminal Justice and Public Safety,2023-10-04,title,yes,2023-10-04 09:59:06,2023-10-04T13:59:06Z,2023-10-04T16:07:01Z,PT2H8M6S,2023-10-05T04:21:04Z
zY0LKPw_jA0,House Education (10/05/23),yes,Education,2023-10-05,title,yes,2023-10-05 09:58:56,2023-10-05T13:58:56Z,2023-10-05T18:24:11Z,PT4H24M3S,2023-10-05T18:56:35Z
y67AsO_XLBQ,Commission to Study: Proposing Legislation for State-Controlled Sale of Cannabis (10/05/23),yes,Commission to Study: Proposing Legislation for State-Controlled Sale of Cannabis,2023-10-05,title,yes,2023-10-05 09:59:12,2023-10-05T13:59:12Z,2023-10-05T16:14:04Z,PT2H14M7S,2023-10-06T04:34:53Z
bH8GbETtYQo,House Criminal Justice and Public Safety (10/05/23),yes,Criminal Justice and Public Safety,2023-10-05,title,yes,2023-10-05 10:00:11,2023-10-05T14:00:11Z,2023-10-05T15:45:11Z,PT1H44M27S,2023-10-06T05:12:49Z
FTW_VFuiXlA,"House Health, Human Services and Elderly Affairs (10/06/23)",yes,"Health, Human Services and Elderly Affairs",2023-10-06,title,yes,2023-10-06 09:00:26,2023-10-06T13:00:26Z,2023-10-06T13:26:10Z,PT25M51S,2023-10-07T01:31:05Z
_uNA9-vuGIM,"House Health, Human Services and Elderly Affairs Pt 2 (10/06/23)",yes,"Health, Human Services and Elderly Affairs Pt 2",2023-10-06,title,yes,2023-10-06 09:30:37,2023-10-06T13:30:37Z,2023-10-06T14:41:57Z,PT1H11M31S,2023-10-07T03:11:37Z
9v1BRpFG7Og,House Criminal Justice and Public Safety (10/06/23),yes,Criminal Justice and Public Safety,2023-10-06,title,yes,2023-10-06 09:59:06,2023-10-06T13:59:06Z,2023-10-06T15:23:23Z,PT1H24M26S,2023-10-07T03:38:23Z
ihePpstvzno,House Transportation (10/10/23),yes,Transportation,2023-10-10,title,yes,2023-10-10 09:59:08,2023-10-10T13:59:08Z,2023-10-10T14:05:04Z,PT6M6S,2023-10-11T02:06:40Z
L4XbPQIxIGc,House Children and Family Law (10/10/23),yes,Children and Family Law,2023-10-10,title,yes,2023-10-10 09:29:06,2023-10-10T13:29:06Z,2023-10-10T15:12:11Z,PT1H43M15S,2023-10-11T03:26:53Z
qPn2wGqgRiY,House Judiciary (10/10/23),yes,Judiciary,2023-10-10,title,yes,2023-10-10 09:56:56,2023-10-10T13:56:56Z,2023-10-10T15:46:03Z,PT1H48M53S,2023-10-11T04:06:21Z
O5HSy67FkVM,Special Committee on the Family Division of the Circuit Court (10/10/23),yes,Special Committee on the Family Division of the Circuit Court,2023-10-10,title,yes,2023-10-10 12:58:41,2023-10-10T16:58:41Z,2023-10-10T17:30:41Z,PT32M11S,2023-10-11T05:38:07Z
3xj4MfVXnKY,House Judiciary Afternoon (10/10/23),yes,Judiciary Afternoon,2023-10-10,title,yes,2023-10-10 13:03:46,2023-10-10T17:03:46Z,2023-10-10T18:01:50Z,PT58M6S,2023-10-11T06:10:29Z
sK-SJPudRUE,House Rules (10/10/23),yes,Rules,2023-10-10,title,yes,2023-10-10 12:59:12,2023-10-10T16:59:12Z,2023-10-10T18:14:33Z,PT1H15M25S,2023-10-11T06:26:09Z
A1gLDWBt-WQ,"House Health, Human Services and Elderly Affairs (10/11/23)",yes,"Health, Human Services and Elderly Affairs",2023-10-11,title,yes,2023-10-11 09:59:07,2023-10-11T13:59:07Z,2023-10-11T14:40:43Z,PT41M46S,2023-10-12T02:43:17Z
9ZAGT0omCEE,House State-Federal Relations and Veterans Affairs (10/11/23),yes,State-Federal Relations and Veterans Affairs,2023-10-11,title,yes,2023-10-11 09:59:07,2023-10-11T13:59:07Z,2023-10-11T16:46:31Z,PT2H47M14S,2023-10-12T05:08:23Z
nh4KcofLCRQ,"House Resources, Recreation and Development (10/11/23)",yes,"Resources, Recreation and Development",2023-10-11,title,yes,2023-10-11 09:58:46,2023-10-11T13:58:46Z,2023-10-11T16:57:22Z,PT2H58M23S,2023-10-12T05:08:53Z
U01KEkWI5_c,House Legislative Administration (10/11/23),yes,Legislative Administration,2023-10-11,title,yes,2023-10-11 12:58:36,2023-10-11T16:58:36Z,2023-10-11T17:17:20Z,PT18M56S,2023-10-12T05:18:42Z
NHUzbncPxRU,House Education (10/12/23),yes,Education,2023-10-12,title,yes,2023-10-12 09:59:07,2023-10-12T13:59:07Z,2023-10-12T18:03:31Z,PT4H4M36S,2023-10-12T18:20:46Z
tx7xw6jBZOs,"House Labor, Industrial and Rehabilitative Services (10/12/23)",yes,"Labor, Industrial and Rehabilitative Services",2023-10-12,title,yes,2023-10-12 09:59:07,2023-10-12T13:59:07Z,2023-10-12T15:31:04Z,PT1H32M6S,2023-10-13T03:41:25Z
qDD-9Aekk-U,House Criminal Justice and Public Safety (10/12/23),yes,Criminal Justice and Public Safety,2023-10-12,title,yes,2023-10-12 09:55:22,2023-10-12T13:55:22Z,2023-10-12T16:54:31Z,PT2H59M6S,2023-10-13T05:23:30Z
UzvXMfkFlFg,Retirement Benefits Commission (10/12/23),yes,Retirement Benefits Commission,2023-10-12,title,yes,2023-10-12 12:59:16,2023-10-12T16:59:16Z,2023-10-12T18:20:38Z,PT1H21M31S,2023-10-13T06:43:08Z
Nag1GoLdnww,"House Science, Technology and Energy (10/16/23)",yes,"Science, Technology and Energy",2023-10-16,title,yes,2023-10-16 09:59:16,2023-10-16T13:59:16Z,2023-10-16T18:15:05Z,PT4H16M1S,2023-10-16T18:40:08Z
MbDZWfgIq0c,House Criminal Justice and Public Safety (10/16/23),yes,Criminal Justice and Public Safety,2023-10-16,title,yes,2023-10-16 10:01:36,2023-10-16T14:01:36Z,2023-10-16T15:26:21Z,PT1H24M46S,2023-10-17T03:37:05Z
en1FT41qJHA,Committee to Study Extended Producer Responsibility (10/16/23),yes,Committee to Study Extended Producer Responsibility,2023-10-16,title,yes,2023-10-16 10:02:11,2023-10-16T14:02:11Z,2023-10-16T16:01:06Z,PT1H58M55S,2023-10-17T04:13:30Z
_GriPyhr7F8,House Special Committee on Commissions (10/16/23),yes,Special Committee on Commissions,2023-10-16,title,yes,2023-10-16 13:01:11,2023-10-16T17:01:11Z,2023-10-16T18:02:28Z,PT1H1M20S,2023-10-17T06:18:09Z
kUhafME__LE,House Commerce and Consumer Affairs (10/17/23),yes,Commerce and Consumer Affairs,2023-10-17,title,yes,2023-10-17 09:57:21,2023-10-17T13:57:21Z,2023-10-17T19:49:31Z,PT5H52M15S,2023-10-17T22:21:28Z
6obC8pPPZMo,House Children and Family Law (10/17/23),yes,Children and Family Law,2023-10-17,title,yes,2023-10-17 09:29:12,2023-10-17T13:29:12Z,2023-10-17T14:00:13Z,PT31M10S,2023-10-18T02:03:30Z
rLfMWpIhz7I,House Special Committee on the Family Division of the Circuit Court (10/17/23),yes,Special Committee on the Family Division of the Circuit Court,2023-10-17,title,yes,2023-10-17 10:28:32,2023-10-17T14:28:32Z,2023-10-17T15:04:52Z,PT36M30S,2023-10-18T03:10:08Z
NQwbczEo1e0,House Education (10/17/23),yes,Education,2023-10-17,title,yes,2023-10-17 08:55:21,2023-10-17T12:55:21Z,2023-10-17T15:29:46Z,PT2H34M31S,2023-10-18T03:44:55Z
eZuV9x_cOFY,Commission on Worldwide Combined Reporting (10/17/23),yes,Commission on Worldwide Combined Reporting,2023-10-17,title,yes,2023-10-17 09:57:41,2023-10-17T13:57:41Z,2023-10-17T15:38:10Z,PT1H40M40S,2023-10-18T03:46:58Z
vc75SfCNVY0,"House Science, Technology and Energy (10/17/23)",yes,"Science, Technology and Energy",2023-10-17,title,yes,2023-10-17 09:59:12,2023-10-17T13:59:12Z,2023-10-17T15:42:33Z,PT1H43M31S,2023-10-18T03:55:15Z
TbfRiMVLnr0,Commission to Study the Effect of Recent Changes Made to Charitable Gaming Laws (10/17/23),yes,Commission to Study the Effect of Recent Changes Made to Charitable Gaming Laws,2023-10-17,title,yes,2023-10-17 09:29:16,2023-10-17T13:29:16Z,2023-10-17T15:38:01Z,PT2H8M50S,2023-10-18T04:07:37Z
2cOAlKLwPC4,"House Health, Human Services and Elderly Affairs (10/17/23)",yes,"Health, Human Services and Elderly Affairs",2023-10-17,title,yes,2023-10-17 10:59:06,2023-10-17T14:59:06Z,2023-10-17T16:03:42Z,PT1H4M46S,2023-10-18T04:11:12Z
uoAVjxhDWxQ,House Environment and Agriculture (10/17/23),yes,Environment and Agriculture,2023-10-17,title,yes,2023-10-17 09:57:26,2023-10-17T13:57:26Z,2023-10-17T15:59:34Z,PT2H2M15S,2023-10-18T04:13:41Z
HhnJ_l7iMKw,House Judiciary (10/18/23),yes,Judiciary,2023-10-18,title,yes,2023-10-18 09:59:07,2023-10-18T13:59:07Z,2023-10-18T14:49:50Z,PT50M51S,2023-10-19T02:59:12Z
vl65WNEqrdw,"House Resources, Recreation and Development (10/18/23)",yes,"Resources, Recreation and Development",2023-10-18,title,yes,2023-10-18 09:58:41,2023-10-18T13:58:41Z,2023-10-18T14:50:09Z,PT51M36S,2023-10-19T03:19:06Z
ODFNBv8Oavs,House Municipal and County Government (10/18/23),yes,Municipal and County Government,2023-10-18,title,yes,2023-10-18 09:58:41,2023-10-18T13:58:41Z,2023-10-18T15:13:18Z,PT1H14M36S,2023-10-19T03:42:47Z
x192bRLlof8,House Education (10/18/23),yes,Education,2023-10-18,title,yes,2023-10-18 09:34:40,2023-10-18T13:34:40Z,2023-10-18T17:04:04Z,PT3H29M22S,2023-10-19T05:39:07Z
TnFTEYT9cFk,"House Resources, Recreation and Development (10/18/23 - Afternoon)",NO,,,title,yes,2023-10-18 13:00:32,2023-10-18T17:00:32Z,2023-10-18T18:04:42Z,PT1H4M16S,2023-10-19T06:21:25Z
y3OUNeVbfFg,"House Health, Human Services and Elderly Affairs (10/18/23)",yes,"Health, Human Services and Elderly Affairs",2023-10-18,title,yes,2023-10-18 13:58:42,2023-10-18T17:58:42Z,2023-10-18T19:38:57Z,PT1H40M26S,2023-10-19T07:46:24Z
GtpfNKbRdCA,House Children and Family Law (10/18/23),yes,Children and Family Law,2023-10-18,title,yes,2023-10-18 12:59:07,2023-10-18T16:59:07Z,2023-10-18T19:51:21Z,PT2H51M49S,2023-10-19T08:04:59Z
O-sbQrlPntw,Administrative Rules (10/19/23),yes,Administrative Rules,2023-10-19,title,yes,2023-10-19 08:52:46,2023-10-19T12:52:46Z,2023-10-19T14:09:41Z,PT1H16M56S,2023-10-20T02:16:46Z
_2Q419QmY3c,House Judiciary (10/19/23),yes,Judiciary,2023-10-19,title,yes,2023-10-19 09:56:36,2023-10-19T13:56:36Z,2023-10-19T14:54:37Z,PT58M11S,2023-10-20T03:16:34Z
nmG1aB22K50,Fiscal Committee (10/19/23),yes,Fiscal Committee,2023-10-19,title,yes,2023-10-19 09:56:36,2023-10-19T13:56:36Z,2023-10-19T15:46:24Z,PT1H50M,2023-10-20T04:11:09Z
zpPfC-tj41o,House Criminal Justice and Public Safety (10/19/23),yes,Criminal Justice and Public Safety,2023-10-19,title,yes,2023-10-19 10:00:27,2023-10-19T14:00:27Z,2023-10-19T16:02:27Z,PT2H2M11S,2023-10-20T04:21:21Z
SPMgEhODBAY,Commission to Study: Proposing Legislation for State-Controlled Sale of Cannabis (10/19/23),yes,Commission to Study: Proposing Legislation for State-Controlled Sale of Cannabis,2023-10-19,title,yes,2023-10-19 09:29:11,2023-10-19T13:29:11Z,2023-10-19T16:07:49Z,PT2H38M46S,2023-10-20T04:29:19Z
kkMW5PZjN5w,House Ways and Means (10/19/23),yes,Ways and Means,2023-10-19,title,yes,2023-10-19 09:29:11,2023-10-19T13:29:11Z,2023-10-19T16:27:52Z,PT2H58M51S,2023-10-20T05:35:22Z
46z-D8DxL-c,"House Health, Human Services and Elderly Affairs (10/19/23)",yes,"Health, Human Services and Elderly Affairs",2023-10-19,title,yes,2023-10-19 13:02:32,2023-10-19T17:02:32Z,2023-10-19T18:23:59Z,PT1H21M25S,2023-10-20T06:35:40Z
dDKka7oqCso,Joint Committee on Tax Expenditure Review (10/20/23),yes,Joint Committee on Tax Expenditure Review,2023-10-20,title,yes,2023-10-20 08:58:41,2023-10-20T12:58:41Z,2023-10-20T14:37:18Z,PT1H38M36S,2023-10-21T02:52:52Z
cVA6T9aaNLs,House Criminal Justice and Public Safety (10/20/23),yes,Criminal Justice and Public Safety,2023-10-20,title,yes,2023-10-20 09:59:12,2023-10-20T13:59:12Z,2023-10-20T15:25:11Z,PT1H26M11S,2023-10-21T03:46:23Z
J6iX53rYwQE,"House Health, Human Services and Elderly Affairs (10/20/23)",yes,"Health, Human Services and Elderly Affairs",2023-10-20,title,yes,2023-10-20 10:58:52,2023-10-20T14:58:52Z,2023-10-20T17:03:28Z,PT2H4M33S,2023-10-21T05:23:21Z
SVzn9XnIwVo,Commission on Worldwide Combined Reporting (10/23/23),yes,Commission on Worldwide Combined Reporting,2023-10-23,title,yes,2023-10-23 09:57:22,2023-10-23T13:57:22Z,2023-10-23T15:20:46Z,PT1H23M31S,2023-10-24T03:33:11Z
XELJ6V_U2KA,House Environment and Agriculture (10/24/23),yes,Environment and Agriculture,2023-10-24,title,yes,2023-10-24 09:59:12,2023-10-24T13:59:12Z,2023-10-24T17:59:23Z,PT4H21S,2023-10-24T18:33:43Z
LS5L_lUan8Q,"House Health, Human Services and Elderly Affairs (10/24/23)",yes,"Health, Human Services and Elderly Affairs",2023-10-24,title,yes,2023-10-24 09:59:07,2023-10-24T13:59:07Z,2023-10-24T14:22:51Z,PT23M55S,2023-10-25T02:25:03Z
lnHzRFaT8rQ,"House Science, Technology and Energy (10/24/23)",yes,"Science, Technology and Energy",2023-10-24,title,yes,2023-10-24 10:00:17,2023-10-24T14:00:17Z,2023-10-24T14:41:34Z,PT41M13S,2023-10-25T02:46:24Z
sf2cgyOQ_V0,House Criminal Justice and Public Safety (10/24/23),yes,Criminal Justice and Public Safety,2023-10-24,title,yes,2023-10-24 09:58:02,2023-10-24T13:58:02Z,2023-10-24T15:54:18Z,PT1H56M26S,2023-10-25T04:10:59Z
xKwP6yG0w88,House Judiciary (10/24/23),yes,Judiciary,2023-10-24,title,yes,2023-10-24 09:58:02,2023-10-24T13:58:02Z,2023-10-24T15:46:43Z,PT1H48M46S,2023-10-25T04:12:53Z
Qh4gxeNrNs0,Commission to Study: Proposing Legislation for State-Controlled Sale of Cannabis (10/24/23),yes,Commission to Study: Proposing Legislation for State-Controlled Sale of Cannabis,2023-10-24,title,yes,2023-10-24 10:00:06,2023-10-24T14:00:06Z,2023-10-24T17:26:40Z,PT3H26M29S,2023-10-25T06:23:37Z
UsneQnc-x6I,House Special Committee on Childcare (10/26/23),yes,Special Committee on Childcare,2023-10-26,title,yes,2023-10-26 08:27:51,2023-10-26T12:27:51Z,2023-10-26T12:34:34Z,PT6M51S,2023-10-27T00:36:01Z
YCMSxKzlgss,House Session (10/26/23),yes,Session,2023-10-26,title,yes,2023-10-26 10:00:42,2023-10-26T14:00:42Z,2023-10-26T15:18:31Z,PT1H17M32S,2023-10-27T03:30:53Z
5qpxf7_Owek,House Special Committee on Childcare Afternoon Session (10/26/23),yes,Special Committee on Childcare Afternoon Session,2023-10-26,title,yes,2023-10-26 11:21:06,2023-10-26T15:21:06Z,2023-10-26T15:33:18Z,PT12M20S,2023-10-27T03:38:31Z
ljU-mdFWXII,"House Health, Human Services and Elderly Affairs (10/27/23)",yes,"Health, Human Services and Elderly Affairs",2023-10-27,title,yes,2023-10-27 10:59:17,2023-10-27T14:59:17Z,2023-10-27T15:27:32Z,PT28M21S,2023-10-28T03:34:38Z
73s_-8JiE5I,Health and Human Services Oversight Committee (10/27/23),yes,Health and Human Services Oversight Committee,2023-10-27,title,yes,2023-10-27 09:59:36,2023-10-27T13:59:36Z,2023-10-27T16:02:14Z,PT2H2M45S,2023-10-28T04:53:36Z
qL01EYBoKJM,Commission on Worldwide Combined Reporting (10/30/23),yes,Commission on Worldwide Combined Reporting,2023-10-30,title,yes,2023-10-30 09:59:16,2023-10-30T13:59:16Z,2023-10-30T15:23:29Z,PT1H24M20S,2023-10-31T03:51:10Z
KJytpwuUvMw,House Special Committee on Commissions (10/30/23),yes,Special Committee on Commissions,2023-10-30,title,yes,2023-10-30 13:01:41,2023-10-30T17:01:41Z,2023-10-30T17:58:26Z,PT56M50S,2023-10-31T06:24:46Z
KGuzummP0Sw,House Transportation (10/31/23),yes,Transportation,2023-10-31,title,yes,2023-10-31 08:59:43,2023-10-31T12:59:43Z,2023-10-31T17:57:56Z,PT4H58M21S,2023-10-31T18:11:42Z
sOIGmyZqER8,House Education (10/31/23),yes,Education,2023-10-31,title,yes,2023-10-31 08:59:21,2023-10-31T12:59:21Z,2023-10-31T18:13:46Z,PT5H14M31S,2023-10-31T18:25:59Z
UBUEeZTfvQs,House Election Law (10/31/23),yes,Election Law,2023-10-31,title,yes,2023-10-31 09:59:11,2023-10-31T13:59:11Z,2023-10-31T18:14:54Z,PT4H15M56S,2023-10-31T18:28:23Z
LFvvaHOKyTY,"House Health, Human Services and Elderly Affairs (10/31/23)",yes,"Health, Human Services and Elderly Affairs",2023-10-31,title,yes,2023-10-31 09:58:56,2023-10-31T13:58:56Z,2023-10-31T16:19:37Z,PT2H20M46S,2023-11-01T04:41:50Z
wnrs0D2tNP0,House Children and Family Law (10/31/23),yes,Children and Family Law,2023-10-31,title,yes,2023-10-31 09:32:36,2023-10-31T13:32:36Z,2023-10-31T17:25:32Z,PT3H53M6S,2023-11-01T05:42:35Z
tAkW_pHzNc0,House Legislative Administration (11/01/23),yes,Legislative Administration,2023-11-01,title,yes,2023-11-01 09:59:12,2023-11-01T13:59:12Z,2023-11-01T15:23:29Z,PT1H24M31S,2023-11-02T03:40:10Z
kZH82rMLc7c,"House Resources, Recreation and Development (11/01/23)",yes,"Resources, Recreation and Development",2023-11-01,title,yes,2023-11-01 09:59:08,2023-11-01T13:59:08Z,2023-11-01T15:47:33Z,PT1H48M36S,2023-11-02T04:05:06Z
1a3nQP-tKik,House Criminal Justice and Public Safety (11/02/23),yes,Criminal Justice and Public Safety,2023-11-02,title,yes,2023-11-02 09:55:42,2023-11-02T13:55:42Z,2023-11-02T15:52:10Z,PT1H56M36S,2023-11-03T04:15:32Z
iqBq1CJoOMA,Retirement Benefits Commission (11/02/23),yes,Retirement Benefits Commission,2023-11-02,title,yes,2023-11-02 12:59:12,2023-11-02T16:59:12Z,2023-11-02T17:52:06Z,PT53M6S,2023-11-03T06:05:57Z
Swk8ydDlNLM,"House Labor, Industrial and Rehabilitative Services (11/02/23)",yes,"Labor, Industrial and Rehabilitative Services",2023-11-02,title,yes,2023-11-02 13:56:47,2023-11-02T17:56:47Z,2023-11-02T19:38:42Z,PT1H42M6S,2023-11-03T07:50:52Z
YFJbV1Jq9Qc,"House Health, Human Services and Elderly Affairs (11/03/23)",yes,"Health, Human Services and Elderly Affairs",2023-11-03,title,yes,2023-11-03 10:59:07,2023-11-03T14:59:07Z,2023-11-03T15:44:14Z,PT45M20S,2023-11-04T03:50:14Z
wulikeea8iw,House Criminal Justice and Public Safety (11/03/23),yes,Criminal Justice and Public Safety,2023-11-03,title,yes,2023-11-03 09:59:17,2023-11-03T13:59:17Z,2023-11-03T15:50:08Z,PT1H51M,2023-11-04T04:01:08Z
TiZ9Ra8RBQU,House Public Works and Highways (11/03/23),yes,Public Works and Highways,2023-11-03,title,yes,2023-11-03 12:58:37,2023-11-03T16:58:37Z,2023-11-03T17:39:14Z,PT40M51S,2023-11-04T05:44:28Z
FeU4A6Lv_Iw,Commission to Study: Proposing Legislation for State-Controlled Sale of Cannabis (11/03/23),yes,Commission to Study: Proposing Legislation for State-Controlled Sale of Cannabis,2023-11-03,title,yes,2023-11-03 09:59:03,2023-11-03T13:59:03Z,2023-11-03T17:11:53Z,PT3H12M50S,2023-11-04T05:46:16Z
A8Or-L4kxxM,"House Health, Human Services and Elderly Affairs (11/03/23 - Afternoon)",NO,,,title,yes,2023-11-03 12:59:07,2023-11-03T16:59:07Z,2023-11-03T19:16:03Z,PT2H17M6S,2023-11-04T07:25:32Z
L8238DUeXVY,Commission to Study the Effect of Recent Changes Made to Charitable Gaming Laws (11/06/23),yes,Commission to Study the Effect of Recent Changes Made to Charitable Gaming Laws,2023-11-06,title,yes,2023-11-06 09:57:31,2023-11-06T14:57:31Z,2023-11-06T16:46:54Z,PT1H49M31S,2023-11-07T04:55:06Z
jUThVvRwbkg,House Executive Departments and Administration (11/06/23),yes,Executive Departments and Administration,2023-11-06,title,yes,2023-11-06 10:29:13,2023-11-06T15:29:13Z,2023-11-06T16:32:52Z,PT1H3M51S,2023-11-07T05:06:04Z
QPsxCUW5ufA,"House Health, Human Services and Elderly Affairs (11/06/23)",yes,"Health, Human Services and Elderly Affairs",2023-11-06,title,yes,2023-11-06 09:58:46,2023-11-06T14:58:46Z,2023-11-06T16:59:08Z,PT1H59M27S,2023-11-07T05:07:50Z
GOV9bffVoF8,"House Science, Technology and Energy (11/06/23)",yes,"Science, Technology and Energy",2023-11-06,title,yes,2023-11-06 09:29:12,2023-11-06T14:29:12Z,2023-11-06T16:49:08Z,PT2H20M6S,2023-11-07T05:13:20Z
9yzcPQyUVbE,House Judiciary (11/08/23),yes,Judiciary,2023-11-08,title,yes,2023-11-08 09:43:21,2023-11-08T14:43:21Z,2023-11-08T19:17:58Z,PT4H34M36S,2023-11-08T19:29:58Z
EmdY0JRK4y4,House Commerce and Consumer Affairs (11/08/23),yes,Commerce and Consumer Affairs,2023-11-08,title,yes,2023-11-08 09:59:47,2023-11-08T14:59:47Z,2023-11-08T20:03:00Z,PT5H2M47S,2023-11-08T20:14:55Z
7E9KdGcknJ4,House Legislative Administration (11/08/23),yes,Legislative Administration,2023-11-08,title,yes,2023-11-08 09:58:36,2023-11-08T14:58:36Z,2023-11-08T16:30:30Z,PT1H32M6S,2023-11-09T04:47:37Z
3XZGUiudGf0,House Finance Division II (11/08/23),yes,Finance Division II,2023-11-08,title,yes,2023-11-08 09:59:06,2023-11-08T14:59:06Z,2023-11-08T16:34:21Z,PT1H35M26S,2023-11-09T04:48:49Z
Nm_3y4RGeyY,House Executive Departments and Administration (11/08/23),yes,Executive Departments and Administration,2023-11-08,title,yes,2023-11-08 09:59:38,2023-11-08T14:59:38Z,2023-11-08T17:00:50Z,PT2H1M11S,2023-11-09T05:13:47Z
mXfPKiFXnAg,House Criminal Justice and Public Safety (11/08/23),yes,Criminal Justice and Public Safety,2023-11-08,title,yes,2023-11-08 09:59:11,2023-11-08T14:59:11Z,2023-11-08T18:34:55Z,PT3H35M55S,2023-11-09T07:00:54Z
gs0FCanbI9E,"House Health, Human Services and Elderly Affairs (11/08/23)",yes,"Health, Human Services and Elderly Affairs",2023-11-08,title,yes,2023-11-08 09:59:11,2023-11-08T14:59:11Z,2023-11-08T18:50:52Z,PT3H51M39S,2023-11-09T07:14:54Z
wgND6U1Sd_g,House Special Committee on the Family Division of the Circuit Court (11/09/23),yes,Special Committee on the Family Division of the Circuit Court,2023-11-09,title,yes,2023-11-09 09:28:17,2023-11-09T14:28:17Z,2023-11-09T16:17:02Z,PT1H48M56S,2023-11-10T04:34:06Z
esSW_j8CrVw,Fiscal Committee (11/09/23),yes,Fiscal Committee,2023-11-09,title,yes,2023-11-09 09:59:36,2023-11-09T14:59:36Z,2023-11-09T17:23:22Z,PT2H23M9S,2023-11-10T05:31:47Z
M05meVDfe6g,House Ways and Means (11/09/23),yes,Ways and Means,2023-11-09,title,yes,2023-11-09 09:29:07,2023-11-09T14:29:07Z,2023-11-09T17:38:27Z,PT3H9M31S,2023-11-10T05:51:08Z
XrJkBneTreI,Commission to Study: Proposing Legislation for State-Controlled Sale of Cannabis (11/03/23),yes,Commission to Study: Proposing Legislation for State-Controlled Sale of Cannabis,2023-11-03,title,yes,2023-11-09 09:59:12,2023-11-09T14:59:12Z,2023-11-09T17:32:30Z,PT2H33M30S,2023-11-10T05:56:51Z
Etaiya6eEEs,Retirement Benefits Commission (11/09/23),yes,Retirement Benefits Commission,2023-11-09,title,yes,2023-11-09 12:59:36,2023-11-09T17:59:36Z,2023-11-09T19:02:15Z,PT1H2M38S,2023-11-10T07:12:35Z
v5sBg6il_Xk,"House Labor, Industrial and Rehabilitative Services (11/09/23)",yes,"Labor, Industrial and Rehabilitative Services",2023-11-09,title,yes,2023-11-09 13:59:12,2023-11-09T18:59:12Z,2023-11-09T19:43:26Z,PT44M26S,2023-11-10T07:50:34Z
MphL_-mZqZA,House Education (11/13/23),yes,Education,2023-11-13,title,yes,2023-11-13 09:29:51,2023-11-13T14:29:51Z,2023-11-13T22:51:00Z,PT8H20M29S,2023-11-13T23:16:27Z
YDCQ_cNGt0A,"House Health, Human Services and Elderly Affairs (11/13/23)",yes,"Health, Human Services and Elderly Affairs",2023-11-13,title,yes,2023-11-13 09:59:06,2023-11-13T14:59:06Z,2023-11-13T18:13:48Z,PT3H14M51S,2023-11-14T06:25:59Z
0FUTrkT4Gig,House Finance Division I (11/14/23),yes,Finance Division I,2023-11-14,title,yes,2023-11-14 08:59:08,2023-11-14T13:59:08Z,2023-11-14T14:33:07Z,PT34M11S,2023-11-15T02:38:30Z
jrVPoFscq2o,House Criminal Justice and Public Safety (11/14/23),yes,Criminal Justice and Public Safety,2023-11-14,title,yes,2023-11-14 09:58:57,2023-11-14T14:58:57Z,2023-11-14T16:39:51Z,PT1H40M39S,2023-11-15T04:47:51Z
eGaIi8zDJLU,House Finance (11/14/23),yes,Finance,2023-11-14,title,yes,2023-11-14 09:58:47,2023-11-14T14:58:47Z,2023-11-14T16:47:38Z,PT1H49M1S,2023-11-15T04:56:26Z
GOd2Atz6qvk,House Transportation (11/14/23),yes,Transportation,2023-11-14,title,yes,2023-11-14 12:59:06,2023-11-14T17:59:06Z,2023-11-14T18:55:22Z,PT56M26S,2023-11-15T06:58:36Z
IjGv8wlsug0,House Criminal Justice and Public Safety (11/15/23),yes,Criminal Justice and Public Safety,2023-11-15,title,yes,2023-11-15 09:59:12,2023-11-15T14:59:12Z,2023-11-15T19:54:11Z,PT4H55M11S,2023-11-15T20:07:04Z
mIZ8AH4RTdM,House Judiciary (11/15/23),yes,Judiciary,2023-11-15,title,yes,2023-11-15 10:00:11,2023-11-15T15:00:11Z,2023-11-15T15:33:29Z,PT33M26S,2023-11-16T03:41:20Z
zXj4EtgtvUA,Public Higher Education Study Committee (11/15/23),yes,Public Higher Education Study Committee,2023-11-15,title,yes,2023-11-15 09:59:26,2023-11-15T14:59:26Z,2023-11-15T16:42:30Z,PT1H43M15S,2023-11-16T04:56:43Z
6ZqZVLJVX6I,Health and Human Services Oversight Committee (11/15/23),yes,Health and Human Services Oversight Committee,2023-11-15,title,yes,2023-11-15 12:57:37,2023-11-15T17:57:37Z,2023-11-15T18:40:11Z,PT42M40S,2023-11-16T06:45:29Z
eY3Z4VXtFWk,Commission to Study: Proposing Legislation for State-Controlled Sale of Cannabis (11/16/23),yes,Commission to Study: Proposing Legislation for State-Controlled Sale of Cannabis,2023-11-16,title,yes,2023-11-16 08:59:22,2023-11-16T13:59:22Z,2023-11-16T19:58:00Z,PT5H58M51S,2023-11-16T20:14:42Z
gc9ZRIE49e8,Administrative Rules (11/16/23),yes,Administrative Rules,2023-11-16,title,yes,2023-11-16 08:54:46,2023-11-16T13:54:46Z,2023-11-16T14:58:04Z,PT1H3M31S,2023-11-17T03:06:43Z
ZBOQLHzq3w4,House Special Committee on the Family Division of the Circuit Court (11/16/23),yes,Special Committee on the Family Division of the Circuit Court,2023-11-16,title,yes,2023-11-16 09:28:47,2023-11-16T14:28:47Z,2023-11-16T15:40:48Z,PT1H12M11S,2023-11-17T03:50:01Z
0_DFqKPygis,House Criminal Justice and Public Safety (11/16/23),yes,Criminal Justice and Public Safety,2023-11-16,title,yes,2023-11-16 09:59:11,2023-11-16T14:59:11Z,2023-11-16T16:04:01Z,PT1H5M,2023-11-17T04:14:39Z
pNCfJMQKa-4,Health and Human Services Oversight Committee (11/17/23),yes,Health and Human Services Oversight Committee,2023-11-17,title,yes,2023-11-17 12:57:42,2023-11-17T17:57:42Z,2023-11-17T19:56:36Z,PT1H59M6S,2023-11-18T08:15:54Z
zKYEELoTo84,Commission to Study: Proposing Legislation for State-Controlled Sale of Cannabis (11/27/23),yes,Commission to Study: Proposing Legislation for State-Controlled Sale of Cannabis,2023-11-27,title,yes,2023-11-27 09:04:57,2023-11-27T14:04:57Z,2023-11-27T19:25:47Z,PT5H21M1S,2023-11-27T19:43:42Z
Fm6E7kD315I,Commission to Investigate Implementation of Next Generation Nuclear Reactor Technology (12/01/23),yes,Commission to Investigate Implementation of Next Generation Nuclear Reactor Technology,2023-12-01,title,yes,2023-12-01 12:59:11,2023-12-01T17:59:11Z,2023-12-01T20:02:30Z,PT2H3M31S,2023-12-02T08:52:30Z
aQ6x9vGEKLM,Commission to Study the Effect of Recent Changes Made to Charitable Gaming Laws (12/04/23),yes,Commission to Study the Effect of Recent Changes Made to Charitable Gaming Laws,2023-12-04,title,yes,2023-12-04 09:59:02,2023-12-04T14:59:02Z,2023-12-04T16:47:19Z,PT1H48M31S,2023-12-05T05:31:18Z
nrw9fHRK6DY,House Rules (12/05/23),yes,Rules,2023-12-05,title,yes,2023-12-05 11:28:16,2023-12-05T16:28:16Z,2023-12-05T16:43:14Z,PT15M6S,2023-12-06T04:58:52Z
fO3XRlGjP84,House Environment and Agriculture (12/05/23),yes,Environment and Agriculture,2023-12-05,title,yes,2023-12-05 12:58:18,2023-12-05T17:58:18Z,2023-12-05T19:03:02Z,PT1H4M56S,2023-12-06T07:36:08Z
7DEJ-YBXTPM,Capital Project Overview Committee (12/15/2023),yes,Capital Project Overview Committee,2023-12-15,title,yes,2023-12-15 08:57:47,2023-12-15T13:57:47Z,2023-12-15T14:18:10Z,PT20M16S,2023-12-16T02:21:44Z
uq6CGRzqsrg,Long Range Capital Planning and Utilization Committee (12/15/2023),yes,Long Range Capital Planning and Utilization Committee,2023-12-15,title,yes,2023-12-15 09:26:32,2023-12-15T14:26:32Z,2023-12-15T14:52:09Z,PT25M46S,2023-12-16T03:10:57Z
jYCastoP4ZY,Fiscal Committee (12/15/23),yes,Fiscal Committee,2023-12-15,title,yes,2023-12-15 09:58:27,2023-12-15T14:58:27Z,2023-12-15T15:44:13Z,PT45M56S,2023-12-16T03:58:06Z
4i-Flsc03m4,Health and Human Services Oversight Committee (12/15/23),yes,Health and Human Services Oversight Committee,2023-12-15,title,yes,2023-12-15 12:59:06,2023-12-15T17:59:06Z,2023-12-15T19:37:06Z,PT1H38M11S,2023-12-16T08:03:29Z
kBbwFK_qPOM,Administrative Rules (12/21/23),yes,Administrative Rules,2023-12-21,title,yes,2023-12-21 08:54:12,2023-12-21T13:54:12Z,2023-12-21T15:00:28Z,PT1H6M26S,2023-12-22T03:10:07Z
YLKbYMJTaRo,House Session (01/03/24),yes,Session,2024-01-03,title,yes,2024-01-03 09:00:37,2024-01-03T14:00:37Z,2024-01-03T21:59:31Z,PT7H57M47S,2024-01-03T22:19:01Z
KkMhow1DGV8,House Session (01/04/24),yes,Session,2024-01-04,title,yes,2024-01-04 09:00:12,2024-01-04T14:00:12Z,2024-01-04T21:32:43Z,PT7H32M41S,2024-01-04T21:50:11Z
pmHVneCLXhw,House Education (01/08/2024),yes,Education,2024-01-08,title,yes,2024-01-08 09:28:52,2024-01-08T14:28:52Z,2024-01-08T20:56:19Z,PT6H27M26S,2024-01-08T21:12:20Z
AnUV52riRJQ,House Environment and Agriculture (01/08/2024),yes,Environment and Agriculture,2024-01-08,title,yes,2024-01-08 09:59:12,2024-01-08T14:59:12Z,2024-01-08T21:16:31Z,PT6H17M31S,2024-01-08T21:34:40Z
BSesgfKs91I,"House Science, Technology and Energy (01/08/2024)",yes,"Science, Technology and Energy",2024-01-08,title,yes,2024-01-08 08:59:12,2024-01-08T13:59:12Z,2024-01-08T21:22:07Z,PT7H23M6S,2024-01-08T21:41:49Z
RD32qG3T1hY,House Municipal and County Government (01/09/2024),yes,Municipal and County Government,2024-01-09,title,yes,2024-01-09 09:59:07,2024-01-09T14:59:07Z,2024-01-09T19:47:56Z,PT4H49M1S,2024-01-09T20:02:00Z
97OzWGW2yMU,House Ways and Means (01/09/2024),yes,Ways and Means,2024-01-09,title,yes,2024-01-09 09:59:07,2024-01-09T14:59:07Z,2024-01-09T19:52:07Z,PT4H53M11S,2024-01-09T20:05:03Z
Jvvf5wX3TW8,"House Science, Technology and Energy (01/09/2024)",yes,"Science, Technology and Energy",2024-01-09,title,yes,2024-01-09 08:58:56,2024-01-09T13:58:56Z,2024-01-09T20:17:17Z,PT6H18M31S,2024-01-09T20:35:17Z
Hcd1VaWItFE,House Education (01/09/2024),yes,Education,2024-01-09,title,yes,2024-01-09 09:18:32,2024-01-09T14:18:32Z,2024-01-09T20:30:19Z,PT6H11M46S,2024-01-09T20:45:25Z
7U26bHETVMU,House Transportation (01/09/2024),yes,Transportation,2024-01-09,title,yes,2024-01-09 09:58:36,2024-01-09T14:58:36Z,2024-01-09T20:48:35Z,PT5H50M11S,2024-01-09T21:03:07Z
J8VvIigQDuQ,House Children and Family Law (01/09/2024),yes,Children and Family Law,2024-01-09,title,yes,2024-01-09 09:27:11,2024-01-09T14:27:11Z,2024-01-09T21:34:16Z,PT7H7M2S,2024-01-09T21:52:55Z
a4XTkRKPOr8,House Commerce and Consumer Affairs (01/09/2024),yes,Commerce and Consumer Affairs,2024-01-09,title,yes,2024-01-09 09:59:12,2024-01-09T14:59:12Z,2024-01-09T22:39:27Z,PT7H40M26S,2024-01-09T23:02:48Z
GsyKB5JRuh0,House Criminal Justice and Public Safety (01/10/2024),yes,Criminal Justice and Public Safety,2024-01-10,title,yes,2024-01-10 09:27:01,2024-01-10T14:27:01Z,2024-01-10T19:00:23Z,PT4H33M30S,2024-01-10T19:14:18Z
xWpTPO_y9gE,House Legislative Administration (01/10/2024),yes,Legislative Administration,2024-01-10,title,yes,2024-01-10 08:58:41,2024-01-10T13:58:41Z,2024-01-10T19:42:22Z,PT5H43M49S,2024-01-10T19:58:00Z
eB6GPY9hbYQ,House Executive Departments and Administration (01/10/2024),yes,Executive Departments and Administration,2024-01-10,title,yes,2024-01-10 09:57:52,2024-01-10T14:57:52Z,2024-01-10T19:50:51Z,PT4H53M5S,2024-01-10T20:03:59Z
N0I4IKmfxbg,House Judiciary (01/10/2024),yes,Judiciary,2024-01-10,title,yes,2024-01-10 09:57:22,2024-01-10T14:57:22Z,2024-01-10T20:27:15Z,PT5H30M,2024-01-10T20:44:14Z
ZXTOD2sbjqo,House Education (01/10/2024),yes,Education,2024-01-10,title,yes,2024-01-10 08:58:42,2024-01-10T13:58:42Z,2024-01-10T20:32:11Z,PT6H33M19S,2024-01-10T20:47:36Z
bt68m_Bdmlo,House Commerce and Consumer Affairs (01/10/2024),yes,Commerce and Consumer Affairs,2024-01-10,title,yes,2024-01-10 09:57:46,2024-01-10T14:57:46Z,2024-01-10T20:33:22Z,PT5H35M31S,2024-01-10T20:50:19Z
C5pyQ7mdAR0,"House Health, Human Services and Elderly Affairs (01/10/2024)",yes,"Health, Human Services and Elderly Affairs",2024-01-10,title,yes,2024-01-10 09:29:52,2024-01-10T14:29:52Z,2024-01-10T20:47:10Z,PT6H17M21S,2024-01-10T21:08:44Z
YFt3aYQAXnI,"House Resources, Recreation and Development (01/10/2024)",yes,"Resources, Recreation and Development",2024-01-10,title,yes,2024-01-10 08:58:42,2024-01-10T13:58:42Z,2024-01-10T21:03:21Z,PT7H4M29S,2024-01-10T21:20:15Z
8KtUoBIIe10,"House Labor, Industrial and Rehabilitative Services (01/10/2024)",yes,"Labor, Industrial and Rehabilitative Services",2024-01-10,title,yes,2024-01-10 09:42:46,2024-01-10T14:42:46Z,2024-01-10T22:14:54Z,PT7H32M6S,2024-01-10T22:35:37Z
Xh5d6APzcN0,House Commerce and Consumer Affairs (01/11/2024),yes,Commerce and Consumer Affairs,2024-01-11,title,yes,2024-01-11 10:00:01,2024-01-11T15:00:01Z,2024-01-11T19:43:00Z,PT4H43M2S,2024-01-11T19:55:44Z
_pHouy8OePQ,House Education (01/11/2024),yes,Education,2024-01-11,title,yes,2024-01-11 09:59:57,2024-01-11T14:59:57Z,2024-01-11T19:46:42Z,PT4H46M29S,2024-01-11T19:59:37Z
YXlUn4vAttU,House Executive Departments and Administration (01/11/2024),yes,Executive Departments and Administration,2024-01-11,title,yes,2024-01-11 09:59:07,2024-01-11T14:59:07Z,2024-01-11T20:03:48Z,PT5H4M49S,2024-01-11T20:20:15Z
37nBJDsFgLs,House Criminal Justice and Public Safety (01/11/2024),yes,Criminal Justice and Public Safety,2024-01-11,title,yes,2024-01-11 09:40:11,2024-01-11T14:40:11Z,2024-01-11T17:46:58Z,PT3H6M49S,2024-01-12T07:02:40Z
3KfpHS98IuE,House State-Federal Relations and Veterans Affairs (01/12/2024),yes,State-Federal Relations and Veterans Affairs,2024-01-12,title,yes,2024-01-12 09:23:48,2024-01-12T14:23:48Z,2024-01-12T20:58:24Z,PT6H34M38S,2024-01-12T21:18:19Z
xWm12HEtZpM,House Criminal Justice and Public Safety (01/12/2024),yes,Criminal Justice and Public Safety,2024-01-12,title,yes,2024-01-12 09:31:31,2024-01-12T14:31:31Z,2024-01-12T17:18:18Z,PT2H46M56S,2024-01-13T07:03:59Z
4N2tbMf9Fik,House Transportation (01/16/2024),yes,Transportation,2024-01-16,title,yes,2024-01-16 09:59:46,2024-01-16T14:59:46Z,2024-01-16T20:09:21Z,PT5H7M11S,2024-01-16T20:26:15Z
nIN3Lh8_4uU,House Education (01/16/2024),yes,Education,2024-01-16,title,yes,2024-01-16 09:27:21,2024-01-16T14:27:21Z,2024-01-16T20:03:12Z,PT5H35M56S,2024-01-16T20:26:27Z
chjZxe3DXpA,"House Science, Technology and Energy (01/16/2024)",yes,"Science, Technology and Energy",2024-01-16,title,yes,2024-01-16 09:59:47,2024-01-16T14:59:47Z,2024-01-16T20:34:42Z,PT5H35M6S,2024-01-16T20:49:09Z
_0wDUzMo0cU,House Children and Family Law (01/16/2024),yes,Children and Family Law,2024-01-16,title,yes,2024-01-16 09:43:17,2024-01-16T14:43:17Z,2024-01-16T20:51:07Z,PT6H7M51S,2024-01-16T21:09:05Z
H-LCECcTlwQ,House Environment and Agriculture (01/16/2024),yes,Environment and Agriculture,2024-01-16,title,yes,2024-01-16 09:58:27,2024-01-16T14:58:27Z,2024-01-16T21:12:53Z,PT6H14M17S,2024-01-16T21:28:48Z
WPrJGCeK7Vo,House Commerce and Consumer Affairs (01/16/2024),yes,Commerce and Consumer Affairs,2024-01-16,title,yes,2024-01-16 09:59:47,2024-01-16T14:59:47Z,2024-01-16T21:14:31Z,PT6H14M56S,2024-01-16T21:36:07Z
a3PviyZNh60,House Finance Division I (01/16/2024),yes,Finance Division I,2024-01-16,title,yes,2024-01-16 09:59:51,2024-01-16T14:59:51Z,2024-01-16T16:16:52Z,PT1H17M2S,2024-01-17T05:11:52Z
MTo-LqgjPoQ,House Ways and Means (01/16/2024),yes,Ways and Means,2024-01-16,title,yes,2024-01-16 09:58:27,2024-01-16T14:58:27Z,2024-01-16T18:05:20Z,PT3H6M30S,2024-01-17T06:24:10Z
5vcJDE5iAkU,House Executive Departments and Administration (01/17/2024),yes,Executive Departments and Administration,2024-01-17,title,yes,2024-01-17 09:59:21,2024-01-17T14:59:21Z,2024-01-17T19:28:32Z,PT4H25M24S,2024-01-17T19:41:14Z
0slcCijpC6U,House Education (01/17/2024),yes,Education,2024-01-17,title,yes,2024-01-17 09:00:42,2024-01-17T14:00:42Z,2024-01-17T20:10:37Z,PT6H6M20S,2024-01-17T20:26:37Z
bRBjoHcXrek,House Judiciary (01/17/2024),yes,Judiciary,2024-01-17,title,yes,2024-01-17 09:00:32,2024-01-17T14:00:32Z,2024-01-17T20:25:59Z,PT6H21M50S,2024-01-17T20:43:27Z
3F6q6Is2vlk,House Municipal and County Government (01/17/2024),yes,Municipal and County Government,2024-01-17,title,yes,2024-01-17 09:59:01,2024-01-17T14:59:01Z,2024-01-17T20:56:07Z,PT5H53M7S,2024-01-17T21:13:01Z
BwtgqP6UKvk,"House Resources, Recreation and Development (01/17/2024)",yes,"Resources, Recreation and Development",2024-01-17,title,yes,2024-01-17 08:58:36,2024-01-17T13:58:36Z,2024-01-17T21:17:01Z,PT7H14M45S,2024-01-17T21:36:34Z
pF-_QjgMFs8,House Commerce and Consumer Affairs (01/17/2024),yes,Commerce and Consumer Affairs,2024-01-17,title,yes,2024-01-17 09:59:22,2024-01-17T14:59:22Z,2024-01-17T22:02:33Z,PT6H59M30S,2024-01-17T22:18:24Z
A_tHgu7q1pg,House Ways and Means (01/17/2024),yes,Ways and Means,2024-01-17,title,yes,2024-01-17 09:59:27,2024-01-17T14:59:27Z,2024-01-17T18:57:45Z,PT3H54M35S,2024-01-18T07:31:44Z
0R_kVFm9Q60,"House Labor, Industrial and Rehabilitative Resources (01/18/2024)",yes,"Labor, Industrial and Rehabilitative Resources",2024-01-18,title,yes,2024-01-18 09:28:47,2024-01-18T14:28:47Z,2024-01-18T20:19:44Z,PT5H50M56S,2024-01-18T20:41:35Z
rSABUOmwKkQ,House Executive Departments and Administration (01/18/2024),yes,Executive Departments and Administration,2024-01-18,title,yes,2024-01-18 08:59:42,2024-01-18T13:59:42Z,2024-01-18T20:21:13Z,PT6H21M34S,2024-01-18T20:47:11Z
IuC2cCvchgw,House Education (01/18/2024),yes,Education,2024-01-18,title,yes,2024-01-18 09:29:02,2024-01-18T14:29:02Z,2024-01-18T20:46:25Z,PT6H17M36S,2024-01-18T21:03:47Z
FtvAf9ls-3g,House Commerce and Consumer Affairs (01/18/2024),yes,Commerce and Consumer Affairs,2024-01-18,title,yes,2024-01-18 09:57:56,2024-01-18T14:57:56Z,2024-01-18T21:20:48Z,PT6H22M58S,2024-01-18T21:37:00Z
0Sevqq2OnlI,"House Health, Human Services and Elderly Affairs (01/18/2024)",yes,"Health, Human Services and Elderly Affairs",2024-01-18,title,yes,2024-01-18 09:29:11,2024-01-18T14:29:11Z,2024-01-18T21:17:31Z,PT6H48M19S,2024-01-18T21:40:31Z
eLY6SOaS84M,House Judiciary (01/18/2024),yes,Judiciary,2024-01-18,title,yes,2024-01-18 08:59:47,2024-01-18T13:59:47Z,2024-01-18T15:01:41Z,PT1H1M56S,2024-01-19T03:12:48Z
NB29zukG7Zw,House Special Committee on the Family Division of the Circuit Court (01/18/2024),yes,Special Committee on the Family Division of the Circuit Court,2024-01-18,title,yes,2024-01-18 09:58:01,2024-01-18T14:58:01Z,2024-01-18T16:26:43Z,PT1H28M29S,2024-01-19T04:38:52Z
GaQCWvxrgvE,House Criminal Justice and Public Safety (01/18/2024),yes,Criminal Justice and Public Safety,2024-01-18,title,yes,2024-01-18 09:29:08,2024-01-18T14:29:08Z,2024-01-18T18:27:38Z,PT3H58M32S,2024-01-19T06:59:59Z
wFwqov0bS8I,House Criminal Justice and Public Safety (01/19/2024),yes,Criminal Justice and Public Safety,2024-01-19,title,yes,2024-01-19 09:29:11,2024-01-19T14:29:11Z,2024-01-19T20:47:28Z,PT6H18M18S,2024-01-19T21:02:49Z
eBXinbJGLcQ,House State-Federal Relations and Veterans Affairs (01/19/2024),yes,State-Federal Relations and Veterans Affairs,2024-01-19,title,yes,2024-01-19 08:58:32,2024-01-19T13:58:32Z,2024-01-19T21:08:35Z,PT7H10M11S,2024-01-19T21:26:54Z
M_Wu1xmmA78,Administrative Rules (01/19/23),yes,Administrative Rules,2023-01-19,title,yes,2024-01-19 08:58:37,2024-01-19T13:58:37Z,2024-01-19T15:13:09Z,PT1H14M41S,2024-01-20T03:24:52Z
4QzY_9s1bO4,Fiscal Committee (01/19/24),yes,Fiscal Committee,2024-01-19,title,yes,2024-01-19 09:59:17,2024-01-19T14:59:17Z,2024-01-19T16:34:56Z,PT1H35M46S,2024-01-20T04:44:58Z
dN_fFFUFjWc,House Education (01/19/2024),yes,Education,2024-01-19,title,yes,2024-01-19 09:59:17,2024-01-19T14:59:17Z,2024-01-19T18:57:20Z,PT3H58M16S,2024-01-20T07:28:12Z
Z1Ji3dcQGwI,House Criminal Justice and Public Safety (01/22/2024),yes,Criminal Justice and Public Safety,2024-01-22,title,yes,2024-01-22 14:29:31,2024-01-22T19:29:31Z,2024-01-22T19:44:13Z,PT14M50S,2024-01-22T19:47:09Z
cuEd8Rubg6k,"House Science, Technology and Energy (01/22/2024)",yes,"Science, Technology and Energy",2024-01-22,title,yes,2024-01-22 08:59:08,2024-01-22T13:59:08Z,2024-01-22T20:21:11Z,PT6H21M39S,2024-01-22T20:34:53Z
7fGOyRgWqy4,House Education (01/22/2024),yes,Education,2024-01-22,title,yes,2024-01-22 08:59:11,2024-01-22T13:59:11Z,2024-01-22T20:30:20Z,PT6H31M16S,2024-01-22T20:50:52Z
CwJbQKSzxN4,House Environment and Agriculture (01/22/2024),yes,Environment and Agriculture,2024-01-22,title,yes,2024-01-22 09:59:48,2024-01-22T14:59:48Z,2024-01-22T21:35:20Z,PT6H35M36S,2024-01-22T21:59:23Z
9tSSs8BYS34,House Judiciary (01/22/2024),yes,Judiciary,2024-01-22,title,yes,2024-01-22 08:59:12,2024-01-22T13:59:12Z,2024-01-22T15:45:38Z,PT1H46M36S,2024-01-23T04:01:26Z
zy-LE9GNQyA,House Finance Division III (01/22/2024),yes,Finance Division III,2024-01-22,title,yes,2024-01-22 09:57:12,2024-01-22T14:57:12Z,2024-01-22T16:36:19Z,PT1H39M21S,2024-01-23T04:56:39Z
9hFbWVtH_BI,House Criminal Justice and Public Safety (01/24/2024),yes,Criminal Justice and Public Safety,2024-01-24,title,yes,2024-01-24 09:28:51,2024-01-24T14:28:51Z,2024-01-24T18:36:12Z,PT4H7M31S,2024-01-24T18:46:33Z
pD5VU5ZkghY,House Public Works and Highways (01/24/2024),yes,Public Works and Highways,2024-01-24,title,yes,2024-01-24 09:56:01,2024-01-24T14:56:01Z,2024-01-24T20:08:34Z,PT5H12M41S,2024-01-24T20:22:31Z
eZ9NPZejv-Q,House Municipal and County Government (01/24/2024),yes,Municipal and County Government,2024-01-24,title,yes,2024-01-24 09:56:01,2024-01-24T14:56:01Z,2024-01-24T20:13:42Z,PT5H17M46S,2024-01-24T20:26:24Z
M9yjz-9dtw4,House Commerce and Consumer Affairs (01/24/2024),yes,Commerce and Consumer Affairs,2024-01-24,title,yes,2024-01-24 09:59:12,2024-01-24T14:59:12Z,2024-01-24T20:33:17Z,PT5H34M16S,2024-01-24T20:44:46Z
Q9bOaM0rP8I,"House Resources, Recreation and Development (01/24/2024)",yes,"Resources, Recreation and Development",2024-01-24,title,yes,2024-01-24 09:56:07,2024-01-24T14:56:07Z,2024-01-24T20:45:45Z,PT5H49M31S,2024-01-24T20:58:39Z
Cs_0IEfP1b0,House Education (01/24/2024),yes,Education,2024-01-24,title,yes,2024-01-24 09:13:02,2024-01-24T14:13:02Z,2024-01-24T20:41:07Z,PT6H28M16S,2024-01-24T20:58:53Z
0MapXGm3VC8,House Judiciary (01/24/2024),yes,Judiciary,2024-01-24,title,yes,2024-01-24 08:57:06,2024-01-24T13:57:06Z,2024-01-24T20:49:41Z,PT6H52M26S,2024-01-24T21:06:45Z
1Dxpp3pnMVU,House Executive Departments and Administration (01/24/2024),yes,Executive Departments and Administration,2024-01-24,title,yes,2024-01-24 09:59:12,2024-01-24T14:59:12Z,2024-01-24T21:24:23Z,PT6H25M20S,2024-01-24T21:36:51Z
Ft8iiebcDIQ,House Criminal Justice and Public Safety Afternoon (01/24/2024),yes,Criminal Justice and Public Safety Afternoon,2024-01-24,title,yes,2024-01-24 14:08:37,2024-01-24T19:08:37Z,2024-01-24T20:11:42Z,PT1H3M6S,2024-01-25T08:34:22Z
CHKvojpdhjA,House Executive Departments and Administration (01/25/2024),yes,Executive Departments and Administration,2024-01-25,title,yes,2024-01-25 10:00:22,2024-01-25T15:00:22Z,2024-01-25T20:39:40Z,PT5H39M10S,2024-01-25T20:54:42Z
_GmKRgTo6R4,House Education (01/25/2024),yes,Education,2024-01-25,title,yes,2024-01-25 08:59:12,2024-01-25T13:59:12Z,2024-01-25T20:37:21Z,PT6H37M55S,2024-01-25T20:54:58Z
6rl-jNRfyqU,House Commerce and Consumer Affairs (01/25/2024),yes,Commerce and Consumer Affairs,2024-01-25,title,yes,2024-01-25 10:00:27,2024-01-25T15:00:27Z,2024-01-25T20:47:03Z,PT5H46M39S,2024-01-25T20:58:42Z
IvIeoRFjxx4,"House Health, Human Services and Elderly Affairs (01/25/2024)",yes,"Health, Human Services and Elderly Affairs",2024-01-25,title,yes,2024-01-25 09:29:12,2024-01-25T14:29:12Z,2024-01-25T21:11:11Z,PT6H41M59S,2024-01-25T21:30:08Z
ceaYU-n693Y,House Legislative Administration (01/25/2024),yes,Legislative Administration,2024-01-25,title,yes,2024-01-25 10:02:26,2024-01-25T15:02:26Z,2024-01-25T21:18:01Z,PT6H15M40S,2024-01-25T21:35:16Z
YkO6p-CsigU,"House Labor, Industrial and Rehabilitative Services (01/25/2024)",yes,"Labor, Industrial and Rehabilitative Services",2024-01-25,title,yes,2024-01-25 09:44:13,2024-01-25T14:44:13Z,2024-01-25T21:22:40Z,PT6H38M29S,2024-01-25T21:37:34Z
XauxAciXXHM,Capital Project Overview Committee (01/26/2024),yes,Capital Project Overview Committee,2024-01-26,title,yes,2024-01-26 08:59:13,2024-01-26T13:59:13Z,2024-01-26T15:06:38Z,PT1H7M36S,2024-01-27T03:15:36Z
ApLPc0I1DGs,Long Range Capital Planning and Utilization Committee (01/26/2023),yes,Long Range Capital Planning and Utilization Committee,2023-01-26,title,yes,2024-01-26 10:07:17,2024-01-26T15:07:17Z,2024-01-26T15:16:55Z,PT9M51S,2024-01-27T03:18:15Z
__Fpuo9fQEA,Health and Human Services Oversight Committee (01/26/2024),yes,Health and Human Services Oversight Committee,2024-01-26,title,yes,2024-01-26 10:02:32,2024-01-26T15:02:32Z,2024-01-26T16:35:05Z,PT1H32M46S,2024-01-27T05:09:02Z
3FhysoQGPUI,House Executive Departments and Administration (01/26/2024),yes,Executive Departments and Administration,2024-01-26,title,yes,2024-01-26 12:57:48,2024-01-26T17:57:48Z,2024-01-26T20:40:52Z,PT2H43M9S,2024-01-27T09:13:01Z
lST_1AB0DBQ,House Education (01/29/2024),yes,Education,2024-01-29,title,yes,2024-01-29 08:59:07,2024-01-29T13:59:07Z,2024-01-29T20:58:11Z,PT6H59M16S,2024-01-29T21:16:46Z
FlhVXo0vaPE,"House Science, Technology and Energy (01/29/2024)",yes,"Science, Technology and Energy",2024-01-29,title,yes,2024-01-29 08:59:36,2024-01-29T13:59:36Z,2024-01-29T21:01:27Z,PT7H1M56S,2024-01-29T21:19:27Z
S8pYu1nKf8c,House Finance (01/29/2024),yes,Finance,2024-01-29,title,yes,2024-01-29 09:58:57,2024-01-29T14:58:57Z,2024-01-29T16:31:28Z,PT1H32M32S,2024-01-30T04:46:21Z
zpTvHEqQSBY,Commission to Study the Effect of Recent Changes Made to Charitable Gaming Laws (01/29/2024),yes,Commission to Study the Effect of Recent Changes Made to Charitable Gaming Laws,2024-01-29,title,yes,2024-01-29 09:59:07,2024-01-29T14:59:07Z,2024-01-29T17:06:48Z,PT2H7M51S,2024-01-30T05:26:30Z
2HfoP0ZRNMU,House Finance Division II (01/29/2024),yes,Finance Division II,2024-01-29,title,yes,2024-01-29 12:58:57,2024-01-29T17:58:57Z,2024-01-29T18:21:35Z,PT22M45S,2024-01-30T06:26:21Z
Z7PanhRapWM,House Children and Family Law (01/30/2024),yes,Children and Family Law,2024-01-30,title,yes,2024-01-30 09:58:42,2024-01-30T14:58:42Z,2024-01-30T19:01:41Z,PT4H2M58S,2024-01-30T19:42:15Z
kAqtmrUcNp8,House Election Law (01/30/2024),yes,Election Law,2024-01-30,title,yes,2024-01-30 09:58:36,2024-01-30T14:58:36Z,2024-01-30T19:43:13Z,PT4H44M44S,2024-01-30T19:56:22Z
ydpBeVYUlL0,House Public Works and Highways (01/30/2024),yes,Public Works and Highways,2024-01-30,title,yes,2024-01-30 09:59:12,2024-01-30T14:59:12Z,2024-01-30T19:55:18Z,PT4H56M14S,2024-01-30T20:06:01Z
sC-Gzmub_UU,House Transportation (01/30/2024),yes,Transportation,2024-01-30,title,yes,2024-01-30 09:54:32,2024-01-30T14:54:32Z,2024-01-30T20:00:57Z,PT5H6M33S,2024-01-30T20:15:31Z
E96DufxjhVg,House Commerce and Consumer Affairs (01/30/2024),yes,Commerce and Consumer Affairs,2024-01-30,title,yes,2024-01-30 09:59:17,2024-01-30T14:59:17Z,2024-01-30T20:09:22Z,PT5H10M10S,2024-01-30T20:20:19Z
4mdBn0lAlLc,"House Science, Technology and Energy (01/30/2024)",yes,"Science, Technology and Energy",2024-01-30,title,yes,2024-01-30 09:59:07,2024-01-30T14:59:07Z,2024-01-30T20:17:08Z,PT5H18M,2024-01-30T20:32:42Z
58S0A3u0P9s,House Municipal and County Government (01/30/2024),yes,Municipal and County Government,2024-01-30,title,yes,2024-01-30 09:29:01,2024-01-30T14:29:01Z,2024-01-30T20:43:19Z,PT6H14M24S,2024-01-30T21:05:47Z
nsgeHlcaT6g,House Education (01/30/2024),yes,Education,2024-01-30,title,yes,2024-01-30 09:59:07,2024-01-30T14:59:07Z,2024-01-30T21:12:11Z,PT6H13M5S,2024-01-30T21:30:09Z
AKsxGrFxAm0,House Executive Departments and Administration (01/30/2024),yes,Executive Departments and Administration,2024-01-30,title,yes,2024-01-30 09:59:16,2024-01-30T14:59:16Z,2024-01-30T21:24:18Z,PT6H25M10S,2024-01-30T21:45:09Z
lX2PgY39s1M,House Fish and Game and Marine Resources (01/30/2024),yes,Fish and Game and Marine Resources,2024-01-30,title,yes,2024-01-30 09:54:27,2024-01-30T14:54:27Z,2024-01-30T21:28:08Z,PT6H33M47S,2024-01-30T21:46:53Z
jFSRcsMTh3E,House Ways and Means (01/30/2024),yes,Ways and Means,2024-01-30,title,yes,2024-01-30 09:58:32,2024-01-30T14:58:32Z,2024-01-30T17:29:40Z,PT2H31M14S,2024-01-31T06:11:13Z
t2vvqE7pf1I,House Ways and Means (01/31/2024),yes,Ways and Means,2024-01-31,title,yes,2024-01-31 09:25:22,2024-01-31T14:25:22Z,2024-01-31T18:43:56Z,PT4H18M46S,2024-01-31T18:56:48Z
bwwt2tV3ZwE,House Environment and Agriculture (01/31/2024),yes,Environment and Agriculture,2024-01-31,title,yes,2024-01-31 08:59:31,2024-01-31T13:59:31Z,2024-01-31T19:33:48Z,PT5H34M26S,2024-01-31T19:47:09Z
XhoGwNm05hA,House Legislative Administration (01/31/2024),yes,Legislative Administration,2024-01-31,title,yes,2024-01-31 09:59:17,2024-01-31T14:59:17Z,2024-01-31T20:09:46Z,PT5H10M41S,2024-01-31T20:23:20Z
ZX3SyuAtblo,"House Resources, Recreation and Development (01/31/2024)",yes,"Resources, Recreation and Development",2024-01-31,title,yes,2024-01-31 09:03:37,2024-01-31T14:03:37Z,2024-01-31T20:29:07Z,PT6H25M36S,2024-01-31T20:48:22Z
wz3srxhpJ9U,House Commerce and Consumer Affairs (01/31/2024),yes,Commerce and Consumer Affairs,2024-01-31,title,yes,2024-01-31 09:59:22,2024-01-31T14:59:22Z,2024-01-31T20:43:50Z,PT5H44M36S,2024-01-31T20:59:50Z
bwEsKCRg74Q,House Executive Departments and Administration (01/31/2024),yes,Executive Departments and Administration,2024-01-31,title,yes,2024-01-31 09:07:42,2024-01-31T14:07:42Z,2024-01-31T21:15:34Z,PT7H8M1S,2024-01-31T21:43:39Z
nD6Px98gF9g,House Education (01/31/2024),yes,Education,2024-01-31,title,yes,2024-01-31 09:59:07,2024-01-31T14:59:07Z,2024-01-31T21:24:35Z,PT6H25M31S,2024-01-31T21:47:46Z
Jk9U9HvCuHA,"House Health, Human Services and Elderly Affairs (01/31/2024)",yes,"Health, Human Services and Elderly Affairs",2024-01-31,title,yes,2024-01-31 09:56:32,2024-01-31T14:56:32Z,2024-01-31T21:41:30Z,PT6H45M6S,2024-01-31T21:57:36Z
_MMA6cGG2hI,House Judiciary (01/31/2024),yes,Judiciary,2024-01-31,title,yes,2024-01-31 08:59:51,2024-01-31T13:59:51Z,2024-01-31T21:41:32Z,PT7H41M51S,2024-01-31T22:13:41Z
JQHnyO93Vng,House Session (02/01/2024),yes,Session,2024-02-01,title,yes,2024-02-01 09:59:37,2024-02-01T14:59:37Z,2024-02-01T20:34:47Z,PT5H34M42S,2024-02-01T20:51:56Z
dTWVA-w4IFc,House Election Law (02/01/2024),yes,Election Law,2024-02-01,title,yes,2024-02-01 15:38:51,2024-02-01T20:38:51Z,2024-02-01T20:58:25Z,PT19M46S,2024-02-02T09:01:27Z
Swx_Nh3YGbs,House Finance (02/01/2024),yes,Finance,2024-02-01,title,yes,2024-02-01 15:37:52,2024-02-01T20:37:52Z,2024-02-01T21:26:56Z,PT49M16S,2024-02-02T09:32:10Z
bQMwUsgxGBU,House Judiciary (02/01/2024),yes,Judiciary,2024-02-01,title,yes,2024-02-01 15:35:02,2024-02-01T20:35:02Z,2024-02-01T21:50:48Z,PT1H15M56S,2024-02-02T10:12:34Z
_x8n_-f6lzc,House Education (02/02/2024),yes,Education,2024-02-02,title,yes,2024-02-02 09:59:12,2024-02-02T14:59:12Z,2024-02-02T19:51:35Z,PT4H52M25S,2024-02-02T20:06:44Z
tac0b8qEZzE,House State-Federal Relations and Veterans Affairs (02/02/2024),yes,State-Federal Relations and Veterans Affairs,2024-02-02,title,yes,2024-02-02 09:14:18,2024-02-02T14:14:18Z,2024-02-02T20:17:25Z,PT6H3M16S,2024-02-02T20:38:16Z
byvrMr043Yg,House Criminal Justice and Public Safety (02/02/2024),yes,Criminal Justice and Public Safety,2024-02-02,title,yes,2024-02-02 09:29:22,2024-02-02T14:29:22Z,2024-02-02T23:07:51Z,PT8H38M29S,2024-02-02T23:32:05Z
99CTT22pRE8,House Executive Departments and Administration LOB 302/304 (02/02/2024),yes,Executive Departments and Administration LOB 302/304,2024-02-02,title,yes,2024-02-02 09:58:48,2024-02-02T14:58:48Z,2024-02-02T15:38:07Z,PT39M26S,2024-02-03T03:43:07Z
7tO2M4tLEqo,House Executive Departments and Administration LOB 306/308 (02/02/2024),yes,Executive Departments and Administration LOB 306/308,2024-02-02,title,yes,2024-02-02 09:58:48,2024-02-02T14:58:48Z,2024-02-02T17:33:30Z,PT2H34M56S,2024-02-03T05:52:55Z
pE3G3R2q2gY,House Education (02/05/2024),yes,Education,2024-02-05,title,yes,2024-02-05 09:26:37,2024-02-05T14:26:37Z,2024-02-05T20:19:09Z,PT5H52M31S,2024-02-05T20:41:43Z
BETNXXUBsuA,House Special Committee on the Family Division of the Circuit Court (02/05/2024),yes,Special Committee on the Family Division of the Circuit Court,2024-02-05,title,yes,2024-02-05 09:59:06,2024-02-05T14:59:06Z,2024-02-05T15:55:46Z,PT56M46S,2024-02-06T04:03:52Z
OrhlbUjBieI,House Ways and Means (02/05/2024),yes,Ways and Means,2024-02-05,title,yes,2024-02-05 09:59:07,2024-02-05T14:59:07Z,2024-02-05T17:26:48Z,PT2H27M51S,2024-02-06T05:44:29Z
EPuuRORX_Tw,"House Science, Technology and Energy (02/06/2024)",yes,"Science, Technology and Energy",2024-02-06,title,yes,2024-02-06 08:59:17,2024-02-06T13:59:17Z,2024-02-06T18:39:49Z,PT4H40M31S,2024-02-06T18:51:49Z
3qb__-vr4Tc,House Ways and Means (02/06/2024),yes,Ways and Means,2024-02-06,title,yes,2024-02-06 09:57:22,2024-02-06T14:57:22Z,2024-02-06T19:04:17Z,PT4H7M6S,2024-02-06T19:16:22Z
OErW0A0ej-8,House Executive Departments and Administration (02/06/2024),yes,Executive Departments and Administration,2024-02-06,title,yes,2024-02-06 09:56:12,2024-02-06T14:56:12Z,2024-02-06T19:13:19Z,PT4H17M13S,2024-02-06T19:23:16Z
G3sML6ZAY_o,House Commerce and Consumer Affairs (02/06/2024),yes,Commerce and Consumer Affairs,2024-02-06,title,yes,2024-02-06 09:56:22,2024-02-06T14:56:22Z,2024-02-06T19:25:07Z,PT4H28M54S,2024-02-06T19:37:09Z
elo5yyFCb-s,House Transportation (02/06/2024),yes,Transportation,2024-02-06,title,yes,2024-02-06 09:27:48,2024-02-06T14:27:48Z,2024-02-06T20:04:25Z,PT5H36M45S,2024-02-06T20:21:45Z
GWB7puy28vQ,House Children and Family Law (02/06/2024),yes,Children and Family Law,2024-02-06,title,yes,2024-02-06 09:30:52,2024-02-06T14:30:52Z,2024-02-06T20:15:15Z,PT5H44M31S,2024-02-06T20:31:19Z
q2ednuI8Bww,House Education (02/06/2024),yes,Education,2024-02-06,title,yes,2024-02-06 09:28:17,2024-02-06T14:28:17Z,2024-02-06T20:47:09Z,PT6H19M,2024-02-06T21:11:33Z
u6NCdpykcUY,House Environment and Agriculture (02/06/2024),yes,Environment and Agriculture,2024-02-06,title,yes,2024-02-06 09:56:27,2024-02-06T14:56:27Z,2024-02-06T21:02:52Z,PT6H6M29S,2024-02-06T21:18:53Z
jq2teZM5ibg,House Election Law (02/06/2024),yes,Election Law,2024-02-06,title,yes,2024-02-06 08:56:12,2024-02-06T13:56:12Z,2024-02-06T21:00:30Z,PT7H4M14S,2024-02-06T21:34:42Z
7vh187y1zqA,House Fish and Game and Marine Resources (02/06/2024),yes,Fish and Game and Marine Resources,2024-02-06,title,yes,2024-02-06 09:37:32,2024-02-06T14:37:32Z,2024-02-06T21:34:12Z,PT6H56M31S,2024-02-06T21:54:55Z
GbQfGzfN1Q0,House Public Works and Highways (02/06/2024),yes,Public Works and Highways,2024-02-06,title,yes,2024-02-06 10:29:06,2024-02-06T15:29:06Z,2024-02-06T16:22:26Z,PT53M31S,2024-02-07T04:30:50Z
t9kWunZIsqU,"House Labor, Industrial and Rehabilitative Services (02/07/2024)",yes,"Labor, Industrial and Rehabilitative Services",2024-02-07,title,yes,2024-02-07 09:25:28,2024-02-07T14:25:28Z,2024-02-07T18:50:09Z,PT4H24M56S,2024-02-07T19:00:49Z
BtYYt76U2_4,House Commerce and Consumer Affairs (02/07/2024),yes,Commerce and Consumer Affairs,2024-02-07,title,yes,2024-02-07 09:59:06,2024-02-07T14:59:06Z,2024-02-07T19:12:23Z,PT4H13M17S,2024-02-07T19:22:55Z
upn1oB3ZQMM,House Executive Departments and Administration LOB 306/308 (02/07/2024),yes,Executive Departments and Administration LOB 306/308,2024-02-07,title,yes,2024-02-07 08:57:37,2024-02-07T13:57:37Z,2024-02-07T19:27:01Z,PT5H29M36S,2024-02-07T19:42:24Z
npwHXZ-Gpl4,House Special Committee on Childcare (02/07/2024),yes,Special Committee on Childcare,2024-02-07,title,yes,2024-02-07 10:06:56,2024-02-07T15:06:56Z,2024-02-07T19:57:58Z,PT4H51M11S,2024-02-07T20:13:21Z
Wi30-9iQ26I,"House Resources, Recreation and Development (02/07/2024)",yes,"Resources, Recreation and Development",2024-02-07,title,yes,2024-02-07 10:08:37,2024-02-07T15:08:37Z,2024-02-07T20:59:36Z,PT5H51M11S,2024-02-07T21:14:09Z
45QR9xgQZAo,House Public Works and Highways (02/07/2024),yes,Public Works and Highways,2024-02-07,title,yes,2024-02-07 09:58:52,2024-02-07T14:58:52Z,2024-02-07T21:07:12Z,PT6H8M26S,2024-02-07T21:32:27Z
o5qhR8Nft4o,House Municipal and County Government (02/07/2024),yes,Municipal and County Government,2024-02-07,title,yes,2024-02-07 09:28:47,2024-02-07T14:28:47Z,2024-02-07T21:16:42Z,PT6H48M6S,2024-02-07T21:36:58Z
fTujhRfQA1w,House Judiciary (02/07/2024),yes,Judiciary,2024-02-07,title,yes,2024-02-07 08:45:21,2024-02-07T13:45:21Z,2024-02-07T22:37:24Z,PT8H51M59S,2024-02-07T23:01:10Z
3EjgNRn8UqA,"House Health, Human Services and Elderly Affairs (02/07/2024)",yes,"Health, Human Services and Elderly Affairs",2024-02-07,title,yes,2024-02-07 09:28:36,2024-02-07T14:28:36Z,2024-02-07T22:58:01Z,PT8H29M36S,2024-02-07T23:18:55Z
CTVDC_6J6Y8,House Health Human Services and Elderly Affairs (Subcommittee Work Session - 02/07/2024),NO,,,title,yes,2024-02-07 08:27:41,2024-02-07T13:27:41Z,2024-02-07T13:56:06Z,PT28M35S,2024-02-08T02:02:29Z
ANvcMKcXVro,House Executive Departments and Administration LOB 104 (02/07/2024),yes,Executive Departments and Administration LOB 104,2024-02-07,title,yes,2024-02-07 08:57:18,2024-02-07T13:57:18Z,2024-02-07T14:18:35Z,PT21M15S,2024-02-08T02:23:45Z
LM1cCSbk4Oo,House Criminal Justice and Public Safety (02/07/2024),yes,Criminal Justice and Public Safety,2024-02-07,title,yes,2024-02-07 09:25:32,2024-02-07T14:25:32Z,2024-02-07T17:09:08Z,PT2H43M46S,2024-02-08T05:30:19Z
BgNHuM0VaHI,House Education (02/07/2024),yes,Education,2024-02-07,title,yes,2024-02-07 09:25:26,2024-02-07T14:25:26Z,2024-02-07T16:46:47Z,PT2H21M16S,2024-02-08T05:37:11Z
4oZRb-Qx4WM,House Legislative Administration (02/07/2024),yes,Legislative Administration,2024-02-07,title,yes,2024-02-07 10:00:13,2024-02-07T15:00:13Z,2024-02-07T18:53:32Z,PT3H53M31S,2024-02-08T07:29:11Z
RS7dEqnkVJY,House Session (02/08/2024),yes,Session,2024-02-08,title,yes,2024-02-08 09:59:07,2024-02-08T14:59:07Z,2024-02-08T20:02:59Z,PT5H4M1S,2024-02-08T20:18:55Z
Y81Doabrqks,House Election Law (02/08/2024),yes,Election Law,2024-02-08,title,yes,2024-02-08 15:01:27,2024-02-08T20:01:27Z,2024-02-08T20:21:45Z,PT20M31S,2024-02-09T08:26:05Z
CiEPBSHm7d0,House Executive Departments and Administration (02/09/2024),yes,Executive Departments and Administration,2024-02-09,title,yes,2024-02-09 09:59:08,2024-02-09T14:59:08Z,2024-02-09T19:11:24Z,PT4H12M26S,2024-02-09T19:21:22Z
t3ApVEmdPYM,House State-Federal Relations and Veterans Affairs (02/09/2024),yes,State-Federal Relations and Veterans Affairs,2024-02-09,title,yes,2024-02-09 09:03:37,2024-02-09T14:03:37Z,2024-02-09T19:29:32Z,PT5H26M6S,2024-02-09T19:42:07Z
G-NihtD95ic,House Criminal Justice and Public Safety (02/09/2024),yes,Criminal Justice and Public Safety,2024-02-09,title,yes,2024-02-09 09:29:03,2024-02-09T14:29:03Z,2024-02-09T20:52:55Z,PT6H23M50S,2024-02-09T21:18:06Z
oMVMULgsZy0,House Special Committee on COVID Response Efficacy (02/09/2024),yes,Special Committee on COVID Response Efficacy,2024-02-09,title,yes,2024-02-09 12:58:01,2024-02-09T17:58:01Z,2024-02-09T18:49:00Z,PT51M11S,2024-02-10T06:53:59Z
070-HszsiMw,House Criminal Justice and Public Safety (02/12/2024),yes,Criminal Justice and Public Safety,2024-02-12,title,yes,2024-02-12 09:29:07,2024-02-12T14:29:07Z,2024-02-12T18:55:41Z,PT4H26M38S,2024-02-12T19:06:44Z
o2CUr5MhCEk,House Education (02/12/2024),yes,Education,2024-02-12,title,yes,2024-02-12 09:13:11,2024-02-12T14:13:11Z,2024-02-12T19:47:09Z,PT5H34M4S,2024-02-12T20:02:59Z
HSpB2Nr-Trc,House State-Federal Relations and Veterans Affairs (02/12/2024),yes,State-Federal Relations and Veterans Affairs,2024-02-12,title,yes,2024-02-12 12:59:07,2024-02-12T17:59:07Z,2024-02-12T19:14:13Z,PT1H15M16S,2024-02-13T07:33:34Z
X7gJXk7xc1w,House Education (02/13/2024),yes,Education,2024-02-13,title,yes,2024-02-13 09:14:22,2024-02-13T14:14:22Z,2024-02-13T18:54:56Z,PT4H40M7S,2024-02-13T19:08:43Z
iuC3KzcC2Hw,"House Science, Technology and Energy (02/13/2024)",yes,"Science, Technology and Energy",2024-02-13,title,yes,2024-02-13 09:58:12,2024-02-13T14:58:12Z,2024-02-13T18:58:08Z,PT4H6S,2024-02-13T19:11:20Z
YvJPkZniUe0,House Executive Departments and Administration (02/13/2024),yes,Executive Departments and Administration,2024-02-13,title,yes,2024-02-13 09:54:42,2024-02-13T14:54:42Z,2024-02-13T20:33:15Z,PT5H38M36S,2024-02-13T20:49:29Z
kHdaAMcoUak,House Election Law (02/13/2024),yes,Election Law,2024-02-13,title,yes,2024-02-13 08:59:26,2024-02-13T13:59:26Z,2024-02-13T20:34:28Z,PT6H35M1S,2024-02-13T20:50:51Z
Z8UiV_-ZzzE,House Children and Family Law (02/13/2024),yes,Children and Family Law,2024-02-13,title,yes,2024-02-13 09:54:42,2024-02-13T14:54:42Z,2024-02-13T20:31:13Z,PT5H36M10S,2024-02-13T20:53:07Z
PRj0RSUDmgE,House Municipal and County Government (02/13/2024),yes,Municipal and County Government,2024-02-13,title,yes,2024-02-13 09:29:08,2024-02-13T14:29:08Z,2024-02-13T20:46:54Z,PT6H18M1S,2024-02-13T21:07:24Z
7pD-AkU7YLQ,House Environment and Agriculture (02/13/2024),yes,Environment and Agriculture,2024-02-13,title,yes,2024-02-13 09:58:26,2024-02-13T14:58:26Z,2024-02-13T21:08:22Z,PT6H10M6S,2024-02-13T21:26:58Z
ngxhbI-hJGc,House Ways and Means (02/13/2024),yes,Ways and Means,2024-02-13,title,yes,2024-02-13 09:57:57,2024-02-13T14:57:57Z,2024-02-13T17:36:29Z,PT2H38M41S,2024-02-14T06:00:45Z
nAAMjAxcm2g,House Transportation (02/13/2024),yes,Transportation,2024-02-13,title,yes,2024-02-13 09:59:36,2024-02-13T14:59:36Z,2024-02-13T18:30:58Z,PT3H31M31S,2024-02-14T07:04:56Z
MS7JkF4W8DA,House Commerce and Consumer Affairs (02/13/2024),yes,Commerce and Consumer Affairs,2024-02-13,title,yes,2024-02-13 12:59:02,2024-02-13T17:59:02Z,2024-02-13T20:47:45Z,PT2H48M51S,2024-02-14T10:07:41Z
lfdpk4LyVIY,House Education (02/14/2024),yes,Education,2024-02-14,title,yes,2024-02-14 09:28:57,2024-02-14T14:28:57Z,2024-02-14T19:01:27Z,PT4H32M36S,2024-02-14T19:18:06Z
Q0r78sQohYY,"House Labor, Industrial and Rehabilitative Services (02/14/2024)",yes,"Labor, Industrial and Rehabilitative Services",2024-02-14,title,yes,2024-02-14 09:44:11,2024-02-14T14:44:11Z,2024-02-14T19:50:32Z,PT5H6M24S,2024-02-14T20:12:30Z
uPVxk_BJZbY,House Executive Departments and Administration (02/14/2024),yes,Executive Departments and Administration,2024-02-14,title,yes,2024-02-14 09:59:12,2024-02-14T14:59:12Z,2024-02-14T20:06:38Z,PT5H7M35S,2024-02-14T20:25:33Z
RA4PvPcpjQw,House Public Works and Highways (02/14/2024),yes,Public Works and Highways,2024-02-14,title,yes,2024-02-14 09:28:57,2024-02-14T14:28:57Z,2024-02-14T20:26:47Z,PT5H57M55S,2024-02-14T20:45:54Z
THZWc9LSEzA,"House Resources, Recreation and Development (02/14/2024)",yes,"Resources, Recreation and Development",2024-02-14,title,yes,2024-02-14 09:28:53,2024-02-14T14:28:53Z,2024-02-14T20:27:42Z,PT5H58M51S,2024-02-14T20:48:38Z
Ohv_-0m_OvY,"House Health, Human Services and Elderly Affairs (02/14/2024)",yes,"Health, Human Services and Elderly Affairs",2024-02-14,title,yes,2024-02-14 09:29:02,2024-02-14T14:29:02Z,2024-02-14T21:12:39Z,PT6H43M44S,2024-02-14T21:28:10Z
h0nhhmCVISQ,House Judiciary (02/14/2024),yes,Judiciary,2024-02-14,title,yes,2024-02-14 08:57:56,2024-02-14T13:57:56Z,2024-02-14T21:04:58Z,PT7H7M5S,2024-02-14T21:31:47Z
hIbS7l-s6QY,House Environment and Agriculture (02/14/2024),yes,Environment and Agriculture,2024-02-14,title,yes,2024-02-14 09:59:22,2024-02-14T14:59:22Z,2024-02-14T21:27:36Z,PT6H28M15S,2024-02-14T21:53:10Z
oV7KtOOJc8M,House Legislative Administration (02/14/2024),yes,Legislative Administration,2024-02-14,title,yes,2024-02-14 09:59:17,2024-02-14T14:59:17Z,2024-02-14T17:00:55Z,PT2H1M50S,2024-02-15T05:17:30Z
-a0pBOTCi3Q,House Commerce and Consumer Affairs (02/14/2024),yes,Commerce and Consumer Affairs,2024-02-14,title,yes,2024-02-14 09:59:26,2024-02-14T14:59:26Z,2024-02-14T18:55:24Z,PT3H56M6S,2024-02-15T07:27:58Z
3HvWcO3eKe0,House Ways and Means (02/14/2024),yes,Ways and Means,2024-02-14,title,yes,2024-02-14 09:59:17,2024-02-14T14:59:17Z,2024-02-14T18:11:50Z,PT3H12M39S,2024-02-15T07:55:59Z
EnCVtpVzfyU,House Session (02/15/2024),yes,Session,2024-02-15,title,yes,2024-02-15 13:00:12,2024-02-15T18:00:12Z,2024-02-15T23:12:16Z,PT5H12M16S,2024-02-15T23:33:52Z
jXwK2JeTklA,House Legislative Administration (02/15/2024),yes,Legislative Administration,2024-02-15,title,yes,2024-02-15 09:59:27,2024-02-15T14:59:27Z,2024-02-15T16:27:51Z,PT1H28M20S,2024-02-16T04:37:20Z
GmFWLgiHOic,House Executive Departments and Administration (02/15/2024),yes,Executive Departments and Administration,2024-02-15,title,yes,2024-02-15 08:57:57,2024-02-15T13:57:57Z,2024-02-15T16:06:08Z,PT2H8M21S,2024-02-16T04:41:45Z
5Il6w-4zJV0,House Education (02/15/2024),yes,Education,2024-02-15,title,yes,2024-02-15 10:04:02,2024-02-15T15:04:02Z,2024-02-15T16:38:45Z,PT1H34M56S,2024-02-16T04:48:55Z
q_8fYTfu1bs,"House Health, Human Services and Elderly Affairs (02/15/2024)",yes,"Health, Human Services and Elderly Affairs",2024-02-15,title,yes,2024-02-15 10:03:22,2024-02-15T15:03:22Z,2024-02-15T16:51:17Z,PT1H47M56S,2024-02-16T05:04:57Z
M3AGBaN9lf0,House Judiciary (02/15/2024),yes,Judiciary,2024-02-15,title,yes,2024-02-15 09:59:22,2024-02-15T14:59:22Z,2024-02-15T17:07:46Z,PT2H8M25S,2024-02-16T05:29:02Z
uNSu2NmIPks,House Special Committee on Housing (02/16/2024),yes,Special Committee on Housing,2024-02-16,title,yes,2024-02-16 08:59:06,2024-02-16T13:59:06Z,2024-02-16T21:34:05Z,PT7H32M51S,2024-02-16T21:56:45Z
gYHtSzXKAqk,Administrative Rules (02/16/23),yes,Administrative Rules,2023-02-16,title,yes,2024-02-16 08:59:01,2024-02-16T13:59:01Z,2024-02-16T15:50:57Z,PT1H51M59S,2024-02-17T04:04:30Z
zevddebIAi8,Fiscal Committee (02/16/24),yes,Fiscal Committee,2024-02-16,title,yes,2024-02-16 09:58:28,2024-02-16T14:58:28Z,2024-02-16T16:54:16Z,PT1H55M56S,2024-02-17T05:09:45Z
negqalV5-gY,House Education (02/20/2024),yes,Education,2024-02-20,title,yes,2024-02-20 09:56:46,2024-02-20T14:56:46Z,2024-02-20T19:06:31Z,PT4H9M51S,2024-02-20T19:16:47Z
k9Ya8Ske3YM,House Ways and Means (02/20/2024),yes,Ways and Means,2024-02-20,title,yes,2024-02-20 09:59:02,2024-02-20T14:59:02Z,2024-02-20T19:30:25Z,PT4H31M36S,2024-02-20T19:43:00Z
eEtTQ3WayIA,House Environment and Agriculture (02/20/2024),yes,Environment and Agriculture,2024-02-20,title,yes,2024-02-20 08:58:41,2024-02-20T13:58:41Z,2024-02-20T21:03:30Z,PT7H4M56S,2024-02-20T21:30:22Z
0RmYH_Pn_Hw,House Election Law (02/20/2024),yes,Election Law,2024-02-20,title,yes,2024-02-20 08:58:31,2024-02-20T13:58:31Z,2024-02-20T21:38:54Z,PT7H40M24S,2024-02-20T22:00:58Z
kzuaVSx8n6s,House Finance (02/20/2024),yes,Finance,2024-02-20,title,yes,2024-02-20 09:28:31,2024-02-20T14:28:31Z,2024-02-20T15:38:59Z,PT1H10M16S,2024-02-21T03:49:11Z
Y6a-ZoZRVvg,House Commerce and Consumer Affairs (02/20/2024),yes,Commerce and Consumer Affairs,2024-02-20,title,yes,2024-02-20 09:58:37,2024-02-20T14:58:37Z,2024-02-20T16:30:30Z,PT1H31M51S,2024-02-21T04:42:59Z
xHHcZZ6zjK4,House Children and Family Law (02/20/2024),yes,Children and Family Law,2024-02-20,title,yes,2024-02-20 09:28:26,2024-02-20T14:28:26Z,2024-02-20T16:52:43Z,PT2H24M26S,2024-02-21T05:20:03Z
lDXe-K9Veoc,"House Executive Departments and Administration Subcommittee Work Session HB1387, HB1059 (02/20/2024)",yes,"Executive Departments and Administration Subcommittee Work Session HB1387, HB1059",2024-02-20,title,yes,2024-02-20 12:57:12,2024-02-20T17:57:12Z,2024-02-20T18:42:53Z,PT45M44S,2024-02-21T06:48:12Z
8ggqZ0kLp8g,"House Science, Technology and Energy (02/20/2024)",yes,"Science, Technology and Energy",2024-02-20,title,yes,2024-02-20 09:59:01,2024-02-20T14:59:01Z,2024-02-20T18:42:04Z,PT3H43M15S,2024-02-21T07:31:44Z
e1d0LoN7QBE,House Executive Departments and Administration Public Hearings & Subcommittee Work Session (2/20/24),yes,Executive Departments and Administration Public Hearings & Subcommittee Work Session,2024-02-20,title,yes,2024-02-20 10:29:06,2024-02-20T15:29:06Z,2024-02-20T19:21:26Z,PT3H52M31S,2024-02-21T07:48:39Z
J3JFSv5piYA,House Commerce and Consumer Affairs (02/21/2024),yes,Commerce and Consumer Affairs,2024-02-21,title,yes,2024-02-21 09:57:42,2024-02-21T14:57:42Z,2024-02-21T19:12:37Z,PT4H14M56S,2024-02-21T19:24:49Z
Bqtlbjr78qs,"House Resources, Recreation and Development (02/21/2024)",yes,"Resources, Recreation and Development",2024-02-21,title,yes,2024-02-21 10:00:27,2024-02-21T15:00:27Z,2024-02-21T19:40:48Z,PT4H40M21S,2024-02-21T19:54:02Z
Mhz2hJ61NSE,House Public Works and Highways (02/21/2024),yes,Public Works and Highways,2024-02-21,title,yes,2024-02-21 09:57:22,2024-02-21T14:57:22Z,2024-02-21T19:41:56Z,PT4H44M46S,2024-02-21T19:56:38Z
sD6y3Lod4RY,House Executive Departments and Administration (02/21/2024),yes,Executive Departments and Administration,2024-02-21,title,yes,2024-02-21 08:57:37,2024-02-21T13:57:37Z,2024-02-21T20:05:11Z,PT6H7M41S,2024-02-21T20:24:03Z
KAuOBk8pY8Y,"House Health, Human Services and Elderly Affairs (02/21/2024)",yes,"Health, Human Services and Elderly Affairs",2024-02-21,title,yes,2024-02-21 09:29:37,2024-02-21T14:29:37Z,2024-02-21T20:06:25Z,PT5H36M46S,2024-02-21T20:26:57Z
GS6BNZeY3V0,House Environment and Agriculture (02/21/2024),yes,Environment and Agriculture,2024-02-21,title,yes,2024-02-21 10:00:37,2024-02-21T15:00:37Z,2024-02-21T20:14:39Z,PT5H14M11S,2024-02-21T20:27:11Z
-63uDMnsqrA,House Municipal and County Government (02/21/2024),yes,Municipal and County Government,2024-02-21,title,yes,2024-02-21 09:28:21,2024-02-21T14:28:21Z,2024-02-21T21:25:13Z,PT6H56M54S,2024-02-21T21:45:48Z
GdSkk1Lw-kQ,House Judiciary (02/21/2024),yes,Judiciary,2024-02-21,title,yes,2024-02-21 08:57:26,2024-02-21T13:57:26Z,2024-02-21T22:01:56Z,PT8H4M28S,2024-02-21T22:21:21Z
gWL5gW6FKEE,House Special Committee on Childcare (02/21/2024),yes,Special Committee on Childcare,2024-02-21,title,yes,2024-02-21 09:59:02,2024-02-21T14:59:02Z,2024-02-21T15:32:09Z,PT33M2S,2024-02-22T03:38:55Z
B_2f_ZYLvzU,House Education (02/21/2024),yes,Education,2024-02-21,title,yes,2024-02-21 10:17:22,2024-02-21T15:17:22Z,2024-02-21T17:26:48Z,PT2H9M36S,2024-02-22T06:15:40Z
cEDOSoiFNFc,House Criminal Justice and Public Safety (02/21/2024),yes,Criminal Justice and Public Safety,2024-02-21,title,yes,2024-02-21 09:28:51,2024-02-21T14:28:51Z,2024-02-21T18:19:14Z,PT3H50M31S,2024-02-22T06:47:56Z
okndfxKHvXM,House Session (02/22/2024),yes,Session,2024-02-22,title,yes,2024-02-22 08:59:36,2024-02-22T13:59:36Z,2024-02-22T22:34:05Z,PT8H34M41S,2024-02-22T22:57:02Z
-eGkacU96-Q,House Criminal Justice and Public Safety (02/23/2024),yes,Criminal Justice and Public Safety,2024-02-23,title,yes,2024-02-23 09:29:31,2024-02-23T14:29:31Z,2024-02-23T20:53:15Z,PT6H23M39S,2024-02-23T21:11:21Z
M8RGZ1aAfls,House Special Committee on COVID Response Efficacy (02/23/2024),yes,Special Committee on COVID Response Efficacy,2024-02-23,title,yes,2024-02-23 08:59:27,2024-02-23T13:59:27Z,2024-02-23T15:53:35Z,PT1H54M15S,2024-02-24T04:56:36Z
KZrdxIySN8k,Health and Human Services Oversight Committee (02/23/2024),yes,Health and Human Services Oversight Committee,2024-02-23,title,yes,2024-02-23 09:59:11,2024-02-23T14:59:11Z,2024-02-23T17:04:01Z,PT2H5M1S,2024-02-24T05:23:46Z
s8SLCOoey8I,"House Special Committee on the Division for Children, Youth and Families (02/23/2024)",yes,"Special Committee on the Division for Children, Youth and Families",2024-02-23,title,yes,2024-02-23 12:58:21,2024-02-23T17:58:21Z,2024-02-23T18:47:30Z,PT49M21S,2024-02-24T06:54:12Z
2KzUPT8pOPY,House Election Law (02/27/2024),yes,Election Law,2024-02-27,title,yes,2024-02-27 08:58:52,2024-02-27T13:58:52Z,2024-02-27T17:02:56Z,PT3H4M6S,2024-02-28T05:26:01Z
wI_Qw5a7Z9I,"House Labor, Industrial and Rehabilitative Services (02/27/2024)",yes,"Labor, Industrial and Rehabilitative Services",2024-02-27,title,yes,2024-02-27 12:59:11,2024-02-27T17:59:11Z,2024-02-27T19:27:20Z,PT1H28M21S,2024-02-28T07:35:35Z
fFbv9FVh7BQ,House Education (03/04/2024),yes,Education,2024-03-04,title,yes,2024-03-04 08:57:32,2024-03-04T13:57:32Z,2024-03-04T20:34:14Z,PT6H36M17S,2024-03-04T20:54:53Z
bsQNaVunc3Q,Commission to Study the Effect of Recent Changes Made to Charitable Gaming Laws (03/04/23),yes,Commission to Study the Effect of Recent Changes Made to Charitable Gaming Laws,2023-03-04,title,yes,2024-03-04 09:59:07,2024-03-04T14:59:07Z,2024-03-04T17:03:00Z,PT2H4M,2024-03-05T05:23:25Z
MOg_Q3gQDfc,"House Special Committee on the Division for Children, Youth and Families (03/04/2024)",yes,"Special Committee on the Division for Children, Youth and Families",2024-03-04,title,yes,2024-03-04 09:00:06,2024-03-04T14:00:06Z,2024-03-04T17:15:34Z,PT3H15M36S,2024-03-05T05:51:42Z
yy97I7Yzffw,House Election Law (03/05/2024),yes,Election Law,2024-03-05,title,yes,2024-03-05 08:59:26,2024-03-05T13:59:26Z,2024-03-05T18:16:21Z,PT4H17M6S,2024-03-05T18:29:31Z
lOJXzsxn35o,House Transportation (03/05/2024),yes,Transportation,2024-03-05,title,yes,2024-03-05 09:29:12,2024-03-05T14:29:12Z,2024-03-05T18:36:01Z,PT4H6M56S,2024-03-05T18:46:25Z
CgoztXSBK3s,House Education (03/05/2024),yes,Education,2024-03-05,title,yes,2024-03-05 09:01:11,2024-03-05T14:01:11Z,2024-03-05T20:32:25Z,PT6H31M21S,2024-03-05T20:47:18Z
GwACABWgDs4,House Finance Division II (03/05/2024),yes,Finance Division II,2024-03-05,title,yes,2024-03-05 10:30:07,2024-03-05T15:30:07Z,2024-03-05T21:00:38Z,PT5H22M9S,2024-03-05T21:15:50Z
2CW_-nLgYNo,House Environment and Agriculture (03/05/2024),yes,Environment and Agriculture,2024-03-05,title,yes,2024-03-05 09:58:16,2024-03-05T14:58:16Z,2024-03-05T22:10:30Z,PT7H12M26S,2024-03-05T22:30:11Z
proW1XEvMSQ,House Judiciary (03/05/2024),yes,Judiciary,2024-03-05,title,yes,2024-03-05 09:03:01,2024-03-05T14:03:01Z,2024-03-05T15:07:18Z,PT1H4M25S,2024-03-06T03:16:16Z
E454VJoV2pI,House Children and Family Law (03/05/2024),yes,Children and Family Law,2024-03-05,title,yes,2024-03-05 09:56:57,2024-03-05T14:56:57Z,2024-03-05T16:46:54Z,PT1H43M33S,2024-03-06T04:58:39Z
DWldqVFYUm8,House Public Works and Highways (03/05/2024),yes,Public Works and Highways,2024-03-05,title,yes,2024-03-05 09:59:11,2024-03-05T14:59:11Z,2024-03-05T16:31:36Z,PT1H30M1S,2024-03-06T05:19:51Z
tm7Z3GQQmBQ,House Ways and Means (03/05/2024),yes,Ways and Means,2024-03-05,title,yes,2024-03-05 09:59:11,2024-03-05T14:59:11Z,2024-03-05T18:22:12Z,PT3H21M23S,2024-03-06T07:07:38Z
FJ42uB88Wuc,House Commerce and Consumer Affairs (03/06/2024),yes,Commerce and Consumer Affairs,2024-03-06,title,yes,2024-03-06 09:57:52,2024-03-06T14:57:52Z,2024-03-06T19:16:15Z,PT4H18M29S,2024-03-06T19:25:40Z
CHnScR73QMY,House Ways and Means (03/06/2024),yes,Ways and Means,2024-03-06,title,yes,2024-03-06 09:29:08,2024-03-06T14:29:08Z,2024-03-06T19:17:22Z,PT4H48M26S,2024-03-06T19:32:30Z
iskBxz0ohsw,House Municipal and County Government (03/06/2024),yes,Municipal and County Government,2024-03-06,title,yes,2024-03-06 09:27:51,2024-03-06T14:27:51Z,2024-03-06T19:16:45Z,PT4H49M,2024-03-06T19:32:51Z
V15VzDTbf8M,House Environment and Agriculture (03/06/2024),yes,Environment and Agriculture,2024-03-06,title,yes,2024-03-06 08:58:11,2024-03-06T13:58:11Z,2024-03-06T19:33:47Z,PT5H35M41S,2024-03-06T19:45:32Z
kUG_wc9G-p8,"House Health, Human Services and Elderly Affairs (03/06/2024)",yes,"Health, Human Services and Elderly Affairs",2024-03-06,title,yes,2024-03-06 09:29:16,2024-03-06T14:29:16Z,2024-03-06T19:36:31Z,PT5H7M25S,2024-03-06T19:48:38Z
a5nhRJLyv0M,House Judiciary (03/06/2024),yes,Judiciary,2024-03-06,title,yes,2024-03-06 09:56:37,2024-03-06T14:56:37Z,2024-03-06T20:20:35Z,PT5H24M2S,2024-03-06T20:38:17Z
UvzoENtrA98,House Executive Departments and Administration (03/06/2024),yes,Executive Departments and Administration,2024-03-06,title,yes,2024-03-06 09:29:17,2024-03-06T14:29:17Z,2024-03-06T20:45:31Z,PT6H16M19S,2024-03-06T21:02:39Z
l4A2V4uaikQ,House Education (03/06/2024),yes,Education,2024-03-06,title,yes,2024-03-06 09:29:12,2024-03-06T14:29:12Z,2024-03-06T21:17:34Z,PT6H43M15S,2024-03-06T21:35:02Z
9avJQVd1myA,House Finance Division I (03/06/2024),yes,Finance Division I,2024-03-06,title,yes,2024-03-06 09:56:42,2024-03-06T14:56:42Z,2024-03-06T21:40:46Z,PT6H44M10S,2024-03-06T21:59:03Z
0JR_Eon-mqY,"House Resources, Recreation and Development (03/06/2024)",yes,"Resources, Recreation and Development",2024-03-06,title,yes,2024-03-06 08:53:21,2024-03-06T13:53:21Z,2024-03-06T21:42:50Z,PT7H49M36S,2024-03-06T22:05:25Z
WsC4eUOXQTU,House Special Committee on Childcare (03/06/2024),yes,Special Committee on Childcare,2024-03-06,title,yes,2024-03-06 09:58:23,2024-03-06T14:58:23Z,2024-03-06T16:47:57Z,PT1H47M51S,2024-03-07T05:00:15Z
djUYmyyroj8,House Legislative Administration (03/06/2024),yes,Legislative Administration,2024-03-06,title,yes,2024-03-06 09:58:16,2024-03-06T14:58:16Z,2024-03-06T16:48:44Z,PT1H50M30S,2024-03-07T05:00:46Z
i1TNkktryIw,"House Labor, Industrial and Rehabilitative Services (03/06/2024)",yes,"Labor, Industrial and Rehabilitative Services",2024-03-06,title,yes,2024-03-06 12:58:56,2024-03-06T17:58:56Z,2024-03-06T18:55:38Z,PT56M49S,2024-03-07T07:12:36Z
-EN7nPFl6-Y,House Finance Division III (03/06/2024),yes,Finance Division III,2024-03-06,title,yes,2024-03-06 12:57:56,2024-03-06T17:57:56Z,2024-03-06T21:07:15Z,PT3H9M26S,2024-03-07T09:26:49Z
NpGg2W72Mno,House Session (03/07/2024),yes,Session,2024-03-07,title,yes,2024-03-07 09:00:11,2024-03-07T14:00:11Z,2024-03-07T23:10:04Z,PT9H9M25S,2024-03-07T23:31:17Z
90y0AAA9KuA,House Special Committee on Housing (03/08/2024),yes,Special Committee on Housing,2024-03-08,title,yes,2024-03-08 08:58:53,2024-03-08T13:58:53Z,2024-03-08T19:22:42Z,PT5H23M47S,2024-03-08T19:39:53Z
-PzMJ9YlXNs,House Executive Departments and Administration (03/08/2024),yes,Executive Departments and Administration,2024-03-08,title,yes,2024-03-08 09:59:01,2024-03-08T14:59:01Z,2024-03-08T18:27:00Z,PT3H28M6S,2024-03-09T07:01:39Z
7ZDw8oLfaiU,House Education (03/11/2024),yes,Education,2024-03-11,title,yes,2024-03-11 08:58:57,2024-03-11T12:58:57Z,2024-03-11T18:18:23Z,PT5H19M36S,2024-03-11T18:36:35Z
Q70wA5XHMno,House Municipal and County Government (03/11/2024),yes,Municipal and County Government,2024-03-11,title,yes,2024-03-11 09:29:01,2024-03-11T13:29:01Z,2024-03-11T18:57:14Z,PT5H28M26S,2024-03-11T19:12:00Z
BxkNx_sBLmk,House Election Law (03/11/2024),yes,Election Law,2024-03-11,title,yes,2024-03-11 09:58:47,2024-03-11T13:58:47Z,2024-03-11T19:15:49Z,PT5H17M11S,2024-03-11T19:30:06Z
suV85eBSx3A,House Ways and Means (03/11/2024),yes,Ways and Means,2024-03-11,title,yes,2024-03-11 09:30:51,2024-03-11T13:30:51Z,2024-03-11T19:55:50Z,PT6H25M6S,2024-03-11T20:21:14Z
IUbNN9rtUOQ,House Executive Departments and Administration (03/11/2024),yes,Executive Departments and Administration,2024-03-11,title,yes,2024-03-11 09:59:17,2024-03-11T13:59:17Z,2024-03-11T14:56:54Z,PT57M36S,2024-03-12T03:05:59Z
Yxe9zCVmO1Q,House Finance Division III (03/11/2024),yes,Finance Division III,2024-03-11,title,yes,2024-03-11 13:04:57,2024-03-11T17:04:57Z,2024-03-11T20:09:27Z,PT3H4M30S,2024-03-12T08:27:47Z
NgFMsR3zWfI,House Education (03/13/2024),yes,Education,2024-03-13,title,yes,2024-03-13 09:57:56,2024-03-13T13:57:56Z,2024-03-13T18:42:18Z,PT4H44M31S,2024-03-13T18:58:46Z
JDHwbk1jcyM,"House Resources, Recreation and Development (03/13/2024)",yes,"Resources, Recreation and Development",2024-03-13,title,yes,2024-03-13 09:59:03,2024-03-13T13:59:03Z,2024-03-13T18:45:09Z,PT4H46M15S,2024-03-13T18:59:08Z
_PbQ3dVavHM,House Executive Departments and Administration (03/13/2024),yes,Executive Departments and Administration,2024-03-13,title,yes,2024-03-13 08:59:42,2024-03-13T12:59:42Z,2024-03-13T18:45:37Z,PT5H45M51S,2024-03-13T18:59:27Z
gBv4nWegc-8,House Environment and Agriculture (03/13/2024),yes,Environment and Agriculture,2024-03-13,title,yes,2024-03-13 09:59:02,2024-03-13T13:59:02Z,2024-03-13T19:14:30Z,PT5H15M36S,2024-03-13T19:27:25Z
UFPvnpFyMjI,House Commerce and Consumer Affairs (03/13/2024),yes,Commerce and Consumer Affairs,2024-03-13,title,yes,2024-03-13 09:57:52,2024-03-13T13:57:52Z,2024-03-13T19:23:04Z,PT5H25M21S,2024-03-13T19:35:14Z
uyfQlgSZDCk,House Finance Division I (03/13/2024),yes,Finance Division I,2024-03-13,title,yes,2024-03-13 09:58:57,2024-03-13T13:58:57Z,2024-03-13T21:17:56Z,PT7H19M6S,2024-03-13T22:21:43Z
4qpw6XrcpI8,House Judiciary (03/13/2024),yes,Judiciary,2024-03-13,title,yes,2024-03-13 08:59:17,2024-03-13T12:59:17Z,2024-03-13T15:23:20Z,PT2H24M6S,2024-03-14T04:44:23Z
4DHqmfeIGzs,House Criminal Justice and Public Safety (03/13/2024),yes,Criminal Justice and Public Safety,2024-03-13,title,yes,2024-03-13 09:29:46,2024-03-13T13:29:46Z,2024-03-13T16:04:22Z,PT2H34M46S,2024-03-14T04:47:00Z
1t3ugkJMsbg,House Finance Division III (03/13/2024),yes,Finance Division III,2024-03-13,title,yes,2024-03-13 09:57:52,2024-03-13T13:57:52Z,2024-03-13T16:40:23Z,PT2H42M15S,2024-03-14T04:54:57Z
UsOXxygo7o8,House Session (03/14/2024),yes,Session,2024-03-14,title,yes,2024-03-14 09:59:42,2024-03-14T13:59:42Z,2024-03-14T21:58:04Z,PT7H57M59S,2024-03-14T22:28:04Z
js7ZlPQf--M,House Special Committee on COVID Response Efficacy (03/15/2024),yes,Special Committee on COVID Response Efficacy,2024-03-15,title,yes,2024-03-15 08:59:11,2024-03-15T12:59:11Z,2024-03-15T18:49:04Z,PT5H50M1S,2024-03-15T19:06:24Z
3Iw7aEgotS4,Administrative Rules (03/15/24),yes,Administrative Rules,2024-03-15,title,yes,2024-03-15 08:54:41,2024-03-15T12:54:41Z,2024-03-15T13:50:49Z,PT56M6S,2024-03-16T02:35:40Z
D6EkYQlxtXI,House Executive Departments and Administration (03/15/2024),yes,Executive Departments and Administration,2024-03-15,title,yes,2024-03-15 10:59:02,2024-03-15T14:59:02Z,2024-03-15T15:30:19Z,PT31M30S,2024-03-16T03:32:59Z
VyEsob9TTo8,Fiscal Committee (03/15/24),yes,Fiscal Committee,2024-03-15,title,yes,2024-03-15 09:59:56,2024-03-15T13:59:56Z,2024-03-15T16:34:16Z,PT2H34M26S,2024-03-16T05:07:07Z
Dkx-pHDoEZg,House Special Committee on Housing (03/15/2024),yes,Special Committee on Housing,2024-03-15,title,yes,2024-03-15 10:00:37,2024-03-15T14:00:37Z,2024-03-15T17:25:22Z,PT3H24M56S,2024-03-16T05:53:42Z
11co7_c1Av4,House State-Federal Relations and Veterans Affairs (03/15/2024),yes,State-Federal Relations and Veterans Affairs,2024-03-15,title,yes,2024-03-15 12:59:22,2024-03-15T16:59:22Z,2024-03-15T17:50:17Z,PT51M1S,2024-03-16T05:55:12Z
GjWYtcIv_Jg,House Finance Division II (03/15/2024),yes,Finance Division II,2024-03-15,title,yes,2024-03-15 12:59:01,2024-03-15T16:59:01Z,2024-03-15T18:52:39Z,PT1H53M46S,2024-03-16T07:10:17Z
Slsoemv3Zvo,House Education (03/18/2024),yes,Education,2024-03-18,title,yes,2024-03-18 08:58:46,2024-03-18T12:58:46Z,2024-03-18T20:56:05Z,PT7H57M17S,2024-03-18T21:25:44Z
hfCU5ybP_fE,Joint Legislative Performance Audit and Oversight Committee (03/18/2024),yes,Joint Legislative Performance Audit and Oversight Committee,2024-03-18,title,yes,2024-03-18 09:59:02,2024-03-18T13:59:02Z,2024-03-18T16:38:30Z,PT2H39M41S,2024-03-19T04:56:17Z
21oZUc7V8DI,House Finance Division III (03/18/2024),yes,Finance Division III,2024-03-18,title,yes,2024-03-18 11:59:01,2024-03-18T15:59:01Z,2024-03-18T19:44:48Z,PT3H45M56S,2024-03-19T08:03:58Z
hs67cgD3ZtA,"House Science, Technology and Energy (03/19/2024)",yes,"Science, Technology and Energy",2024-03-19,title,yes,2024-03-19 09:28:32,2024-03-19T13:28:32Z,2024-03-19T19:02:56Z,PT5H34M21S,2024-03-19T19:20:07Z
zmRTcmZI-wc,House Transportation (03/19/2024),yes,Transportation,2024-03-19,title,yes,2024-03-19 09:58:22,2024-03-19T13:58:22Z,2024-03-19T19:12:31Z,PT5H14M16S,2024-03-19T19:42:16Z
1F58J0yHj3w,House Environment and Agriculture (03/19/2024),yes,Environment and Agriculture,2024-03-19,title,yes,2024-03-19 09:59:07,2024-03-19T13:59:07Z,2024-03-19T15:18:46Z,PT1H19M51S,2024-03-20T03:26:11Z
I47vG9JkhIY,House Finance (03/19/2024),yes,Finance,2024-03-19,title,yes,2024-03-19 09:58:16,2024-03-19T13:58:16Z,2024-03-19T15:54:52Z,PT1H56M46S,2024-03-20T04:06:37Z
TMrhABoTSvI,House Commerce and Consumer Affairs (03/19/2024),yes,Commerce and Consumer Affairs,2024-03-19,title,yes,2024-03-19 09:58:17,2024-03-19T13:58:17Z,2024-03-19T16:26:01Z,PT2H27M36S,2024-03-20T04:38:40Z
rBDEQKkWL2w,House Election Law (03/19/2024),yes,Election Law,2024-03-19,title,yes,2024-03-19 09:58:47,2024-03-19T13:58:47Z,2024-03-19T17:24:44Z,PT3H25M56S,2024-03-20T05:55:23Z
Ey-CMD-Yfx8,House Judiciary (03/20/2024),yes,Judiciary,2024-03-20,title,yes,2024-03-20 09:58:22,2024-03-20T13:58:22Z,2024-03-20T18:00:47Z,PT4H2M31S,2024-03-20T18:11:32Z
ed2jYc7IRQI,House Finance Division I (03/20/2024),yes,Finance Division I,2024-03-20,title,yes,2024-03-20 09:59:12,2024-03-20T13:59:12Z,2024-03-20T18:11:21Z,PT4H12M16S,2024-03-20T18:23:50Z
-DZ4F-yy7hE,House Criminal Justice and Public Safety (03/20/2024),yes,Criminal Justice and Public Safety,2024-03-20,title,yes,2024-03-20 09:29:12,2024-03-20T13:29:12Z,2024-03-20T20:29:29Z,PT6H59M53S,2024-03-20T20:52:29Z
DRUHneL-FBQ,House Commerce and Consumer Affairs (03/20/2024),yes,Commerce and Consumer Affairs,2024-03-20,title,yes,2024-03-20 09:58:22,2024-03-20T13:58:22Z,2024-03-20T15:21:22Z,PT1H23M6S,2024-03-21T03:27:56Z
p5UGRSHawv8,"House Health, Human Services and Elderly Affairs (03/20/2024)",yes,"Health, Human Services and Elderly Affairs",2024-03-20,title,yes,2024-03-20 08:56:57,2024-03-20T12:56:57Z,2024-03-20T15:50:07Z,PT2H53M16S,2024-03-21T04:06:00Z
R3UjNw6Hh10,House Municipal and County Government (03/20/2024),yes,Municipal and County Government,2024-03-20,title,yes,2024-03-20 09:59:12,2024-03-20T13:59:12Z,2024-03-20T16:13:56Z,PT2H14M56S,2024-03-21T04:28:00Z
gXrfEOwGsdA,House Executive Departments and Administration (03/20/2024),yes,Executive Departments and Administration,2024-03-20,title,yes,2024-03-20 10:29:07,2024-03-20T14:29:07Z,2024-03-20T16:03:49Z,PT1H34M51S,2024-03-21T05:14:03Z
LH38dJh7rpc,House Commerce and Consumer Affairs Subcommittee Work Session (03/20/2024),yes,Commerce and Consumer Affairs Subcommittee Work Session,2024-03-20,title,yes,2024-03-20 11:31:37,2024-03-20T15:31:37Z,2024-03-20T17:07:33Z,PT1H35M55S,2024-03-21T05:21:09Z
rH7KedwEQv8,House Public Works and Highways (03/20/2024),yes,Public Works and Highways,2024-03-20,title,yes,2024-03-20 10:57:23,2024-03-20T14:57:23Z,2024-03-20T18:23:36Z,PT3H26M21S,2024-03-21T06:53:15Z
UgVBgogUdDI,House Session (03/21/2024),yes,Session,2024-03-21,title,yes,2024-03-21 10:01:08,2024-03-21T14:01:08Z,2024-03-21T23:56:48Z,PT9H54M2S,2024-03-22T00:28:24Z
EiS58GhQ7e4,House Finance Division III (03/22/2024),yes,Finance Division III,2024-03-22,title,yes,2024-03-22 11:59:01,2024-03-22T15:59:01Z,2024-03-22T19:09:26Z,PT3H10M36S,2024-03-23T08:25:19Z
GoP26yapt9c,"House Science, Technology and Energy (03/25/2024)",yes,"Science, Technology and Energy",2024-03-25,title,yes,2024-03-25 09:59:02,2024-03-25T13:59:02Z,2024-03-25T18:30:56Z,PT4H31M29S,2024-03-25T18:43:21Z
f0B7Ye8i3cw,"House Special Committee on the Division for Children, Youth and Families (DCYF) 03/25/2024",NO,,,title,yes,2024-03-25 08:58:23,2024-03-25T12:58:23Z,2024-03-25T16:43:55Z,PT3H45M41S,2024-03-26T05:51:47Z
4U2RaOncTZI,House Education (03/26/2024),yes,Education,2024-03-26,title,yes,2024-03-26 09:28:06,2024-03-26T13:28:06Z,2024-03-26T18:08:20Z,PT4H39M53S,2024-03-26T18:24:49Z
vWLau4JQjnQ,House Finance (03/26/2024),yes,Finance,2024-03-26,title,yes,2024-03-26 09:59:03,2024-03-26T13:59:03Z,2024-03-26T19:52:34Z,PT5H53M42S,2024-03-26T20:10:13Z
SyzoPR-nwmw,House Ways and Means (03/26/2024),yes,Ways and Means,2024-03-26,title,yes,2024-03-26 09:57:42,2024-03-26T13:57:42Z,2024-03-26T16:38:47Z,PT2H41M6S,2024-03-27T04:55:12Z
qTXsSPgXQ0I,House Education (03/27/2024),yes,Education,2024-03-27,title,yes,2024-03-27 09:29:28,2024-03-27T13:29:28Z,2024-03-27T17:34:11Z,PT4H4M51S,2024-03-27T17:51:53Z
tpy61D2cysM,House Finance Division I (03/27/2024),yes,Finance Division I,2024-03-27,title,yes,2024-03-27 09:59:03,2024-03-27T13:59:03Z,2024-03-27T18:28:16Z,PT4H29M19S,2024-03-27T18:42:36Z
8ETQ5fVUafw,House Finance Division II (03/27/2024),yes,Finance Division II,2024-03-27,title,yes,2024-03-27 09:59:02,2024-03-27T13:59:02Z,2024-03-27T15:33:59Z,PT1H35M6S,2024-03-28T03:56:41Z
UyRv2Uw8gG8,House Session (03/28/2024),yes,Session,2024-03-28,title,yes,2024-03-28 09:00:46,2024-03-28T13:00:46Z,2024-03-28T23:06:44Z,PT10H6M6S,2024-03-28T23:34:27Z
9rAIdxdNz5Q,House Criminal Justice and Public Safety (03/29/2024),yes,Criminal Justice and Public Safety,2024-03-29,title,yes,2024-03-29 09:29:02,2024-03-29T13:29:02Z,2024-03-29T18:42:44Z,PT5H13M28S,2024-03-29T18:54:41Z
i_-WBh12gqw,House Finance Division I (04/01/2024),yes,Finance Division I,2024-04-01,title,yes,2024-04-01 13:00:02,2024-04-01T17:00:02Z,2024-04-01T19:09:42Z,PT2H9M46S,2024-04-02T07:23:56Z
WPPyUg3Ua3E,House Special Committee on the Family Division of the Circuit Court (04/02/2024),yes,Special Committee on the Family Division of the Circuit Court,2024-04-02,title,yes,2024-04-02 09:36:28,2024-04-02T13:36:28Z,2024-04-02T18:57:50Z,PT4H31M6S,2024-04-02T19:07:10Z
5iU1soR4XAI,House Environment and Agriculture (04/02/2024),yes,Environment and Agriculture,2024-04-02,title,yes,2024-04-02 08:58:07,2024-04-02T12:58:07Z,2024-04-02T14:16:32Z,PT1H18M31S,2024-04-03T02:27:26Z
dfsI6BcLzEI,House Finance Division I (04/02/2024),yes,Finance Division I,2024-04-02,title,yes,2024-04-02 10:08:52,2024-04-02T14:08:52Z,2024-04-02T14:29:53Z,PT21M6S,2024-04-03T02:32:19Z
TDtXNrNgOec,House Finance (04/02/2024),yes,Finance,2024-04-02,title,yes,2024-04-02 11:29:08,2024-04-02T15:29:08Z,2024-04-02T17:40:03Z,PT2H11M5S,2024-04-03T06:06:04Z
fArAX8Dz4CM,House Children and Family Law (04/02/2024),yes,Children and Family Law,2024-04-02,title,yes,2024-04-02 10:29:52,2024-04-02T14:29:52Z,2024-04-02T18:08:02Z,PT3H38M6S,2024-04-03T06:38:45Z
v-VryWampAI,House Executive Departments and Administration (04/03/2024),yes,Executive Departments and Administration,2024-04-03,title,yes,2024-04-03 09:59:07,2024-04-03T13:59:07Z,2024-04-03T20:18:12Z,PT6H19M16S,2024-04-03T20:47:09Z
CwblI6Jq8Ys,House Education (04/03/2024),yes,Education,2024-04-03,title,yes,2024-04-03 09:59:42,2024-04-03T13:59:42Z,2024-04-03T16:09:25Z,PT2H9M41S,2024-04-04T05:00:36Z
B-NvuVoZTko,House Education (04/09/2024),yes,Education,2024-04-09,title,yes,2024-04-09 09:58:27,2024-04-09T13:58:27Z,2024-04-09T18:15:10Z,PT4H16M28S,2024-04-09T18:27:36Z
8tG3Se_TpF4,House Public Works and Highways (04/09/2024),yes,Public Works and Highways,2024-04-09,title,yes,2024-04-09 09:59:07,2024-04-09T13:59:07Z,2024-04-09T15:56:07Z,PT1H57M11S,2024-04-10T04:48:21Z
acuD4p-rHz0,House Ways and Means (04/09/2024),yes,Ways and Means,2024-04-09,title,yes,2024-04-09 09:58:22,2024-04-09T13:58:22Z,2024-04-09T17:19:09Z,PT3H20M48S,2024-04-10T06:43:00Z
9chcJyrciaM,"House Health, Human Services and Elderly Affairs (04/10/2024)",yes,"Health, Human Services and Elderly Affairs",2024-04-10,title,yes,2024-04-10 09:29:01,2024-04-10T13:29:01Z,2024-04-10T19:13:30Z,PT5H44M41S,2024-04-10T19:31:01Z
K-gumFgc6hE,"House Resources, Recreation and Development (04/10/2024)",yes,"Resources, Recreation and Development",2024-04-10,title,yes,2024-04-10 09:59:02,2024-04-10T13:59:02Z,2024-04-10T19:22:17Z,PT5H23M25S,2024-04-10T19:38:17Z
e9xCN5XVBwg,House Executive Departments and Administration (04/10/2024),yes,Executive Departments and Administration,2024-04-10,title,yes,2024-04-10 09:00:16,2024-04-10T13:00:16Z,2024-04-10T19:56:41Z,PT6H56M31S,2024-04-10T20:10:42Z
KtWtoeqkiiM,House Special Committee on Childcare (04/10/2024),yes,Special Committee on Childcare,2024-04-10,title,yes,2024-04-10 09:58:07,2024-04-10T13:58:07Z,2024-04-10T14:17:13Z,PT19M6S,2024-04-11T02:24:26Z
tRQqTAKmlh8,House Judiciary (04/10/2024),yes,Judiciary,2024-04-10,title,yes,2024-04-10 09:58:27,2024-04-10T13:58:27Z,2024-04-10T16:13:43Z,PT2H15M26S,2024-04-11T04:38:37Z
ZlWyftYKqN4,House Education (04/10/2024),yes,Education,2024-04-10,title,yes,2024-04-10 09:59:02,2024-04-10T13:59:02Z,2024-04-10T17:37:32Z,PT3H38M41S,2024-04-11T06:35:48Z
ncmn6RlDm_k,House Criminal Justice and Public Safety (04/10/2024),yes,Criminal Justice and Public Safety,2024-04-10,title,yes,2024-04-10 10:00:22,2024-04-10T14:00:22Z,2024-04-10T17:17:45Z,PT3H17M11S,2024-04-11T07:11:48Z
6cUNNEXbO3g,House Session (04/11/2024),yes,Session,2024-04-11,title,yes,2024-04-11 09:59:18,2024-04-11T13:59:18Z,2024-04-11T20:52:18Z,PT6H52M55S,2024-04-11T21:12:02Z
jiphlHEtt2Q,Special Committee on COVID Response Efficacy (04/12/2024),yes,Special Committee on COVID Response Efficacy,2024-04-12,title,yes,2024-04-12 08:59:22,2024-04-12T12:59:22Z,2024-04-12T18:48:01Z,PT5H48M51S,2024-04-12T19:05:20Z
-mRpei3S3no,Long Range Capital Planning and Utilization Committee (04/12/2024),yes,Long Range Capital Planning and Utilization Committee,2024-04-12,title,yes,2024-04-12 09:59:27,2024-04-12T13:59:27Z,2024-04-12T14:39:38Z,PT40M21S,2024-04-13T02:44:00Z
UEzKcw7isBY,"House Science, Technology and Energy (04/15/2024)",yes,"Science, Technology and Energy",2024-04-15,title,yes,2024-04-15 08:59:01,2024-04-15T12:59:01Z,2024-04-15T19:35:32Z,PT6H36M41S,2024-04-15T19:56:10Z
orNxzFTgIdQ,Commission to Study the Effect of Recent Changes Made to Charitable Gaming Laws (04/15/2024),yes,Commission to Study the Effect of Recent Changes Made to Charitable Gaming Laws,2024-04-15,title,yes,2024-04-15 09:59:12,2024-04-15T13:59:12Z,2024-04-15T15:51:34Z,PT1H52M35S,2024-04-16T04:31:29Z
jhvYJnFPdQ4,House Education (04/16/2024),yes,Education,2024-04-16,title,yes,2024-04-16 09:32:23,2024-04-16T13:32:23Z,2024-04-16T16:54:06Z,PT3H21M56S,2024-04-17T05:35:02Z
MAQV_QDwl9I,House Environment and Agriculture (04/16/2024),yes,Environment and Agriculture,2024-04-16,title,yes,2024-04-16 10:29:03,2024-04-16T14:29:03Z,2024-04-16T18:14:23Z,PT3H45M24S,2024-04-17T08:57:17Z
U9w98iW5G7g,House Municipal and County Government (04/17/2024),yes,Municipal and County Government,2024-04-17,title,yes,2024-04-17 09:59:18,2024-04-17T13:59:18Z,2024-04-17T18:26:47Z,PT4H27M35S,2024-04-17T18:39:00Z
wLry6LauUiY,House Criminal Justice and Public Safety (04/17/2024),yes,Criminal Justice and Public Safety,2024-04-17,title,yes,2024-04-17 09:29:46,2024-04-17T13:29:46Z,2024-04-17T18:43:50Z,PT5H14M11S,2024-04-17T18:58:28Z
g7Cw8lwGP7A,House Executive Departments and Administration - Room LOB 306/308 (04/17/2024),yes,Executive Departments and Administration - Room LOB 306/308,2024-04-17,title,yes,2024-04-17 10:59:21,2024-04-17T14:59:21Z,2024-04-17T19:54:24Z,PT4H55M11S,2024-04-17T20:10:55Z
yjTQjwaUbGU,House Finance (04/17/2024),yes,Finance,2024-04-17,title,yes,2024-04-17 09:59:03,2024-04-17T13:59:03Z,2024-04-17T20:35:54Z,PT6H36M59S,2024-04-17T20:49:22Z
5NxTW3sLHfk,"House Health, Human Services and Elderly Affairs (04/17/2024)",yes,"Health, Human Services and Elderly Affairs",2024-04-17,title,yes,2024-04-17 09:28:57,2024-04-17T13:28:57Z,2024-04-17T20:32:24Z,PT7H3M35S,2024-04-17T20:53:36Z
aJRD8ZSuU9Y,House Special Committee on Childcare (04/17/2024),yes,Special Committee on Childcare,2024-04-17,title,yes,2024-04-17 09:57:31,2024-04-17T13:57:31Z,2024-04-17T15:05:56Z,PT1H8M31S,2024-04-18T03:23:35Z
_B8gb9zR20s,House Executive Departments and Administration - Room LOB 302/304 (04/17/2024),yes,Executive Departments and Administration - Room LOB 302/304,2024-04-17,title,yes,2024-04-17 09:59:06,2024-04-17T13:59:06Z,2024-04-17T15:33:57Z,PT1H35M1S,2024-04-18T03:55:26Z
8L9azulqQyg,House Legislative Administration (04/17/2024),yes,Legislative Administration,2024-04-17,title,yes,2024-04-17 09:59:22,2024-04-17T13:59:22Z,2024-04-17T15:49:00Z,PT1H49M36S,2024-04-18T04:07:57Z
HfhAJFWJGbc,House Public Works and Highways (04/17/2024),yes,Public Works and Highways,2024-04-17,title,yes,2024-04-17 11:30:58,2024-04-17T15:30:58Z,2024-04-17T18:36:37Z,PT3H5M51S,2024-04-18T08:02:43Z
3F_XiNO_rXs,Fiscal Committee (04/19/24),yes,Fiscal Committee,2024-04-19,title,yes,2024-04-19 09:59:32,2024-04-19T13:59:32Z,2024-04-19T14:48:41Z,PT49M11S,2024-04-20T03:21:26Z
HsC9aPy3Z8w,Administrative Rules (04/19/24),yes,Administrative Rules,2024-04-19,title,yes,2024-04-19 08:56:07,2024-04-19T12:56:07Z,2024-04-19T14:17:19Z,PT1H21M17S,2024-04-20T07:56:35Z
yQzCI7vpVMk,House Education (04/22/2024),yes,Education,2024-04-22,title,yes,2024-04-22 08:57:47,2024-04-22T12:57:47Z,2024-04-22T19:59:16Z,PT7H1M31S,2024-04-22T20:18:56Z
aBV2lOhuFgo,"House Science, Technology and Energy (04/22/2024)",yes,"Science, Technology and Energy",2024-04-22,title,yes,2024-04-22 09:00:42,2024-04-22T13:00:42Z,2024-04-22T14:50:27Z,PT1H49M51S,2024-04-23T03:35:58Z
qVU7p3LNPGs,House Criminal Justice and Public Safety (04/22/2024),yes,Criminal Justice and Public Safety,2024-04-22,title,yes,2024-04-22 09:59:08,2024-04-22T13:59:08Z,2024-04-22T16:03:46Z,PT2H4M51S,2024-04-23T05:04:33Z
fuo5duJVOA0,House Municipal and County Government (04/23/2024),yes,Municipal and County Government,2024-04-23,title,yes,2024-04-23 09:29:11,2024-04-23T13:29:11Z,2024-04-23T18:52:51Z,PT5H23M30S,2024-04-23T19:09:48Z
teRJVh1cA4k,House Transportation (04/23/2024),yes,Transportation,2024-04-23,title,yes,2024-04-23 09:59:08,2024-04-23T13:59:08Z,2024-04-23T19:28:03Z,PT5H28M55S,2024-04-23T19:46:25Z
F9pwrkeOItI,House Children and Family Law (04/23/2024),yes,Children and Family Law,2024-04-23,title,yes,2024-04-23 09:31:12,2024-04-23T13:31:12Z,2024-04-23T20:10:04Z,PT6H39M1S,2024-04-23T20:25:54Z
MTYCgdByzew,House Commerce and Consumer Affairs (04/23/2024),yes,Commerce and Consumer Affairs,2024-04-23,title,yes,2024-04-23 09:59:12,2024-04-23T13:59:12Z,2024-04-23T21:48:39Z,PT7H49M32S,2024-04-23T22:06:07Z
jNyUMOHB-3Y,House Environment and Agriculture (04/23/2024),yes,Environment and Agriculture,2024-04-23,title,yes,2024-04-23 08:58:03,2024-04-23T12:58:03Z,2024-04-23T14:26:37Z,PT1H28M41S,2024-04-24T02:51:24Z
oHspu6_Iz_E,House Finance Division II (04/23/2024),yes,Finance Division II,2024-04-23,title,yes,2024-04-23 10:58:17,2024-04-23T14:58:17Z,2024-04-23T15:17:10Z,PT18M51S,2024-04-24T03:51:03Z
bKHyhoxWbbY,House Finance (04/23/2024),yes,Finance,2024-04-23,title,yes,2024-04-23 09:59:07,2024-04-23T13:59:07Z,2024-04-23T15:07:03Z,PT1H8M6S,2024-04-24T03:57:10Z
TSkNqxpZQxY,House Executive Departments and Administration (04/23/2024),yes,Executive Departments and Administration,2024-04-23,title,yes,2024-04-23 09:58:28,2024-04-23T13:58:28Z,2024-04-23T15:56:04Z,PT1H57M46S,2024-04-24T04:13:39Z
PQYuMaVFLEs,House Ways and Means (04/23/2024),yes,Ways and Means,2024-04-23,title,yes,2024-04-23 09:58:28,2024-04-23T13:58:28Z,2024-04-23T17:46:12Z,PT3H47M46S,2024-04-24T06:03:01Z
725M1zio19M,House Education (04/23/2024),yes,Education,2024-04-23,title,yes,2024-04-23 09:58:47,2024-04-23T13:58:47Z,2024-04-23T16:36:14Z,PT2H37M31S,2024-04-24T07:10:02Z
E9-_jVx64dE,House Finance Division III (04/23/2024),yes,Finance Division III,2024-04-23,title,yes,2024-04-23 12:59:06,2024-04-23T16:59:06Z,2024-04-23T19:42:04Z,PT2H43M11S,2024-04-24T09:25:14Z
dpvskIKEyWM,"House Labor, Industrial and Rehabilitative Services (04/24/2024)",yes,"Labor, Industrial and Rehabilitative Services",2024-04-24,title,yes,2024-04-24 09:44:27,2024-04-24T13:44:27Z,2024-04-24T18:01:17Z,PT4H17M1S,2024-04-24T18:14:39Z
bl75Vb64Fvc,"House Resources, Recreation and Development (04/24/2024)",yes,"Resources, Recreation and Development",2024-04-24,title,yes,2024-04-24 09:57:37,2024-04-24T13:57:37Z,2024-04-24T18:28:57Z,PT4H31M26S,2024-04-24T18:38:50Z
pAzVJmRGd84,House Commerce and Consumer Affairs (04/24/2024),yes,Commerce and Consumer Affairs,2024-04-24,title,yes,2024-04-24 08:59:17,2024-04-24T12:59:17Z,2024-04-24T19:39:00Z,PT6H39M55S,2024-04-24T19:51:43Z
Su2BmZGaSgQ,House Executive Departments and Administration (04/24/2024),yes,Executive Departments and Administration,2024-04-24,title,yes,2024-04-24 10:59:36,2024-04-24T14:59:36Z,2024-04-24T20:38:42Z,PT5H39M15S,2024-04-24T20:53:12Z
veyh4yyZVB0,House Special Committee on Childcare (04/24/2024),yes,Special Committee on Childcare,2024-04-24,title,yes,2024-04-24 09:57:43,2024-04-24T13:57:43Z,2024-04-24T14:10:14Z,PT12M41S,2024-04-25T02:12:19Z
qbqxEeiT7Cg,House Election Law (04/24/2024),yes,Election Law,2024-04-24,title,yes,2024-04-24 10:28:57,2024-04-24T14:28:57Z,2024-04-24T15:01:34Z,PT32M46S,2024-04-25T03:08:26Z
AOrcAl-v5d4,House Criminal Justice and Public Safety (04/24/2024),yes,Criminal Justice and Public Safety,2024-04-24,title,yes,2024-04-24 09:29:06,2024-04-24T13:29:06Z,2024-04-24T16:45:44Z,PT3H16M46S,2024-04-25T05:23:04Z
eFRlFs551oo,House Public Works and Highways (04/24/2024),yes,Public Works and Highways,2024-04-24,title,yes,2024-04-24 11:26:17,2024-04-24T15:26:17Z,2024-04-24T16:49:33Z,PT1H23M26S,2024-04-25T05:30:10Z
_2mCCaluMk0,House Judiciary (04/24/2024),yes,Judiciary,2024-04-24,title,yes,2024-04-24 09:58:57,2024-04-24T13:58:57Z,2024-04-24T17:56:23Z,PT3H57M18S,2024-04-25T06:50:32Z
pBy-y2iFwmc,"House Health, Human Services and Elderly Affairs (04/24/2024)",yes,"Health, Human Services and Elderly Affairs",2024-04-24,title,yes,2024-04-24 09:57:21,2024-04-24T13:57:21Z,2024-04-24T17:13:54Z,PT3H16M41S,2024-04-25T07:34:19Z
CLCm6f-3LTM,"House Health, Human Services and Elderly Affairs (04/25/2024)",yes,"Health, Human Services and Elderly Affairs",2024-04-25,title,yes,2024-04-25 09:28:11,2024-04-25T13:28:11Z,2024-04-25T19:59:48Z,PT6H31M37S,2024-04-25T20:17:16Z
TPwfTqIrh_k,House Special Committee on COVID Response Efficacy (04/26/2024),yes,Special Committee on COVID Response Efficacy,2024-04-26,title,yes,2024-04-26 09:58:38,2024-04-26T13:58:38Z,2024-04-26T16:09:59Z,PT2H11M25S,2024-04-27T04:17:22Z
TpzxtSeqg7M,Health and Human Services Oversight Committee (04/26/2024),yes,Health and Human Services Oversight Committee,2024-04-26,title,yes,2024-04-26 10:00:01,2024-04-26T14:00:01Z,2024-04-26T16:04:41Z,PT2H4M46S,2024-04-27T04:49:19Z
Gn-L7uAt1KE,House Special Committee on Housing (04/26/2024),yes,Special Committee on Housing,2024-04-26,title,yes,2024-04-26 09:59:02,2024-04-26T13:59:02Z,2024-04-26T16:39:45Z,PT2H40M56S,2024-04-27T04:49:42Z
cd9-ggX0PFY,Joint Legislative Performance Audit and Oversight Committee (04/29/2024),yes,Joint Legislative Performance Audit and Oversight Committee,2024-04-29,title,yes,2024-04-29 08:59:48,2024-04-29T12:59:48Z,2024-04-29T13:50:45Z,PT51M1S,2024-04-30T01:56:55Z
0rOY-igaDKo,"House Special Committee on the Division for Children, Youth and Families (DCYF) (04/29/2024)",yes,"Special Committee on the Division for Children, Youth and Families (DCYF)",2024-04-29,title,yes,2024-04-29 09:58:33,2024-04-29T13:58:33Z,2024-04-29T16:14:42Z,PT2H16M12S,2024-04-30T04:38:53Z
iP6rrpoHlEs,"House Science, Technology and Energy (04/29/2024)",yes,"Science, Technology and Energy",2024-04-29,title,yes,2024-04-29 09:00:13,2024-04-29T13:00:13Z,2024-04-29T15:54:23Z,PT2H54M21S,2024-04-30T05:52:20Z
xV9iNJC1Vw4,House Finance Division III (04/29/2024),yes,Finance Division III,2024-04-29,title,yes,2024-04-29 13:00:58,2024-04-29T17:00:58Z,2024-04-29T18:42:30Z,PT1H41M46S,2024-04-30T07:38:29Z
x5Rs-MAJOKo,House Commerce and Consumer Affairs (04/30/2024),yes,Commerce and Consumer Affairs,2024-04-30,title,yes,2024-04-30 10:00:36,2024-04-30T14:00:36Z,2024-04-30T20:49:20Z,PT6H48M46S,2024-04-30T21:11:41Z
mxye4_S66LY,House Children and Family Law (04/30/2024),yes,Children and Family Law,2024-04-30,title,yes,2024-04-30 10:01:13,2024-04-30T14:01:13Z,2024-04-30T15:36:33Z,PT1H35M26S,2024-05-01T03:52:37Z
SPMSMlwJoKk,House Election Law (04/30/2024),yes,Election Law,2024-04-30,title,yes,2024-04-30 10:00:47,2024-04-30T14:00:47Z,2024-04-30T15:12:59Z,PT1H12M11S,2024-05-01T04:05:41Z
c1b9t1gGhSk,House Education (04/30/2024),yes,Education,2024-04-30,title,yes,2024-04-30 10:00:46,2024-04-30T14:00:46Z,2024-04-30T15:58:00Z,PT1H40M3S,2024-05-01T04:15:32Z
9mWWAo5ernE,House Executive Departments and Administration (04/30/2024),yes,Executive Departments and Administration,2024-04-30,title,yes,2024-04-30 10:00:41,2024-04-30T14:00:41Z,2024-04-30T15:24:51Z,PT1H24M3S,2024-05-01T04:28:52Z
LNDQjz2rFgY,"House Health, Human Services and Elderly Affairs (05/01/2024)",yes,"Health, Human Services and Elderly Affairs",2024-05-01,title,yes,2024-05-01 09:58:57,2024-05-01T13:58:57Z,2024-05-01T19:58:16Z,PT5H59M20S,2024-05-01T20:14:16Z
vQRfZnoNc8I,House Legislative Administration (05/01/2024),yes,Legislative Administration,2024-05-01,title,yes,2024-05-01 10:03:42,2024-05-01T14:03:42Z,2024-05-01T15:34:14Z,PT1H30M38S,2024-05-02T03:49:04Z
c35lDfVfKiE,House Judiciary (05/01/2024),yes,Judiciary,2024-05-01,title,yes,2024-05-01 09:59:02,2024-05-01T13:59:02Z,2024-05-01T16:09:05Z,PT2H10M15S,2024-05-02T04:27:47Z
o3Ae3qT68wk,House Executive Departments and Administration (05/01/2024),yes,Executive Departments and Administration,2024-05-01,title,yes,2024-05-01 10:03:31,2024-05-01T14:03:31Z,2024-05-01T16:36:31Z,PT2H33M4S,2024-05-02T04:47:11Z
zZqhnpMHDaY,House Commerce and Consumer Affairs (05/01/2024),yes,Commerce and Consumer Affairs,2024-05-01,title,yes,2024-05-01 08:57:21,2024-05-01T12:57:21Z,2024-05-01T16:36:14Z,PT3H38M46S,2024-05-02T06:18:48Z
pK388rdT0cE,House Criminal Justice and Public Safety (05/01/2024),yes,Criminal Justice and Public Safety,2024-05-01,title,yes,2024-05-01 09:59:03,2024-05-01T13:59:03Z,2024-05-01T17:58:34Z,PT3H59M38S,2024-05-02T07:21:42Z
6GULoEP9TgU,House Session (05/02/2024),yes,Session,2024-05-02,title,yes,2024-05-02 09:59:48,2024-05-02T13:59:48Z,2024-05-02T21:14:21Z,PT7H14M41S,2024-05-03T01:21:18Z
8tGSq9IeLoI,House Finance Division III (05/07/2024),yes,Finance Division III,2024-05-07,title,yes,2024-05-07 09:59:07,2024-05-07T13:59:07Z,2024-05-07T20:30:30Z,PT6H31M23S,2024-05-07T20:46:14Z
zTGhnDQ6KxY,House Ways and Means: Executive Session on SB 585 (05/07/2024),yes,Ways and Means: Executive Session on SB 585,2024-05-07,title,yes,2024-05-07 09:59:01,2024-05-07T13:59:01Z,2024-05-07T14:40:26Z,PT41M36S,2024-05-08T02:45:20Z
C2EDrhJFuzA,House Finance Division II (05/07/2024),yes,Finance Division II,2024-05-07,title,yes,2024-05-07 09:55:31,2024-05-07T13:55:31Z,2024-05-07T14:42:09Z,PT46M46S,2024-05-08T02:45:34Z
udyvmtnM6uU,House Finance Division I (05/07/2024),yes,Finance Division I,2024-05-07,title,yes,2024-05-07 10:09:12,2024-05-07T14:09:12Z,2024-05-07T15:46:47Z,PT1H37M8S,2024-05-08T03:55:47Z
74-l40CFG-Q,House Fish and Game and Marine Resources (05/07/2024),yes,Fish and Game and Marine Resources,2024-05-07,title,yes,2024-05-07 09:59:18,2024-05-07T13:59:18Z,2024-05-07T16:07:51Z,PT2H8M46S,2024-05-08T04:14:39Z
S2DB-Aj_5QU,House Environment and Agriculture (05/07/2024),yes,Environment and Agriculture,2024-05-07,title,yes,2024-05-07 11:27:13,2024-05-07T15:27:13Z,2024-05-07T16:20:18Z,PT52M41S,2024-05-08T04:25:38Z
9ZHfz-CfmJA,Joint Ways and Means Revenue Briefing (05/07/2024),yes,Joint Ways and Means Revenue Briefing,2024-05-07,title,yes,2024-05-07 10:41:22,2024-05-07T14:41:22Z,2024-05-07T17:11:29Z,PT2H30M21S,2024-05-08T05:24:26Z
DeghItqrisg,House Commerce and Consumer Affairs (05/07/2024),yes,Commerce and Consumer Affairs,2024-05-07,title,yes,2024-05-07 09:59:03,2024-05-07T13:59:03Z,2024-05-07T17:53:14Z,PT3H54M17S,2024-05-08T06:06:11Z
JYQrxz6x8tw,House Transportation (05/07/2024),yes,Transportation,2024-05-07,title,yes,2024-05-07 13:30:28,2024-05-07T17:30:28Z,2024-05-07T19:12:40Z,PT1H42M11S,2024-05-08T07:33:49Z
ts_bSIDCaIg,"House Labor, Industrial and Rehabilitative Resources (05/08/2024)",yes,"Labor, Industrial and Rehabilitative Resources",2024-05-08,title,yes,2024-05-08 10:00:02,2024-05-08T14:00:02Z,2024-05-08T18:26:13Z,PT4H26M16S,2024-05-08T18:36:41Z
8E2h_Xr1fIo,House Finance Division I (05/08/2024),yes,Finance Division I,2024-05-08,title,yes,2024-05-08 09:59:43,2024-05-08T13:59:43Z,2024-05-08T18:57:07Z,PT4H57M36S,2024-05-08T19:09:47Z
GdUz9CRluqE,"House Health, Human Services and Elderly Affairs (05/08/2024)",yes,"Health, Human Services and Elderly Affairs",2024-05-08,title,yes,2024-05-08 09:29:02,2024-05-08T13:29:02Z,2024-05-08T19:08:50Z,PT5H39M57S,2024-05-08T19:26:57Z
j581m3dt0ug,House Executive Departments and Administration (05/08/2024),yes,Executive Departments and Administration,2024-05-08,title,yes,2024-05-08 09:28:22,2024-05-08T13:28:22Z,2024-05-08T20:10:42Z,PT6H42M29S,2024-05-08T20:30:09Z
qgDqiltJTrM,"House Resources, Recreation and Development (05/08/2024)",yes,"Resources, Recreation and Development",2024-05-08,title,yes,2024-05-08 09:29:02,2024-05-08T13:29:02Z,2024-05-08T14:30:18Z,PT1H1M26S,2024-05-09T02:33:42Z
K1-lyTsYNc8,House Criminal Justice and Public Safety (05/08/2024),yes,Criminal Justice and Public Safety,2024-05-08,title,yes,2024-05-08 09:57:57,2024-05-08T13:57:57Z,2024-05-08T14:41:29Z,PT43M25S,2024-05-09T03:04:38Z
u40jLX9n8eI,House Commerce and Consumer Affairs (05/08/2024),yes,Commerce and Consumer Affairs,2024-05-08,title,yes,2024-05-08 09:57:58,2024-05-08T13:57:58Z,2024-05-08T17:42:26Z,PT3H44M41S,2024-05-09T06:21:44Z
hfrXM4ptTNE,House Session (05/09/2024),yes,Session,2024-05-09,title,yes,2024-05-09 09:59:09,2024-05-09T13:59:09Z,2024-05-09T20:46:42Z,PT6H47M28S,2024-05-09T21:05:27Z
b6tV0FH93eY,House Election Law (05/09/2024),yes,Election Law,2024-05-09,title,yes,2024-05-09 11:47:03,2024-05-09T15:47:03Z,2024-05-09T16:34:18Z,PT47M26S,2024-05-10T04:37:13Z
Ej2ZUKBJs-E,House Special Committee on Housing (05/09/2024),yes,Special Committee on Housing,2024-05-09,title,yes,2024-05-09 16:28:52,2024-05-09T20:28:52Z,2024-05-09T21:19:21Z,PT50M41S,2024-05-10T09:24:17Z
BOLbrGfSDwE,Speaker Packard's Legislative Staff Week Thank You,NO,,,title,NO,,,,PT55S,2024-05-10T12:52:33Z
300B0RZ89w0,House Special Committee on COVID Response Efficacy (05/10/2024),yes,Special Committee on COVID Response Efficacy,2024-05-10,title,yes,2024-05-10 09:59:08,2024-05-10T13:59:08Z,2024-05-10T18:03:02Z,PT4H4M6S,2024-05-10T18:13:40Z
tlkEmR-8qa0,House Finance Division III (05/10/2024),yes,Finance Division III,2024-05-10,title,yes,2024-05-10 09:59:06,2024-05-10T13:59:06Z,2024-05-10T20:03:19Z,PT6H4M13S,2024-05-10T20:16:21Z
R7kjdtR85vk,"House Special Committee on the Division for Children, Youth and Families (DCYF) (05/13/2024)",yes,"Special Committee on the Division for Children, Youth and Families (DCYF)",2024-05-13,title,yes,2024-05-13 09:59:03,2024-05-13T13:59:03Z,2024-05-13T14:46:47Z,PT47M56S,2024-05-14T02:58:38Z
9JggO34E4Dg,House Finance (05/13/2024),yes,Finance,2024-05-13,title,yes,2024-05-13 12:59:27,2024-05-13T16:59:27Z,2024-05-13T19:53:57Z,PT2H54M41S,2024-05-14T09:05:26Z
s3lac9EDyQw,House Public Works and Highways (05/14/2024),yes,Public Works and Highways,2024-05-14,title,yes,2024-05-14 10:28:12,2024-05-14T14:28:12Z,2024-05-14T14:37:57Z,PT9M51S,2024-05-14T14:40:04Z
VvItRQ2hFlM,House Education (05/14/2024),yes,Education,2024-05-14,title,yes,2024-05-14 08:59:02,2024-05-14T12:59:02Z,2024-05-14T18:32:40Z,PT5H33M45S,2024-05-14T18:49:37Z
9lnbCJvQ1F8,"House Labor, Industrial and Rehabilitative Services (05/14/2024)",yes,"Labor, Industrial and Rehabilitative Services",2024-05-14,title,yes,2024-05-14 08:59:03,2024-05-14T12:59:03Z,2024-05-14T15:09:51Z,PT2H11M1S,2024-05-15T03:29:28Z
UeiTvwiuimk,House Transportation (05/14/2024),yes,Transportation,2024-05-14,title,yes,2024-05-14 09:58:52,2024-05-14T13:58:52Z,2024-05-14T16:10:35Z,PT2H11M51S,2024-05-15T04:23:25Z
SQ7sAG-OW04,House Finance Division III (05/14/2024),yes,Finance Division III,2024-05-14,title,yes,2024-05-14 10:00:02,2024-05-14T14:00:02Z,2024-05-14T16:57:29Z,PT2H57M36S,2024-05-15T05:13:33Z
MSYSYjDi-1Y,"House Science, Technology and Energy (05/14/2024)",yes,"Science, Technology and Energy",2024-05-14,title,yes,2024-05-14 10:00:03,2024-05-14T14:00:03Z,2024-05-14T17:57:07Z,PT3H57M11S,2024-05-15T06:09:23Z
HtqmRepYKis,House Finance (05/14/2024),yes,Finance,2024-05-14,title,yes,2024-05-14 12:59:18,2024-05-14T16:59:18Z,2024-05-14T20:23:26Z,PT3H24M10S,2024-05-15T08:46:58Z
WQS2IHdCOEc,House Commerce and Consumer Affairs (05/15/2024),yes,Commerce and Consumer Affairs,2024-05-15,title,yes,2024-05-15 09:58:38,2024-05-15T13:58:38Z,2024-05-15T15:32:05Z,PT1H33M36S,2024-05-16T03:45:02Z
rnjwd9WMcI0,House Criminal Justice and Public Safety (05/15/2024),yes,Criminal Justice and Public Safety,2024-05-15,title,yes,2024-05-15 09:59:03,2024-05-15T13:59:03Z,2024-05-15T17:26:53Z,PT3H28M1S,2024-05-16T05:51:07Z
KeF0V8uCbZI,"House Health, Human Services and Elderly Affairs (05/15/2024)",yes,"Health, Human Services and Elderly Affairs",2024-05-15,title,yes,2024-05-15 13:31:36,2024-05-15T17:31:36Z,2024-05-15T18:22:52Z,PT51M16S,2024-05-16T06:28:08Z
zPSV9JrH84E,House Special Committee on COVID Response Efficacy (05/16/2024),yes,Special Committee on COVID Response Efficacy,2024-05-16,title,yes,2024-05-16 09:59:07,2024-05-16T13:59:07Z,2024-05-16T21:34:15Z,PT7H35M16S,2024-05-16T22:03:27Z
q0b0utNaDoI,House Special Committee on COVID Response Efficacy (05/17/2024),yes,Special Committee on COVID Response Efficacy,2024-05-17,title,yes,2024-05-17 09:58:23,2024-05-17T13:58:23Z,2024-05-17T19:20:01Z,PT5H21M41S,2024-05-17T19:36:13Z
GcSLCyQVAjE,Administrative Rules (05/17/24),yes,Administrative Rules,2024-05-17,title,yes,2024-05-17 08:54:32,2024-05-17T12:54:32Z,2024-05-17T13:58:30Z,PT1H4M1S,2024-05-18T02:02:45Z
tesqNU63BBQ,Fiscal Committee (05/17/2024),yes,Fiscal Committee,2024-05-17,title,yes,2024-05-17 09:58:23,2024-05-17T13:58:23Z,2024-05-17T15:06:27Z,PT1H8M16S,2024-05-18T03:24:43Z
CI_RYisnUuM,NH Law Enforcement Officers' Memorial 2024,NO,,,title,NO,,,,PT1H28M51S,2024-05-22T15:23:04Z
WiubAjlExvg,House Session (05/23/2024),yes,Session,2024-05-23,title,yes,2024-05-23 09:00:58,2024-05-23T13:00:58Z,2024-05-23T23:13:48Z,PT10H12M33S,2024-05-23T23:46:39Z
A-9z1b_4E8I,Health and Human Services Oversight Committee (05/24/2024),yes,Health and Human Services Oversight Committee,2024-05-24,title,yes,2024-05-24 09:57:43,2024-05-24T13:57:43Z,2024-05-24T15:55:09Z,PT1H57M36S,2024-05-25T04:10:41Z
_J0-MxbLTQU,House Fish and Game and Marine Resources (05/28/2024),yes,Fish and Game and Marine Resources,2024-05-28,title,yes,2024-05-28 09:59:01,2024-05-28T13:59:01Z,2024-05-28T15:38:53Z,PT1H40M1S,2024-05-29T03:46:34Z
ULlsSz809kE,House Session (05/30/2024),yes,Session,2024-05-30,title,yes,2024-05-30 10:00:31,2024-05-30T14:00:31Z,2024-05-30T21:26:59Z,PT7H26M14S,2024-05-30T21:46:00Z
jTn-oLEPUG0,Committee of Conference on HB 1386 (06/03/2024),yes,Committee of Conference on HB 1386,2024-06-03,title,yes,2024-06-03 09:29:33,2024-06-03T13:29:33Z,2024-06-03T13:41:50Z,PT12M31S,2024-06-03T13:44:15Z
7sSEP3Vjn9w,"Committee of Conference on HB 458, HB 1623, HB 1600 (06/03/2024)",yes,"Committee of Conference on HB 458, HB 1623, HB 1600",2024-06-03,title,yes,2024-06-03 08:58:36,2024-06-03T12:58:36Z,2024-06-03T15:01:45Z,PT2H3M19S,2024-06-04T03:28:48Z
IKJ3s9pOtVY,Committee of Conference on HB 1521 (06/03/2024),yes,Committee of Conference on HB 1521,2024-06-03,title,yes,2024-06-03 11:00:33,2024-06-03T15:00:33Z,2024-06-03T15:25:04Z,PT24M36S,2024-06-04T03:30:41Z
EYFczRRFl5c,Committee of Conference on HB 468 (06/03/2024),yes,Committee of Conference on HB 468,2024-06-03,title,yes,2024-06-03 12:57:22,2024-06-03T16:57:22Z,2024-06-03T17:17:29Z,PT20M1S,2024-06-04T05:19:15Z
oWj6IDL7olQ,Committee of Conference on HB 1069 (06/03/2024),yes,Committee of Conference on HB 1069,2024-06-03,title,yes,2024-06-03 13:26:51,2024-06-03T17:26:51Z,2024-06-03T18:26:15Z,PT59M31S,2024-06-04T06:41:23Z
e1OMkjv7504,"Committee of Conference on HB 1358, HB 1380 (06/03/2024)",yes,"Committee of Conference on HB 1358, HB 1380",2024-06-03,title,yes,2024-06-03 14:58:58,2024-06-03T18:58:58Z,2024-06-03T19:41:04Z,PT42M15S,2024-06-04T07:44:43Z
BqKApWp02I4,"Committee of Conference on HB 1195, HB 1695, HB 1278 (06/04/2024)",yes,"Committee of Conference on HB 1195, HB 1695, HB 1278",2024-06-04,title,yes,2024-06-04 08:58:47,2024-06-04T12:58:47Z,2024-06-04T17:09:25Z,PT4H10M51S,2024-06-04T17:20:56Z
Qr73e29RoC8,"Committee of Conference on HB 1030, HB 1127 (06/04/2024)",yes,"Committee of Conference on HB 1030, HB 1127",2024-06-04,title,yes,2024-06-04 09:58:47,2024-06-04T13:58:47Z,2024-06-04T18:29:56Z,PT4H31M16S,2024-06-04T18:41:57Z
vCmXdKc2Lzs,"Committee of Conference on HB 1236, HB 1633, HB 1018, HB 1241, HB 1259 (06/04/24)",yes,"Committee of Conference on HB 1236, HB 1633, HB 1018, HB 1241, HB 1259",2024-06-04,title,yes,2024-06-04 09:58:46,2024-06-04T13:58:46Z,2024-06-04T18:50:33Z,PT4H51M56S,2024-06-04T19:03:20Z
pRLcR5jCONU,"Committee of Conference on HB 1274, HB 1265, HB 1616, HB 1665 (06/04/2024)",yes,"Committee of Conference on HB 1274, HB 1265, HB 1616, HB 1665",2024-06-04,title,yes,2024-06-04 09:28:58,2024-06-04T13:28:58Z,2024-06-04T19:44:55Z,PT6H16M11S,2024-06-04T20:13:40Z
799mBf3F-Es,"Committee of Conference on HB 1585, HB 2024, HB 1202 (06/04/2024)",yes,"Committee of Conference on HB 1585, HB 2024, HB 1202",2024-06-04,title,yes,2024-06-04 09:58:51,2024-06-04T13:58:51Z,2024-06-04T20:04:31Z,PT6H5M46S,2024-06-04T20:33:30Z
iBusgy9BHWU,Committee of Conference on HB 194 (06/04/2024),yes,Committee of Conference on HB 194,2024-06-04,title,yes,2024-06-04 10:27:01,2024-06-04T14:27:01Z,2024-06-04T15:25:33Z,PT58M41S,2024-06-05T03:30:48Z
IMmYv-I1Uo8,"Committee of Conference on HB 463, HB 1091, HB 1313, HB 1369, 1370, HB 1596 (06/05/2024)",yes,"Committee of Conference on HB 463, HB 1091, HB 1313, HB 1369, 1370, HB 1596",2024-06-05,title,yes,2024-06-05 09:59:13,2024-06-05T13:59:13Z,2024-06-05T19:02:53Z,PT5H3M35S,2024-06-05T19:17:06Z
xcTnf34BeyM,"Committee of Conference on HB 1298, HB 1665, HB 1278 (06/05/2024)",yes,"Committee of Conference on HB 1298, HB 1665, HB 1278",2024-06-05,title,yes,2024-06-05 09:59:12,2024-06-05T13:59:12Z,2024-06-05T19:14:35Z,PT5H15M19S,2024-06-05T19:29:26Z
XB7PTn3beN0,"Committee of Conference on HB 1223, HB 1215, HB 1400 (06/05/2024)",yes,"Committee of Conference on HB 1223, HB 1215, HB 1400",2024-06-05,title,yes,2024-06-05 09:58:42,2024-06-05T13:58:42Z,2024-06-05T20:17:14Z,PT6H18M35S,2024-06-05T20:34:56Z
22V1og8YwA8,"Committee of Conference on HB 318, HB 1292, HB 1197 (06/05/2024)",yes,"Committee of Conference on HB 318, HB 1292, HB 1197",2024-06-05,title,yes,2024-06-05 09:58:36,2024-06-05T13:58:36Z,2024-06-05T16:23:21Z,PT2H24M50S,2024-06-06T04:36:16Z
0WzYg_Dg_fw,"Committee of Conference on HB 1243, HB 1633 (06/05/2024)",yes,"Committee of Conference on HB 1243, HB 1633",2024-06-05,title,yes,2024-06-05 09:58:53,2024-06-05T13:58:53Z,2024-06-05T17:30:36Z,PT3H31M47S,2024-06-06T05:45:32Z
t1YGC5I-WT4,"Committee of Conference on HB 1665, HB 1091, HB 1400 (06/06/2024)",yes,"Committee of Conference on HB 1665, HB 1091, HB 1400",2024-06-06,title,yes,2024-06-06 08:56:47,2024-06-06T12:56:47Z,2024-06-06T17:02:54Z,PT4H6M16S,2024-06-06T17:21:27Z
drndRc43eig,"Committee of Conference on HB 1127, HB 518, HB 1079, HB 1622 (06/06/2024)",yes,"Committee of Conference on HB 1127, HB 518, HB 1079, HB 1622",2024-06-06,title,yes,2024-06-06 08:56:31,2024-06-06T12:56:31Z,2024-06-06T17:08:59Z,PT4H12M35S,2024-06-06T17:24:28Z
TPqq5kPfw5w,"Committee of Conference on HB 1380, HB 1358, HB 1633, HB 1358 (continued) (06/06/2024)",yes,"Committee of Conference on HB 1380, HB 1358, HB 1633, HB 1358 (continued)",2024-06-06,title,yes,2024-06-06 09:29:02,2024-06-06T13:29:02Z,2024-06-06T17:16:13Z,PT3H47M21S,2024-06-07T05:25:46Z
3g_WWVOuPK0,"Committee of Conference on HB 1278, HB 1593, HB 1127 (continued), HB 318, HB 1292 (06/06/2024)",yes,"Committee of Conference on HB 1278, HB 1593, HB 1127 (continued), HB 318, HB 1292",2024-06-06,title,yes,2024-06-06 09:39:51,2024-06-06T13:39:51Z,2024-06-06T17:33:01Z,PT3H53M16S,2024-06-07T05:53:13Z
OXa2WUD02Uc,House Special Committee on COVID Response Efficacy (06/07/2024),yes,Special Committee on COVID Response Efficacy,2024-06-07,title,yes,2024-06-07 09:59:23,2024-06-07T13:59:23Z,2024-06-07T16:36:55Z,PT2H37M38S,2024-06-08T04:43:35Z
FI00XtOvotw,Capital Project Overview Committee (06/10/2024),yes,Capital Project Overview Committee,2024-06-10,title,yes,2024-06-10 08:58:53,2024-06-10T12:58:53Z,2024-06-10T13:40:53Z,PT42M10S,2024-06-11T01:45:32Z
FCh9GIdZljw,Long Range Capital Planning and Utilization Committee (06/10/2024),yes,Long Range Capital Planning and Utilization Committee,2024-06-10,title,yes,2024-06-10 09:59:06,2024-06-10T13:59:06Z,2024-06-10T14:28:24Z,PT29M4S,2024-06-11T02:31:35Z
lWehdJOPX-E,House Environment and Agriculture (06/10/2024),yes,Environment and Agriculture,2024-06-10,title,yes,2024-06-10 09:59:51,2024-06-10T13:59:51Z,2024-06-10T15:45:18Z,PT1H45M18S,2024-06-11T03:50:15Z
mcZa8P3NGMM,House Special Committee on the Family Division of the Circuit Court (06/11/2024),yes,Special Committee on the Family Division of the Circuit Court,2024-06-11,title,yes,2024-06-11 10:01:13,2024-06-11T14:01:13Z,2024-06-11T15:19:26Z,PT1H18M16S,2024-06-12T03:22:57Z
4E__jVlPkMM,Legislative Oversight Committee for the Education Improvement and Assessment Program (06/11/24),yes,Legislative Oversight Committee for the Education Improvement and Assessment Program,2024-06-11,title,yes,2024-06-11 09:58:51,2024-06-11T13:58:51Z,2024-06-11T15:46:20Z,PT1H47M37S,2024-06-12T03:51:54Z
JzkplxwOCIo,House Session (06/13/2024),yes,Session,2024-06-13,title,yes,2024-06-13 10:00:17,2024-06-13T14:00:17Z,2024-06-13T20:41:41Z,PT6H40M42S,2024-06-13T20:58:10Z
On2jjChyzwI,Governor's Capital Budget Hearing (06/18/2024),yes,Governor's Capital Budget Hearing,2024-06-18,title,yes,2024-06-18 08:58:43,2024-06-18T12:58:43Z,2024-06-18T18:52:00Z,PT5H53M26S,2024-06-18T19:06:22Z
c5k7K8OD7CA,Governor's Capital Budget Hearing (06/19/2024),yes,Governor's Capital Budget Hearing,2024-06-19,title,yes,2024-06-19 08:58:49,2024-06-19T12:58:49Z,2024-06-19T15:00:50Z,PT2H2M36S,2024-06-20T03:12:33Z
uKp1Ibg-MKc,Fiscal Committee (06/20/2024),yes,Fiscal Committee,2024-06-20,title,yes,2024-06-20 09:59:03,2024-06-20T13:59:03Z,2024-06-20T15:43:10Z,PT1H44M15S,2024-06-21T03:55:19Z
zRwK3Domnx0,Administrative Rules (06/21/24),yes,Administrative Rules,2024-06-21,title,yes,2024-06-21 08:58:17,2024-06-21T12:58:17Z,2024-06-21T14:15:17Z,PT1H17M11S,2024-06-22T03:12:10Z
HT8EvUyoZYA,"House Health, Human Services and Elderly Affairs (06/25/2024)",yes,"Health, Human Services and Elderly Affairs",2024-06-25,title,yes,2024-06-25 09:59:26,2024-06-25T13:59:26Z,2024-06-25T15:08:59Z,PT1H9M46S,2024-06-26T03:12:41Z
cjlKWwRNXxQ,"House Health, Human Services and Elderly Affairs (06/26/2024)",yes,"Health, Human Services and Elderly Affairs",2024-06-26,title,yes,2024-06-26 09:58:57,2024-06-26T13:58:57Z,2024-06-26T15:32:16Z,PT1H32M44S,2024-06-27T03:41:48Z
R2maFexOCGQ,Legislative Oversight Committee for the Education Improvement and Assessment Program (06/26/24),yes,Legislative Oversight Committee for the Education Improvement and Assessment Program,2024-06-26,title,yes,2024-06-26 12:59:08,2024-06-26T16:59:08Z,2024-06-26T18:50:11Z,PT1H51M15S,2024-06-27T06:56:55Z
s7GbeuHDrbk,Health and Human Services Oversight Committee (06/28/2024),yes,Health and Human Services Oversight Committee,2024-06-28,title,yes,2024-06-28 09:59:07,2024-06-28T13:59:07Z,2024-06-28T15:43:15Z,PT1H44M21S,2024-06-29T03:52:14Z
XqWa5bM-8eA,Fiscal Committee (07/10/2024),yes,Fiscal Committee,2024-07-10,title,yes,2024-07-10 09:59:23,2024-07-10T13:59:23Z,2024-07-10T14:40:27Z,PT41M15S,2024-07-11T02:45:01Z
oIznV15_Wn4,Administrative Rules (07/18/24),yes,Administrative Rules,2024-07-18,title,yes,2024-07-18 08:55:37,2024-07-18T12:55:37Z,2024-07-18T13:12:20Z,PT16M46S,2024-07-18T13:24:59Z
GaSNiCLhsAQ,Administrative Rules (08/15/24),yes,Administrative Rules,2024-08-15,title,yes,2024-08-15 08:57:27,2024-08-15T12:57:27Z,2024-08-15T13:44:47Z,PT47M31S,2024-08-16T01:48:49Z
Frb16G8a44M,Fiscal Committee (08/16/2024),yes,Fiscal Committee,2024-08-16,title,yes,2024-08-16 09:59:01,2024-08-16T13:59:01Z,2024-08-16T15:36:17Z,PT1H37M25S,2024-08-17T03:59:19Z
qKrpvPobdLc,Legislative Oversight Committee for the Education Improvement and Assessment Program (08/22/2024),yes,Legislative Oversight Committee for the Education Improvement and Assessment Program,2024-08-22,title,yes,2024-08-22 09:58:57,2024-08-22T13:58:57Z,2024-08-22T15:53:08Z,PT1H54M21S,2024-08-23T04:07:48Z
fJnqfUoR8_c,Legislative Performance Audit and Oversight Committee (08/27/2024),yes,Legislative Performance Audit and Oversight Committee,2024-08-27,title,yes,2024-08-27 09:58:42,2024-08-27T13:58:42Z,2024-08-27T14:49:11Z,PT50M41S,2024-08-28T02:56:23Z
LXRLqkEUOXM,House Children and Family Law (09/04/2024),yes,Children and Family Law,2024-09-04,title,yes,2024-09-04 10:29:13,2024-09-04T14:29:13Z,2024-09-04T15:34:09Z,PT1H4M51S,2024-09-05T03:39:03Z
Ty0iixw230A,House Environment and Agriculture (09/04/2024),yes,Environment and Agriculture,2024-09-04,title,yes,2024-09-04 09:59:01,2024-09-04T13:59:01Z,2024-09-04T16:18:20Z,PT2H19M30S,2024-09-05T04:29:39Z
fQShGyDK-Go,House Special Committee on COVID Response Efficacy (09/06/2024),yes,Special Committee on COVID Response Efficacy,2024-09-06,title,yes,2024-09-06 09:58:57,2024-09-06T13:58:57Z,2024-09-06T16:01:32Z,PT2H2M45S,2024-09-07T04:09:15Z
xiw3sqDik-k,House Commerce and Consumer Affairs (09/11/2024),yes,Commerce and Consumer Affairs,2024-09-11,title,yes,2024-09-11 09:59:02,2024-09-11T13:59:02Z,2024-09-11T15:24:30Z,PT1H25M41S,2024-09-12T03:29:17Z
gfq4fz6BCAY,"House Health, Human Services and Elderly Affairs (09/12/2024)",yes,"Health, Human Services and Elderly Affairs",2024-09-12,title,yes,2024-09-12 09:59:18,2024-09-12T13:59:18Z,2024-09-12T18:03:59Z,PT4H4M34S,2024-09-12T18:12:17Z
gOooOfv9IKA,House Commerce and Consumer Affairs (09/12/2024),yes,Commerce and Consumer Affairs,2024-09-12,title,yes,2024-09-12 09:59:07,2024-09-12T13:59:07Z,2024-09-12T14:39:56Z,PT41M1S,2024-09-13T05:38:36Z
nqU-z0Ky6Dk,Committee to Study the Impact of Pharmacy Benefit Manager Operations (09/12/2024),yes,Committee to Study the Impact of Pharmacy Benefit Manager Operations,2024-09-12,title,yes,2024-09-12 13:28:53,2024-09-12T17:28:53Z,2024-09-12T19:32:35Z,PT2H3M56S,2024-09-13T09:17:39Z
FzfhE8DgXrQ,Fiscal Committee (09/13/2024),yes,Fiscal Committee,2024-09-13,title,yes,2024-09-13 09:59:02,2024-09-13T13:59:02Z,2024-09-13T15:13:39Z,PT1H14M46S,2024-09-14T03:36:43Z
FxNTB8FiVVE,Commission to Study the Effect of Recent Changes Made to Charitable Gaming Laws (09/16/2024),yes,Commission to Study the Effect of Recent Changes Made to Charitable Gaming Laws,2024-09-16,title,yes,2024-09-16 09:58:27,2024-09-16T13:58:27Z,2024-09-16T16:01:30Z,PT2H3M16S,2024-09-17T04:09:33Z
-RHVKq3UwFg,Joint Committee on Dedicated Funds (09/16/2024),yes,Joint Committee on Dedicated Funds,2024-09-16,title,yes,2024-09-16 12:59:07,2024-09-16T16:59:07Z,2024-09-16T18:48:44Z,PT1H49M41S,2024-09-17T06:59:55Z
YouUQBGpR24,House Children and Family Law (09/17/2024),yes,Children and Family Law,2024-09-17,title,yes,2024-09-17 12:59:31,2024-09-17T16:59:31Z,2024-09-17T17:15:46Z,PT16M16S,2024-09-17T17:17:57Z
U5Qf1A2FFYA,House Ways and Means (09/17/2024),yes,Ways and Means,2024-09-17,title,yes,2024-09-17 09:58:38,2024-09-17T13:58:38Z,2024-09-17T15:16:13Z,PT1H17M41S,2024-09-18T03:22:21Z
NR2h9nj4aEc,House Special Committee on the Family Division of the Circuit Court (09/17/2024),yes,Special Committee on the Family Division of the Circuit Court,2024-09-17,title,yes,2024-09-17 09:59:02,2024-09-17T13:59:02Z,2024-09-17T15:33:52Z,PT1H35M1S,2024-09-18T03:38:53Z
ggpYvd266I8,Joint Committee on Tax Expenditure Review (09/17/2024),yes,Joint Committee on Tax Expenditure Review,2024-09-17,title,yes,2024-09-17 12:59:27,2024-09-17T16:59:27Z,2024-09-17T18:10:10Z,PT1H10M55S,2024-09-18T06:15:10Z
Tv5ffJqZrbk,New Hampshire State House Video Tour,NO,,,title,NO,,,,PT26M6S,2024-09-18T20:11:54Z
DGXZxBuScR4,Joint Committee on Dedicated Funds (09/18/2024),yes,Joint Committee on Dedicated Funds,2024-09-18,title,yes,2024-09-18 09:59:03,2024-09-18T13:59:03Z,2024-09-18T20:28:05Z,PT6H26M36S,2024-09-18T20:48:49Z
Bhaa6xKRRLA,House Judiciary (09/18/2024),yes,Judiciary,2024-09-18,title,yes,2024-09-18 09:59:07,2024-09-18T13:59:07Z,2024-09-18T15:56:02Z,PT1H57M6S,2024-09-19T04:01:53Z
kKVjJTysta4,House Special Committee on the Family Division of the Circuit Court (09/18/2024),yes,Special Committee on the Family Division of the Circuit Court,2024-09-18,title,yes,2024-09-18 13:59:07,2024-09-18T17:59:07Z,2024-09-18T18:31:39Z,PT32M45S,2024-09-19T06:37:32Z
yDMQsYB9dnc,JLCAR Administrative Rules (09/19/24),yes,JLCAR Administrative Rules,2024-09-19,title,yes,2024-09-19 08:57:21,2024-09-19T12:57:21Z,2024-09-19T15:20:13Z,PT2H22M51S,2024-09-20T03:33:32Z
UjkjB5ZGN9s,House Criminal Justice and Public Safety (09/19/2024),yes,Criminal Justice and Public Safety,2024-09-19,title,yes,2024-09-19 09:59:37,2024-09-19T13:59:37Z,2024-09-19T17:46:53Z,PT3H47M26S,2024-09-20T07:01:21Z
1HakiVs3eoE,House State-Federal Relations and Veterans Affairs (09/20/2024),yes,State-Federal Relations and Veterans Affairs,2024-09-20,title,yes,2024-09-20 10:59:03,2024-09-20T14:59:03Z,2024-09-20T15:22:02Z,PT23M10S,2024-09-21T03:23:56Z
vFiNNRR0kik,House Commerce and Consumer Affairs (09/24/2024),yes,Commerce and Consumer Affairs,2024-09-24,title,yes,2024-09-24 11:01:12,2024-09-24T15:01:12Z,2024-09-24T19:03:46Z,PT4H2M41S,2024-09-24T19:14:28Z
PzDhYCh_Pwk,House Environment and Agriculture (09/24/2024),yes,Environment and Agriculture,2024-09-24,title,yes,2024-09-24 09:59:06,2024-09-24T13:59:06Z,2024-09-24T15:00:51Z,PT1H1M56S,2024-09-25T03:10:13Z
CuD5ndbp8L8,House Children and Family Law (09/25/2024),yes,Children and Family Law,2024-09-25,title,yes,2024-09-25 09:59:08,2024-09-25T13:59:08Z,2024-09-25T15:03:36Z,PT1H4M35S,2024-09-26T03:08:36Z
keiAOv7BGe0,"House Resources, Recreation and Development (09/25/2024)",yes,"Resources, Recreation and Development",2024-09-25,title,yes,2024-09-25 09:59:08,2024-09-25T13:59:08Z,2024-09-25T15:48:59Z,PT1H49M49S,2024-09-26T04:04:32Z
HME4855CQwo,House Municipal and County Government (09/26/2024),yes,Municipal and County Government,2024-09-26,title,yes,2024-09-26 09:59:03,2024-09-26T13:59:03Z,2024-09-26T17:14:40Z,PT3H15M41S,2024-09-27T05:34:43Z
LrfPE7G7JWI,Health and Human Services Oversight Committee (09/27/2024),yes,Health and Human Services Oversight Committee,2024-09-27,title,yes,2024-09-27 09:59:38,2024-09-27T13:59:38Z,2024-09-27T15:27:09Z,PT1H27M41S,2024-09-28T03:43:18Z
lYhByFDKj-U,House Special Committee on COVID Response Efficacy (09/27/2024),yes,Special Committee on COVID Response Efficacy,2024-09-27,title,yes,2024-09-27 09:59:01,2024-09-27T13:59:01Z,2024-09-27T16:34:14Z,PT2H35M26S,2024-09-28T04:50:07Z
7xceGgZ8w5Y,Public Higher Education Study Committee (10/01/2024),yes,Public Higher Education Study Committee,2024-10-01,title,yes,2024-10-01 09:59:07,2024-10-01T13:59:07Z,2024-10-01T15:49:07Z,PT1H50M1S,2024-10-02T03:57:03Z
6lGJcEpiuuQ,House Commerce and Consumer Affairs (10/01/2024),yes,Commerce and Consumer Affairs,2024-10-01,title,yes,2024-10-01 14:29:18,2024-10-01T18:29:18Z,2024-10-01T19:39:17Z,PT1H10M11S,2024-10-02T07:44:21Z
knbQ7TSCkEw,Capital Project Overview Committee (10/02/2024),yes,Capital Project Overview Committee,2024-10-02,title,yes,2024-10-02 08:59:08,2024-10-02T12:59:08Z,2024-10-02T13:21:06Z,PT22M6S,2024-10-03T01:24:18Z
_U_af3291JQ,Long Range Capital Planning and Utilization Committee (10/02/2024),yes,Long Range Capital Planning and Utilization Committee,2024-10-02,title,yes,2024-10-02 09:29:07,2024-10-02T13:29:07Z,2024-10-02T14:05:57Z,PT37M1S,2024-10-03T02:08:59Z
IgvUMpAFX4g,Joint Committee on Dedicated Funds (10/02/2024),yes,Joint Committee on Dedicated Funds,2024-10-02,title,yes,2024-10-02 10:29:12,2024-10-02T14:29:12Z,2024-10-02T16:40:21Z,PT2H11M16S,2024-10-03T04:52:17Z
3j2irh-H9_c,House Special Committee on the Family Division of the Circuit Court (10/02/2024),yes,Special Committee on the Family Division of the Circuit Court,2024-10-02,title,yes,2024-10-02 09:59:33,2024-10-02T13:59:33Z,2024-10-02T15:48:04Z,PT1H48M41S,2024-10-03T05:23:38Z
pYR4uE29yQk,House Education (10/03/2024),yes,Education,2024-10-03,title,yes,2024-10-03 09:59:48,2024-10-03T13:59:48Z,2024-10-03T16:01:30Z,PT2H1M29S,2024-10-04T04:29:13Z
r7-g6K9TpnM,"House Science, Technology and Energy (10/07/2024)",yes,"Science, Technology and Energy",2024-10-07,title,yes,2024-10-07 10:59:03,2024-10-07T14:59:03Z,2024-10-07T17:40:49Z,PT2H41M56S,2024-10-08T06:42:28Z
lCWEEVC8uTo,House Special Committee on the Family Division of the Circuit Court (10/08/2024),yes,Special Committee on the Family Division of the Circuit Court,2024-10-08,title,yes,2024-10-08 09:59:07,2024-10-08T13:59:07Z,2024-10-08T14:50:47Z,PT51M51S,2024-10-09T04:10:43Z
7HayUwG1AB4,House Committee to Study the Impact of the Housing Crisis on People with Disabilities (10/08/2024),yes,Committee to Study the Impact of the Housing Crisis on People with Disabilities,2024-10-08,title,yes,2024-10-08 13:29:07,2024-10-08T17:29:07Z,2024-10-08T19:01:58Z,PT1H33M,2024-10-09T07:11:50Z
15aq6Ux-VO8,"House Health, Human Services and Elderly Affairs (10/09/2024)",yes,"Health, Human Services and Elderly Affairs",2024-10-09,title,yes,2024-10-09 09:28:51,2024-10-09T13:28:51Z,2024-10-09T18:12:07Z,PT4H43M15S,2024-10-09T18:25:29Z
rWAjdC8uiNY,House Legislative Administration (10/10/2024),yes,Legislative Administration,2024-10-10,title,yes,2024-10-10 12:14:47,2024-10-10T16:14:47Z,2024-10-10T16:31:17Z,PT16M41S,2024-10-10T16:33:46Z
XBz4WZpkOtA,JLCAR Administrative Rules (10/17/24),yes,JLCAR Administrative Rules,2024-10-17,title,yes,2024-10-10 12:59:26,2024-10-10T16:59:26Z,2024-10-10T17:02:45Z,PT3M16S,2024-10-10T17:04:26Z
xGUZ_3rcvZ4,House Session (10/10/2024),yes,Session,2024-10-10,title,yes,2024-10-10 09:58:16,2024-10-10T13:58:16Z,2024-10-10T16:03:29Z,PT2H4M56S,2024-10-11T04:12:46Z
CQK93mnxIWI,"House Science, Technology and Energy (10/10/2024)",yes,"Science, Technology and Energy",2024-10-10,title,yes,2024-10-10 12:14:53,2024-10-10T16:14:53Z,2024-10-10T16:46:35Z,PT31M40S,2024-10-11T04:49:42Z
yPVSe18y-fw,House Public Works and Highways (10/15/2024),yes,Public Works and Highways,2024-10-15,title,yes,2024-10-15 09:59:08,2024-10-15T13:59:08Z,2024-10-15T14:25:52Z,PT26M56S,2024-10-16T02:35:10Z
hDovEpf1Ti4,House Transportation (10/15/2024),yes,Transportation,2024-10-15,title,yes,2024-10-15 09:59:02,2024-10-15T13:59:02Z,2024-10-15T15:15:54Z,PT1H17M1S,2024-10-16T03:24:15Z
BiiKMa_5KIg,House Fish and Game and Marine Resources (10/15/2024),yes,Fish and Game and Marine Resources,2024-10-15,title,yes,2024-10-15 12:27:42,2024-10-15T16:27:42Z,2024-10-15T16:51:00Z,PT23M25S,2024-10-16T04:54:53Z
3ZlGbUhmgmw,House Environment and Agriculture (10/15/2024),yes,Environment and Agriculture,2024-10-15,title,yes,2024-10-15 12:42:47,2024-10-15T16:42:47Z,2024-10-15T17:48:54Z,PT1H6M15S,2024-10-16T05:55:57Z
MI-m6eMr0cI,House Committee to Study the Impact of the Housing Crisis on People with Disabilities (10/15/2024),yes,Committee to Study the Impact of the Housing Crisis on People with Disabilities,2024-10-15,title,yes,2024-10-15 13:27:36,2024-10-15T17:27:36Z,2024-10-15T19:35:43Z,PT2H8M15S,2024-10-16T07:50:50Z
-yL6Wk8ZuvQ,Joint Committee on Dedicated Funds (10/16/2024),yes,Joint Committee on Dedicated Funds,2024-10-16,title,yes,2024-10-16 13:58:12,2024-10-16T17:58:12Z,2024-10-16T19:56:11Z,PT1H58M5S,2024-10-17T08:22:51Z
klTQZA9xIyI,JLCAR Administrative Rules (10/17/24),yes,JLCAR Administrative Rules,2024-10-17,title,yes,2024-10-17 08:57:17,2024-10-17T12:57:17Z,2024-10-17T13:34:19Z,PT37M6S,2024-10-18T01:51:10Z
UU3_MNwBaaI,House Commerce and Consumer Affairs (10/17/2024),yes,Commerce and Consumer Affairs,2024-10-17,title,yes,2024-10-17 09:57:52,2024-10-17T13:57:52Z,2024-10-17T15:22:24Z,PT1H24M41S,2024-10-18T03:31:39Z
kjTDhXi_ywk,House Executive Departments and Administration (10/17/2024),yes,Executive Departments and Administration,2024-10-17,title,yes,2024-10-17 10:57:31,2024-10-17T14:57:31Z,2024-10-17T15:43:23Z,PT46M1S,2024-10-18T03:56:17Z
yRCR7oCVzQE,Legislative Oversight Committee for the Education Improvement and Assessment Program (10/17/2024),yes,Legislative Oversight Committee for the Education Improvement and Assessment Program,2024-10-17,title,yes,2024-10-17 09:58:58,2024-10-17T13:58:58Z,2024-10-17T15:54:07Z,PT1H55M21S,2024-10-18T04:06:53Z
m0TYBJRmkwc,House State-Federal Relations and Veterans Affairs (10/17/2024),yes,State-Federal Relations and Veterans Affairs,2024-10-17,title,yes,2024-10-17 09:05:37,2024-10-17T13:05:37Z,2024-10-17T16:05:55Z,PT3H31S,2024-10-18T04:20:37Z
mVgcPyIj6tI,"House Special Committee on the Division for Children, Youth and Families (DCYF) (10/17/2024)",yes,"Special Committee on the Division for Children, Youth and Families (DCYF)",2024-10-17,title,yes,2024-10-17 10:59:02,2024-10-17T14:59:02Z,2024-10-17T16:56:46Z,PT1H57M56S,2024-10-18T05:07:07Z
0pzH93MSGKo,House Special Committee on COVID Response Efficacy (10/18/2024),yes,Special Committee on COVID Response Efficacy,2024-10-18,title,yes,2024-10-18 08:59:07,2024-10-18T12:59:07Z,2024-10-18T15:18:19Z,PT2H19M26S,2024-10-19T03:42:53Z
cP4AHHVqXt0,Fiscal Committee (10/18/2024),yes,Fiscal Committee,2024-10-18,title,yes,2024-10-18 09:59:02,2024-10-18T13:59:02Z,2024-10-18T16:25:37Z,PT2H26M46S,2024-10-19T04:47:41Z
S_5jzogqwhU,Legislative Oversight Committee for the Education Improvement and Assessment Program (10/21/2024),yes,Legislative Oversight Committee for the Education Improvement and Assessment Program,2024-10-21,title,yes,2024-10-21 09:28:57,2024-10-21T13:28:57Z,2024-10-21T15:56:05Z,PT2H27M21S,2024-10-22T04:17:18Z
UPuLMnYzcD8,"House Labor, Industrial and Rehabilitative Services (10/22/2024)",yes,"Labor, Industrial and Rehabilitative Services",2024-10-22,title,yes,2024-10-22 09:59:01,2024-10-22T13:59:01Z,2024-10-22T14:36:45Z,PT37M51S,2024-10-23T02:40:14Z
9pCEd18GLUI,House Special Committee on the Family Division of the Circuit Court (10/22/2024),yes,Special Committee on the Family Division of the Circuit Court,2024-10-22,title,yes,2024-10-22 09:29:28,2024-10-22T13:29:28Z,2024-10-22T14:49:43Z,PT1H20M5S,2024-10-23T02:59:11Z
X4Uav40rnbI,House Children and Family Law (10/22/2024),yes,Children and Family Law,2024-10-22,title,yes,2024-10-22 10:54:32,2024-10-22T14:54:32Z,2024-10-22T15:59:27Z,PT1H5M5S,2024-10-23T04:39:19Z
MLUzNCw1LJ8,Joint Committee on Dedicated Funds (10/22/2024),yes,Joint Committee on Dedicated Funds,2024-10-22,title,yes,2024-10-22 10:59:02,2024-10-22T14:59:02Z,2024-10-22T16:25:34Z,PT1H26M41S,2024-10-23T04:46:25Z
rKbrHLXGN5g,Committee to Study the Housing Crisis on People with Disabilities (10/22/2024),yes,Committee to Study the Housing Crisis on People with Disabilities,2024-10-22,title,yes,2024-10-22 13:28:13,2024-10-22T17:28:13Z,2024-10-22T19:48:06Z,PT2H20M1S,2024-10-23T08:06:30Z
t9g4fjfo0t0,House Finance (10/23/2024),yes,Finance,2024-10-23,title,yes,2024-10-23 09:59:01,2024-10-23T13:59:01Z,2024-10-23T14:27:45Z,PT28M56S,2024-10-24T02:52:14Z
xMcZ9kKgC0k,House Special Committee on COVID Response Efficacy (10/25/2024),yes,Special Committee on COVID Response Efficacy,2024-10-25,title,yes,2024-10-25 09:59:12,2024-10-25T13:59:12Z,2024-10-25T19:31:58Z,PT5H32M56S,2024-10-25T19:47:28Z
n_CSTFNbHJA,Health and Human Services Oversight Committee (10/25/2024),yes,Health and Human Services Oversight Committee,2024-10-25,title,yes,2024-10-25 09:59:06,2024-10-25T13:59:06Z,2024-10-25T15:57:58Z,PT1H59M1S,2024-10-26T04:17:57Z
UkY_h0uWMtE,House Special Committee on the Family Division of the Circuit Court (10/29/2024),yes,Special Committee on the Family Division of the Circuit Court,2024-10-29,title,yes,2024-10-29 09:28:47,2024-10-29T13:28:47Z,2024-10-29T14:09:26Z,PT20M1S,2024-10-30T01:55:38Z
FKyTswndsSI,Legislative Oversight Committee for the Education Improvement and Assessment Program (10/29/2024),yes,Legislative Oversight Committee for the Education Improvement and Assessment Program,2024-10-29,title,yes,2024-10-29 08:59:13,2024-10-29T12:59:13Z,2024-10-29T15:33:11Z,PT2H34M3S,2024-10-30T03:51:40Z
_hbvA8pZ5nU,Committee to Study the Housing Crisis on People with Disabilities (10/29/2024),yes,Committee to Study the Housing Crisis on People with Disabilities,2024-10-29,title,yes,2024-10-29 13:29:02,2024-10-29T17:29:02Z,2024-10-29T19:05:04Z,PT1H36M,2024-10-30T07:37:34Z
l_x-lEClmmQ,House Special Committee on COVID Response Efficacy (11/01/2024),yes,Special Committee on COVID Response Efficacy,2024-11-01,title,yes,2024-11-01 09:59:07,2024-11-01T13:59:07Z,2024-11-01T15:40:22Z,PT1H41M26S,2024-11-02T04:11:02Z
-7YUPT8Ygz4,Governor's Operating Budget Hearing (11/12/2024),yes,Governor's Operating Budget Hearing,2024-11-12,title,yes,2024-11-12 08:58:21,2024-11-12T13:58:21Z,2024-11-12T21:03:48Z,PT7H5M23S,2024-11-12T21:24:26Z
REE33aKA8UM,Capital Project Overview Committee (11/12/2024),yes,Capital Project Overview Committee,2024-11-12,title,yes,2024-11-12 08:58:22,2024-11-12T13:58:22Z,2024-11-12T14:21:50Z,PT23M40S,2024-11-13T02:25:03Z
pqL6VE0ZaZw,Long Range Capital Planning and Utilization Committee (11/12/2024),yes,Long Range Capital Planning and Utilization Committee,2024-11-12,title,yes,2024-11-12 09:22:57,2024-11-12T14:22:57Z,2024-11-12T15:10:34Z,PT44M22S,2024-11-13T03:21:02Z
lZsQNPurSLE,House Special Committee on COVID Response Efficacy (11/13/2024),yes,Special Committee on COVID Response Efficacy,2024-11-13,title,yes,2024-11-13 08:59:22,2024-11-13T13:59:22Z,2024-11-13T17:22:28Z,PT3H23M11S,2024-11-14T05:46:26Z
zBp5ZNIUx8U,Governor's Operating Budget Hearing (11/13/2024),yes,Governor's Operating Budget Hearing,2024-11-13,title,yes,2024-11-13 12:59:01,2024-11-13T17:59:01Z,2024-11-13T21:22:33Z,PT3H23M41S,2024-11-14T11:47:40Z
yTdUcmh67Kw,Governor's Operating Budget Hearing (11/14/2024),yes,Governor's Operating Budget Hearing,2024-11-14,title,yes,2024-11-14 08:27:27,2024-11-14T13:27:27Z,2024-11-14T20:47:38Z,PT7H20M21S,2024-11-14T21:00:49Z
pIBr7RErw50,Fiscal Committee (11/15/2024),yes,Fiscal Committee,2024-11-15,title,yes,2024-11-15 09:59:06,2024-11-15T14:59:06Z,2024-11-15T15:46:21Z,PT47M26S,2024-11-16T04:05:34Z
DIh54IltP6g,JLCAR Administrative Rules (11/21/24),yes,JLCAR Administrative Rules,2024-11-21,title,yes,2024-11-21 08:58:41,2024-11-21T13:58:41Z,2024-11-21T17:49:58Z,PT3H50M49S,2024-11-22T06:52:12Z
1YhSeZ74EsU,Health and Human Services Oversight Committee (11/22/2024),yes,Health and Human Services Oversight Committee,2024-11-22,title,yes,2024-11-22 09:59:06,2024-11-22T14:59:06Z,2024-11-22T16:57:12Z,PT1H58M21S,2024-11-23T05:42:45Z
kuXAgcfz_h4,Legislative Performance Audit Oversight Committee (12/03/2024),yes,Legislative Performance Audit Oversight Committee,2024-12-03,title,yes,2024-12-03 13:29:06,2024-12-03T18:29:06Z,2024-12-03T19:22:45Z,PT53M51S,2024-12-04T07:34:35Z
G744U5Zw5Kk,House Session (12/04/2024),yes,Session,2024-12-04,title,yes,2024-12-04 09:58:06,2024-12-04T14:58:06Z,2024-12-04T18:47:33Z,PT3H49M21S,2024-12-04T19:46:35Z
_Tuxnwb1b7o,House Rules (12/17/2024),yes,Rules,2024-12-17,title,yes,2024-12-17 12:59:06,2024-12-17T17:59:06Z,2024-12-17T20:13:35Z,PT2H14M41S,2024-12-18T08:27:00Z
PWglFKkkrts,JLCAR Administrative Rules (12/19/24),yes,JLCAR Administrative Rules,2024-12-19,title,yes,2024-12-19 08:58:11,2024-12-19T13:58:11Z,2024-12-19T18:30:29Z,PT4H32M26S,2024-12-19T19:15:32Z
